$MeshFormat
2.2 0 8
$EndMeshFormat
$PhysicalNames
9
2 3 "xmin"
2 4 "xmax"
2 5 "ymin"
2 6 "ymax"
2 7 "zmin"
2 8 "zmax"
2 9 "inlet"
3 1 "Fracture"
3 2 "Matrix"
$EndPhysicalNames
$Nodes
7800
1 0 0 0
2 38.1 0 0
3 38.1 0.01999999999999957 0
4 0 0.01999999999999957 0
5 0 11.02 0
6 38.1 11.02 0
7 38.1 11.04 0
8 0 11.04 0
9 0 0 0.02
10 38.1 0 0.02
11 38.1 0.01999999999999957 0.02
12 0 0.01999999999999957 0.02
13 0 11.02 0.02
14 38.1 11.02 0.02
15 0 11.04 0.02
16 38.1 11.04 0.02
17 0 0 0.12
18 38.1 0 0.12
19 38.1 0.01999999999999957 0.12
20 0 0.01999999999999957 0.12
21 0 11.02 0.12
22 38.1 11.02 0.12
23 0 11.04 0.12
24 38.1 11.04 0.12
25 0 0 0.14
26 38.1 0 0.14
27 38.1 0.01999999999999957 0.14
28 0 0.01999999999999957 0.14
29 0 11.02 0.14
30 38.1 11.02 0.14
31 0 11.04 0.14
32 38.1 11.04 0.14
33 0.4948051948051955 0 0
34 0.9896103896103909 0 0
35 1.484415584415586 0 0
36 1.979220779220782 0 0
37 2.474025974025977 0 0
38 2.968831168831172 0 0
39 3.463636363636368 0 0
40 3.958441558441564 0 0
41 4.453246753246759 0 0
42 4.948051948051955 0 0
43 5.442857142857151 0 0
44 5.937662337662346 0 0
45 6.432467532467542 0 0
46 6.927272727272737 0 0
47 7.422077922077934 0 0
48 7.916883116883129 0 0
49 8.411688311688325 0 0
50 8.90649350649352 0 0
51 9.401298701298716 0 0
52 9.896103896103911 0 0
53 10.39090909090911 0 0
54 10.8857142857143 0 0
55 11.38051948051949 0 0
56 11.87532467532469 0 0
57 12.37012987012988 0 0
58 12.86493506493508 0 0
59 13.35974025974028 0 0
60 13.85454545454547 0 0
61 14.34935064935067 0 0
62 14.84415584415587 0 0
63 15.33896103896106 0 0
64 15.83376623376626 0 0
65 16.32857142857145 0 0
66 16.82337662337665 0 0
67 17.31818181818184 0 0
68 17.81298701298704 0 0
69 18.30779220779223 0 0
70 18.80259740259742 0 0
71 19.29740259740262 0 0
72 19.79220779220782 0 0
73 20.28701298701301 0 0
74 20.78181818181821 0 0
75 21.2766233766234 0 0
76 21.77142857142859 0 0
77 22.26623376623379 0 0
78 22.76103896103898 0 0
79 23.25584415584417 0 0
80 23.75064935064937 0 0
81 24.24545454545456 0 0
82 24.74025974025976 0 0
83 25.23506493506495 0 0
84 25.72987012987015 0 0
85 26.22467532467534 0 0
86 26.71948051948053 0 0
87 27.21428571428573 0 0
88 27.70909090909092 0 0
89 28.20389610389611 0 0
90 28.69870129870131 0 0
91 29.1935064935065 0 0
92 29.6883116883117 0 0
93 30.18311688311689 0 0
94 30.67792207792208 0 0
95 31.17272727272728 0 0
96 31.66753246753247 0 0
97 32.16233766233766 0 0
98 32.65714285714286 0 0
99 33.15194805194805 0 0
100 33.64675324675324 0 0
101 34.14155844155844 0 0
102 34.63636363636364 0 0
103 35.13116883116883 0 0
104 35.62597402597402 0 0
105 36.12077922077922 0 0
106 36.61558441558442 0 0
107 37.1103896103896 0 0
108 37.6051948051948 0 0
109 37.60519480519481 0.01999999999999957 0
110 37.11038961038961 0.01999999999999957 0
111 36.61558441558442 0.01999999999999957 0
112 36.12077922077922 0.01999999999999957 0
113 35.62597402597402 0.01999999999999957 0
114 35.13116883116883 0.01999999999999957 0
115 34.63636363636363 0.01999999999999957 0
116 34.14155844155844 0.01999999999999957 0
117 33.64675324675324 0.01999999999999957 0
118 33.15194805194805 0.01999999999999957 0
119 32.65714285714285 0.01999999999999957 0
120 32.16233766233766 0.01999999999999957 0
121 31.66753246753246 0.01999999999999957 0
122 31.17272727272726 0.01999999999999957 0
123 30.67792207792207 0.01999999999999957 0
124 30.18311688311687 0.01999999999999957 0
125 29.68831168831168 0.01999999999999957 0
126 29.19350649350648 0.01999999999999957 0
127 28.69870129870129 0.01999999999999957 0
128 28.20389610389609 0.01999999999999957 0
129 27.7090909090909 0.01999999999999957 0
130 27.2142857142857 0.01999999999999957 0
131 26.71948051948051 0.01999999999999957 0
132 26.22467532467531 0.01999999999999957 0
133 25.72987012987011 0.01999999999999957 0
134 25.23506493506492 0.01999999999999957 0
135 24.74025974025972 0.01999999999999957 0
136 24.24545454545453 0.01999999999999957 0
137 23.75064935064933 0.01999999999999957 0
138 23.25584415584414 0.01999999999999957 0
139 22.76103896103894 0.01999999999999957 0
140 22.26623376623375 0.01999999999999957 0
141 21.77142857142855 0.01999999999999957 0
142 21.27662337662336 0.01999999999999957 0
143 20.78181818181816 0.01999999999999957 0
144 20.28701298701296 0.01999999999999957 0
145 19.79220779220777 0.01999999999999957 0
146 19.29740259740258 0.01999999999999957 0
147 18.80259740259738 0.01999999999999957 0
148 18.30779220779219 0.01999999999999957 0
149 17.81298701298699 0.01999999999999957 0
150 17.3181818181818 0.01999999999999957 0
151 16.8233766233766 0.01999999999999957 0
152 16.32857142857141 0.01999999999999957 0
153 15.83376623376622 0.01999999999999957 0
154 15.33896103896102 0.01999999999999957 0
155 14.84415584415583 0.01999999999999957 0
156 14.34935064935063 0.01999999999999957 0
157 13.85454545454544 0.01999999999999957 0
158 13.35974025974025 0.01999999999999957 0
159 12.86493506493505 0.01999999999999957 0
160 12.37012987012985 0.01999999999999957 0
161 11.87532467532466 0.01999999999999957 0
162 11.38051948051947 0.01999999999999957 0
163 10.88571428571428 0.01999999999999957 0
164 10.39090909090908 0.01999999999999957 0
165 9.896103896103888 0.01999999999999957 0
166 9.401298701298696 0.01999999999999957 0
167 8.906493506493501 0.01999999999999957 0
168 8.411688311688305 0.01999999999999957 0
169 7.91688311688311 0.01999999999999957 0
170 7.422077922077918 0.01999999999999957 0
171 6.927272727272722 0.01999999999999957 0
172 6.43246753246753 0.01999999999999957 0
173 5.937662337662339 0.01999999999999957 0
174 5.442857142857143 0.01999999999999957 0
175 4.948051948051948 0.01999999999999957 0
176 4.453246753246759 0.01999999999999957 0
177 3.958441558441557 0.01999999999999957 0
178 3.463636363636361 0.01999999999999957 0
179 2.968831168831173 0.01999999999999957 0
180 2.474025974025977 0.01999999999999957 0
181 1.979220779220782 0.01999999999999957 0
182 1.484415584415586 0.01999999999999957 0
183 0.989610389610398 0.01999999999999957 0
184 0.4948051948052026 0.01999999999999957 0
185 38.1 0.5199999999999996 0
186 38.1 1.02 0
187 38.1 1.52 0
188 38.1 2.02 0
189 38.1 2.52 0
190 38.1 3.02 0
191 38.1 3.52 0
192 38.1 4.02 0
193 38.1 4.52 0
194 38.1 5.02 0
195 38.1 5.52 0
196 38.1 6.02 0
197 38.1 6.52 0
198 38.1 7.02 0
199 38.1 7.52 0
200 38.1 8.02 0
201 38.1 8.52 0
202 38.1 9.02 0
203 38.1 9.52 0
204 38.1 10.02 0
205 38.1 10.52 0
206 37.60519480519481 11.02 0
207 37.11038961038961 11.02 0
208 36.61558441558442 11.02 0
209 36.12077922077922 11.02 0
210 35.62597402597402 11.02 0
211 35.13116883116883 11.02 0
212 34.63636363636363 11.02 0
213 34.14155844155844 11.02 0
214 33.64675324675324 11.02 0
215 33.15194805194805 11.02 0
216 32.65714285714285 11.02 0
217 32.16233766233766 11.02 0
218 31.66753246753246 11.02 0
219 31.17272727272726 11.02 0
220 30.67792207792207 11.02 0
221 30.18311688311687 11.02 0
222 29.68831168831168 11.02 0
223 29.19350649350648 11.02 0
224 28.69870129870129 11.02 0
225 28.20389610389609 11.02 0
226 27.7090909090909 11.02 0
227 27.2142857142857 11.02 0
228 26.71948051948051 11.02 0
229 26.22467532467531 11.02 0
230 25.72987012987011 11.02 0
231 25.23506493506492 11.02 0
232 24.74025974025972 11.02 0
233 24.24545454545453 11.02 0
234 23.75064935064933 11.02 0
235 23.25584415584414 11.02 0
236 22.76103896103894 11.02 0
237 22.26623376623375 11.02 0
238 21.77142857142855 11.02 0
239 21.27662337662336 11.02 0
240 20.78181818181816 11.02 0
241 20.28701298701296 11.02 0
242 19.79220779220777 11.02 0
243 19.29740259740258 11.02 0
244 18.80259740259738 11.02 0
245 18.30779220779219 11.02 0
246 17.81298701298699 11.02 0
247 17.3181818181818 11.02 0
248 16.8233766233766 11.02 0
249 16.32857142857141 11.02 0
250 15.83376623376622 11.02 0
251 15.33896103896102 11.02 0
252 14.84415584415583 11.02 0
253 14.34935064935063 11.02 0
254 13.85454545454544 11.02 0
255 13.35974025974025 11.02 0
256 12.86493506493505 11.02 0
257 12.37012987012985 11.02 0
258 11.87532467532466 11.02 0
259 11.38051948051947 11.02 0
260 10.88571428571428 11.02 0
261 10.39090909090908 11.02 0
262 9.896103896103888 11.02 0
263 9.401298701298696 11.02 0
264 8.906493506493501 11.02 0
265 8.411688311688305 11.02 0
266 7.91688311688311 11.02 0
267 7.422077922077918 11.02 0
268 6.927272727272722 11.02 0
269 6.43246753246753 11.02 0
270 5.937662337662339 11.02 0
271 5.442857142857143 11.02 0
272 4.948051948051948 11.02 0
273 4.453246753246759 11.02 0
274 3.958441558441557 11.02 0
275 3.463636363636361 11.02 0
276 2.968831168831173 11.02 0
277 2.474025974025977 11.02 0
278 1.979220779220782 11.02 0
279 1.484415584415586 11.02 0
280 0.989610389610398 11.02 0
281 0.4948051948052026 11.02 0
282 0 10.52 0
283 0 10.02 0
284 0 9.52 0
285 0 9.02 0
286 0 8.52 0
287 0 8.02 0
288 0 7.52 0
289 0 7.02 0
290 0 6.52 0
291 0 6.02 0
292 0 5.52 0
293 0 5.02 0
294 0 4.52 0
295 0 4.02 0
296 0 3.519999999999999 0
297 0 3.02 0
298 0 2.52 0
299 0 2.02 0
300 0 1.52 0
301 0 1.02 0
302 0 0.5199999999999996 0
303 37.60519480519481 11.04 0
304 37.11038961038961 11.04 0
305 36.61558441558442 11.04 0
306 36.12077922077922 11.04 0
307 35.62597402597402 11.04 0
308 35.13116883116883 11.04 0
309 34.63636363636363 11.04 0
310 34.14155844155844 11.04 0
311 33.64675324675324 11.04 0
312 33.15194805194805 11.04 0
313 32.65714285714285 11.04 0
314 32.16233766233766 11.04 0
315 31.66753246753246 11.04 0
316 31.17272727272726 11.04 0
317 30.67792207792207 11.04 0
318 30.18311688311687 11.04 0
319 29.68831168831168 11.04 0
320 29.19350649350648 11.04 0
321 28.69870129870129 11.04 0
322 28.20389610389609 11.04 0
323 27.7090909090909 11.04 0
324 27.2142857142857 11.04 0
325 26.71948051948051 11.04 0
326 26.22467532467531 11.04 0
327 25.72987012987011 11.04 0
328 25.23506493506492 11.04 0
329 24.74025974025972 11.04 0
330 24.24545454545453 11.04 0
331 23.75064935064933 11.04 0
332 23.25584415584414 11.04 0
333 22.76103896103894 11.04 0
334 22.26623376623375 11.04 0
335 21.77142857142855 11.04 0
336 21.27662337662336 11.04 0
337 20.78181818181816 11.04 0
338 20.28701298701296 11.04 0
339 19.79220779220777 11.04 0
340 19.29740259740258 11.04 0
341 18.80259740259738 11.04 0
342 18.30779220779219 11.04 0
343 17.81298701298699 11.04 0
344 17.3181818181818 11.04 0
345 16.8233766233766 11.04 0
346 16.32857142857141 11.04 0
347 15.83376623376622 11.04 0
348 15.33896103896102 11.04 0
349 14.84415584415583 11.04 0
350 14.34935064935063 11.04 0
351 13.85454545454544 11.04 0
352 13.35974025974025 11.04 0
353 12.86493506493505 11.04 0
354 12.37012987012985 11.04 0
355 11.87532467532466 11.04 0
356 11.38051948051947 11.04 0
357 10.88571428571428 11.04 0
358 10.39090909090908 11.04 0
359 9.896103896103888 11.04 0
360 9.401298701298696 11.04 0
361 8.906493506493501 11.04 0
362 8.411688311688305 11.04 0
363 7.91688311688311 11.04 0
364 7.422077922077918 11.04 0
365 6.927272727272722 11.04 0
366 6.43246753246753 11.04 0
367 5.937662337662339 11.04 0
368 5.442857142857143 11.04 0
369 4.948051948051948 11.04 0
370 4.453246753246759 11.04 0
371 3.958441558441557 11.04 0
372 3.463636363636361 11.04 0
373 2.968831168831173 11.04 0
374 2.474025974025977 11.04 0
375 1.979220779220782 11.04 0
376 1.484415584415586 11.04 0
377 0.989610389610398 11.04 0
378 0.4948051948052026 11.04 0
379 0.4948051948051955 0 0.02
380 0.9896103896103909 0 0.02
381 1.484415584415586 0 0.02
382 1.979220779220782 0 0.02
383 2.474025974025977 0 0.02
384 2.968831168831172 0 0.02
385 3.463636363636368 0 0.02
386 3.958441558441564 0 0.02
387 4.453246753246759 0 0.02
388 4.948051948051955 0 0.02
389 5.442857142857151 0 0.02
390 5.937662337662346 0 0.02
391 6.432467532467542 0 0.02
392 6.927272727272737 0 0.02
393 7.422077922077934 0 0.02
394 7.916883116883129 0 0.02
395 8.411688311688325 0 0.02
396 8.90649350649352 0 0.02
397 9.401298701298716 0 0.02
398 9.896103896103911 0 0.02
399 10.39090909090911 0 0.02
400 10.8857142857143 0 0.02
401 11.38051948051949 0 0.02
402 11.87532467532469 0 0.02
403 12.37012987012988 0 0.02
404 12.86493506493508 0 0.02
405 13.35974025974028 0 0.02
406 13.85454545454547 0 0.02
407 14.34935064935067 0 0.02
408 14.84415584415587 0 0.02
409 15.33896103896106 0 0.02
410 15.83376623376626 0 0.02
411 16.32857142857145 0 0.02
412 16.82337662337665 0 0.02
413 17.31818181818184 0 0.02
414 17.81298701298704 0 0.02
415 18.30779220779223 0 0.02
416 18.80259740259742 0 0.02
417 19.29740259740262 0 0.02
418 19.79220779220782 0 0.02
419 20.28701298701301 0 0.02
420 20.78181818181821 0 0.02
421 21.2766233766234 0 0.02
422 21.77142857142859 0 0.02
423 22.26623376623379 0 0.02
424 22.76103896103898 0 0.02
425 23.25584415584417 0 0.02
426 23.75064935064937 0 0.02
427 24.24545454545456 0 0.02
428 24.74025974025976 0 0.02
429 25.23506493506495 0 0.02
430 25.72987012987015 0 0.02
431 26.22467532467534 0 0.02
432 26.71948051948053 0 0.02
433 27.21428571428573 0 0.02
434 27.70909090909092 0 0.02
435 28.20389610389611 0 0.02
436 28.69870129870131 0 0.02
437 29.1935064935065 0 0.02
438 29.6883116883117 0 0.02
439 30.18311688311689 0 0.02
440 30.67792207792208 0 0.02
441 31.17272727272728 0 0.02
442 31.66753246753247 0 0.02
443 32.16233766233766 0 0.02
444 32.65714285714286 0 0.02
445 33.15194805194805 0 0.02
446 33.64675324675324 0 0.02
447 34.14155844155844 0 0.02
448 34.63636363636364 0 0.02
449 35.13116883116883 0 0.02
450 35.62597402597402 0 0.02
451 36.12077922077922 0 0.02
452 36.61558441558442 0 0.02
453 37.1103896103896 0 0.02
454 37.6051948051948 0 0.02
455 37.60519480519481 0.01999999999999957 0.02
456 37.11038961038961 0.01999999999999957 0.02
457 36.61558441558442 0.01999999999999957 0.02
458 36.12077922077922 0.01999999999999957 0.02
459 35.62597402597402 0.01999999999999957 0.02
460 35.13116883116883 0.01999999999999957 0.02
461 34.63636363636363 0.01999999999999957 0.02
462 34.14155844155844 0.01999999999999957 0.02
463 33.64675324675324 0.01999999999999957 0.02
464 33.15194805194805 0.01999999999999957 0.02
465 32.65714285714285 0.01999999999999957 0.02
466 32.16233766233766 0.01999999999999957 0.02
467 31.66753246753246 0.01999999999999957 0.02
468 31.17272727272726 0.01999999999999957 0.02
469 30.67792207792207 0.01999999999999957 0.02
470 30.18311688311687 0.01999999999999957 0.02
471 29.68831168831168 0.01999999999999957 0.02
472 29.19350649350648 0.01999999999999957 0.02
473 28.69870129870129 0.01999999999999957 0.02
474 28.20389610389609 0.01999999999999957 0.02
475 27.7090909090909 0.01999999999999957 0.02
476 27.2142857142857 0.01999999999999957 0.02
477 26.71948051948051 0.01999999999999957 0.02
478 26.22467532467531 0.01999999999999957 0.02
479 25.72987012987011 0.01999999999999957 0.02
480 25.23506493506492 0.01999999999999957 0.02
481 24.74025974025972 0.01999999999999957 0.02
482 24.24545454545453 0.01999999999999957 0.02
483 23.75064935064933 0.01999999999999957 0.02
484 23.25584415584414 0.01999999999999957 0.02
485 22.76103896103894 0.01999999999999957 0.02
486 22.26623376623375 0.01999999999999957 0.02
487 21.77142857142855 0.01999999999999957 0.02
488 21.27662337662336 0.01999999999999957 0.02
489 20.78181818181816 0.01999999999999957 0.02
490 20.28701298701296 0.01999999999999957 0.02
491 19.79220779220777 0.01999999999999957 0.02
492 19.29740259740258 0.01999999999999957 0.02
493 18.80259740259738 0.01999999999999957 0.02
494 18.30779220779219 0.01999999999999957 0.02
495 17.81298701298699 0.01999999999999957 0.02
496 17.3181818181818 0.01999999999999957 0.02
497 16.8233766233766 0.01999999999999957 0.02
498 16.32857142857141 0.01999999999999957 0.02
499 15.83376623376622 0.01999999999999957 0.02
500 15.33896103896102 0.01999999999999957 0.02
501 14.84415584415583 0.01999999999999957 0.02
502 14.34935064935063 0.01999999999999957 0.02
503 13.85454545454544 0.01999999999999957 0.02
504 13.35974025974025 0.01999999999999957 0.02
505 12.86493506493505 0.01999999999999957 0.02
506 12.37012987012985 0.01999999999999957 0.02
507 11.87532467532466 0.01999999999999957 0.02
508 11.38051948051947 0.01999999999999957 0.02
509 10.88571428571428 0.01999999999999957 0.02
510 10.39090909090908 0.01999999999999957 0.02
511 9.896103896103888 0.01999999999999957 0.02
512 9.401298701298696 0.01999999999999957 0.02
513 8.906493506493501 0.01999999999999957 0.02
514 8.411688311688305 0.01999999999999957 0.02
515 7.91688311688311 0.01999999999999957 0.02
516 7.422077922077918 0.01999999999999957 0.02
517 6.927272727272722 0.01999999999999957 0.02
518 6.43246753246753 0.01999999999999957 0.02
519 5.937662337662339 0.01999999999999957 0.02
520 5.442857142857143 0.01999999999999957 0.02
521 4.948051948051948 0.01999999999999957 0.02
522 4.453246753246759 0.01999999999999957 0.02
523 3.958441558441557 0.01999999999999957 0.02
524 3.463636363636361 0.01999999999999957 0.02
525 2.968831168831173 0.01999999999999957 0.02
526 2.474025974025977 0.01999999999999957 0.02
527 1.979220779220782 0.01999999999999957 0.02
528 1.484415584415586 0.01999999999999957 0.02
529 0.989610389610398 0.01999999999999957 0.02
530 0.4948051948052026 0.01999999999999957 0.02
531 0 10.52 0.02
532 0 10.02 0.02
533 0 9.52 0.02
534 0 9.02 0.02
535 0 8.52 0.02
536 0 8.02 0.02
537 0 7.52 0.02
538 0 7.02 0.02
539 0 6.52 0.02
540 0 6.02 0.02
541 0 5.52 0.02
542 0 5.02 0.02
543 0 4.52 0.02
544 0 4.02 0.02
545 0 3.519999999999999 0.02
546 0 3.02 0.02
547 0 2.52 0.02
548 0 2.02 0.02
549 0 1.52 0.02
550 0 1.02 0.02
551 0 0.5199999999999996 0.02
552 38.1 0.5199999999999996 0.02
553 38.1 1.02 0.02
554 38.1 1.52 0.02
555 38.1 2.02 0.02
556 38.1 2.52 0.02
557 38.1 3.02 0.02
558 38.1 3.52 0.02
559 38.1 4.02 0.02
560 38.1 4.52 0.02
561 38.1 5.02 0.02
562 38.1 5.52 0.02
563 38.1 6.02 0.02
564 38.1 6.52 0.02
565 38.1 7.02 0.02
566 38.1 7.52 0.02
567 38.1 8.02 0.02
568 38.1 8.52 0.02
569 38.1 9.02 0.02
570 38.1 9.52 0.02
571 38.1 10.02 0.02
572 38.1 10.52 0.02
573 37.60519480519481 11.02 0.02
574 37.11038961038961 11.02 0.02
575 36.61558441558442 11.02 0.02
576 36.12077922077922 11.02 0.02
577 35.62597402597402 11.02 0.02
578 35.13116883116883 11.02 0.02
579 34.63636363636363 11.02 0.02
580 34.14155844155844 11.02 0.02
581 33.64675324675324 11.02 0.02
582 33.15194805194805 11.02 0.02
583 32.65714285714285 11.02 0.02
584 32.16233766233766 11.02 0.02
585 31.66753246753246 11.02 0.02
586 31.17272727272726 11.02 0.02
587 30.67792207792207 11.02 0.02
588 30.18311688311687 11.02 0.02
589 29.68831168831168 11.02 0.02
590 29.19350649350648 11.02 0.02
591 28.69870129870129 11.02 0.02
592 28.20389610389609 11.02 0.02
593 27.7090909090909 11.02 0.02
594 27.2142857142857 11.02 0.02
595 26.71948051948051 11.02 0.02
596 26.22467532467531 11.02 0.02
597 25.72987012987011 11.02 0.02
598 25.23506493506492 11.02 0.02
599 24.74025974025972 11.02 0.02
600 24.24545454545453 11.02 0.02
601 23.75064935064933 11.02 0.02
602 23.25584415584414 11.02 0.02
603 22.76103896103894 11.02 0.02
604 22.26623376623375 11.02 0.02
605 21.77142857142855 11.02 0.02
606 21.27662337662336 11.02 0.02
607 20.78181818181816 11.02 0.02
608 20.28701298701296 11.02 0.02
609 19.79220779220777 11.02 0.02
610 19.29740259740258 11.02 0.02
611 18.80259740259738 11.02 0.02
612 18.30779220779219 11.02 0.02
613 17.81298701298699 11.02 0.02
614 17.3181818181818 11.02 0.02
615 16.8233766233766 11.02 0.02
616 16.32857142857141 11.02 0.02
617 15.83376623376622 11.02 0.02
618 15.33896103896102 11.02 0.02
619 14.84415584415583 11.02 0.02
620 14.34935064935063 11.02 0.02
621 13.85454545454544 11.02 0.02
622 13.35974025974025 11.02 0.02
623 12.86493506493505 11.02 0.02
624 12.37012987012985 11.02 0.02
625 11.87532467532466 11.02 0.02
626 11.38051948051947 11.02 0.02
627 10.88571428571428 11.02 0.02
628 10.39090909090908 11.02 0.02
629 9.896103896103888 11.02 0.02
630 9.401298701298696 11.02 0.02
631 8.906493506493501 11.02 0.02
632 8.411688311688305 11.02 0.02
633 7.91688311688311 11.02 0.02
634 7.422077922077918 11.02 0.02
635 6.927272727272722 11.02 0.02
636 6.43246753246753 11.02 0.02
637 5.937662337662339 11.02 0.02
638 5.442857142857143 11.02 0.02
639 4.948051948051948 11.02 0.02
640 4.453246753246759 11.02 0.02
641 3.958441558441557 11.02 0.02
642 3.463636363636361 11.02 0.02
643 2.968831168831173 11.02 0.02
644 2.474025974025977 11.02 0.02
645 1.979220779220782 11.02 0.02
646 1.484415584415586 11.02 0.02
647 0.989610389610398 11.02 0.02
648 0.4948051948052026 11.02 0.02
649 37.60519480519481 11.04 0.02
650 37.11038961038961 11.04 0.02
651 36.61558441558442 11.04 0.02
652 36.12077922077922 11.04 0.02
653 35.62597402597402 11.04 0.02
654 35.13116883116883 11.04 0.02
655 34.63636363636363 11.04 0.02
656 34.14155844155844 11.04 0.02
657 33.64675324675324 11.04 0.02
658 33.15194805194805 11.04 0.02
659 32.65714285714285 11.04 0.02
660 32.16233766233766 11.04 0.02
661 31.66753246753246 11.04 0.02
662 31.17272727272726 11.04 0.02
663 30.67792207792207 11.04 0.02
664 30.18311688311687 11.04 0.02
665 29.68831168831168 11.04 0.02
666 29.19350649350648 11.04 0.02
667 28.69870129870129 11.04 0.02
668 28.20389610389609 11.04 0.02
669 27.7090909090909 11.04 0.02
670 27.2142857142857 11.04 0.02
671 26.71948051948051 11.04 0.02
672 26.22467532467531 11.04 0.02
673 25.72987012987011 11.04 0.02
674 25.23506493506492 11.04 0.02
675 24.74025974025972 11.04 0.02
676 24.24545454545453 11.04 0.02
677 23.75064935064933 11.04 0.02
678 23.25584415584414 11.04 0.02
679 22.76103896103894 11.04 0.02
680 22.26623376623375 11.04 0.02
681 21.77142857142855 11.04 0.02
682 21.27662337662336 11.04 0.02
683 20.78181818181816 11.04 0.02
684 20.28701298701296 11.04 0.02
685 19.79220779220777 11.04 0.02
686 19.29740259740258 11.04 0.02
687 18.80259740259738 11.04 0.02
688 18.30779220779219 11.04 0.02
689 17.81298701298699 11.04 0.02
690 17.3181818181818 11.04 0.02
691 16.8233766233766 11.04 0.02
692 16.32857142857141 11.04 0.02
693 15.83376623376622 11.04 0.02
694 15.33896103896102 11.04 0.02
695 14.84415584415583 11.04 0.02
696 14.34935064935063 11.04 0.02
697 13.85454545454544 11.04 0.02
698 13.35974025974025 11.04 0.02
699 12.86493506493505 11.04 0.02
700 12.37012987012985 11.04 0.02
701 11.87532467532466 11.04 0.02
702 11.38051948051947 11.04 0.02
703 10.88571428571428 11.04 0.02
704 10.39090909090908 11.04 0.02
705 9.896103896103888 11.04 0.02
706 9.401298701298696 11.04 0.02
707 8.906493506493501 11.04 0.02
708 8.411688311688305 11.04 0.02
709 7.91688311688311 11.04 0.02
710 7.422077922077918 11.04 0.02
711 6.927272727272722 11.04 0.02
712 6.43246753246753 11.04 0.02
713 5.937662337662339 11.04 0.02
714 5.442857142857143 11.04 0.02
715 4.948051948051948 11.04 0.02
716 4.453246753246759 11.04 0.02
717 3.958441558441557 11.04 0.02
718 3.463636363636361 11.04 0.02
719 2.968831168831173 11.04 0.02
720 2.474025974025977 11.04 0.02
721 1.979220779220782 11.04 0.02
722 1.484415584415586 11.04 0.02
723 0.989610389610398 11.04 0.02
724 0.4948051948052026 11.04 0.02
725 0.4948051948051955 0 0.12
726 0.9896103896103909 0 0.12
727 1.484415584415586 0 0.12
728 1.979220779220782 0 0.12
729 2.474025974025977 0 0.12
730 2.968831168831172 0 0.12
731 3.463636363636368 0 0.12
732 3.958441558441564 0 0.12
733 4.453246753246759 0 0.12
734 4.948051948051955 0 0.12
735 5.442857142857151 0 0.12
736 5.937662337662346 0 0.12
737 6.432467532467542 0 0.12
738 6.927272727272737 0 0.12
739 7.422077922077934 0 0.12
740 7.916883116883129 0 0.12
741 8.411688311688325 0 0.12
742 8.90649350649352 0 0.12
743 9.401298701298716 0 0.12
744 9.896103896103911 0 0.12
745 10.39090909090911 0 0.12
746 10.8857142857143 0 0.12
747 11.38051948051949 0 0.12
748 11.87532467532469 0 0.12
749 12.37012987012988 0 0.12
750 12.86493506493508 0 0.12
751 13.35974025974028 0 0.12
752 13.85454545454547 0 0.12
753 14.34935064935067 0 0.12
754 14.84415584415587 0 0.12
755 15.33896103896106 0 0.12
756 15.83376623376626 0 0.12
757 16.32857142857145 0 0.12
758 16.82337662337665 0 0.12
759 17.31818181818184 0 0.12
760 17.81298701298704 0 0.12
761 18.30779220779223 0 0.12
762 18.80259740259742 0 0.12
763 19.29740259740262 0 0.12
764 19.79220779220782 0 0.12
765 20.28701298701301 0 0.12
766 20.78181818181821 0 0.12
767 21.2766233766234 0 0.12
768 21.77142857142859 0 0.12
769 22.26623376623379 0 0.12
770 22.76103896103898 0 0.12
771 23.25584415584417 0 0.12
772 23.75064935064937 0 0.12
773 24.24545454545456 0 0.12
774 24.74025974025976 0 0.12
775 25.23506493506495 0 0.12
776 25.72987012987015 0 0.12
777 26.22467532467534 0 0.12
778 26.71948051948053 0 0.12
779 27.21428571428573 0 0.12
780 27.70909090909092 0 0.12
781 28.20389610389611 0 0.12
782 28.69870129870131 0 0.12
783 29.1935064935065 0 0.12
784 29.6883116883117 0 0.12
785 30.18311688311689 0 0.12
786 30.67792207792208 0 0.12
787 31.17272727272728 0 0.12
788 31.66753246753247 0 0.12
789 32.16233766233766 0 0.12
790 32.65714285714286 0 0.12
791 33.15194805194805 0 0.12
792 33.64675324675324 0 0.12
793 34.14155844155844 0 0.12
794 34.63636363636364 0 0.12
795 35.13116883116883 0 0.12
796 35.62597402597402 0 0.12
797 36.12077922077922 0 0.12
798 36.61558441558442 0 0.12
799 37.1103896103896 0 0.12
800 37.6051948051948 0 0.12
801 37.60519480519481 0.01999999999999957 0.12
802 37.11038961038961 0.01999999999999957 0.12
803 36.61558441558442 0.01999999999999957 0.12
804 36.12077922077922 0.01999999999999957 0.12
805 35.62597402597402 0.01999999999999957 0.12
806 35.13116883116883 0.01999999999999957 0.12
807 34.63636363636363 0.01999999999999957 0.12
808 34.14155844155844 0.01999999999999957 0.12
809 33.64675324675324 0.01999999999999957 0.12
810 33.15194805194805 0.01999999999999957 0.12
811 32.65714285714285 0.01999999999999957 0.12
812 32.16233766233766 0.01999999999999957 0.12
813 31.66753246753246 0.01999999999999957 0.12
814 31.17272727272726 0.01999999999999957 0.12
815 30.67792207792207 0.01999999999999957 0.12
816 30.18311688311687 0.01999999999999957 0.12
817 29.68831168831168 0.01999999999999957 0.12
818 29.19350649350648 0.01999999999999957 0.12
819 28.69870129870129 0.01999999999999957 0.12
820 28.20389610389609 0.01999999999999957 0.12
821 27.7090909090909 0.01999999999999957 0.12
822 27.2142857142857 0.01999999999999957 0.12
823 26.71948051948051 0.01999999999999957 0.12
824 26.22467532467531 0.01999999999999957 0.12
825 25.72987012987011 0.01999999999999957 0.12
826 25.23506493506492 0.01999999999999957 0.12
827 24.74025974025972 0.01999999999999957 0.12
828 24.24545454545453 0.01999999999999957 0.12
829 23.75064935064933 0.01999999999999957 0.12
830 23.25584415584414 0.01999999999999957 0.12
831 22.76103896103894 0.01999999999999957 0.12
832 22.26623376623375 0.01999999999999957 0.12
833 21.77142857142855 0.01999999999999957 0.12
834 21.27662337662336 0.01999999999999957 0.12
835 20.78181818181816 0.01999999999999957 0.12
836 20.28701298701296 0.01999999999999957 0.12
837 19.79220779220777 0.01999999999999957 0.12
838 19.29740259740258 0.01999999999999957 0.12
839 18.80259740259738 0.01999999999999957 0.12
840 18.30779220779219 0.01999999999999957 0.12
841 17.81298701298699 0.01999999999999957 0.12
842 17.3181818181818 0.01999999999999957 0.12
843 16.8233766233766 0.01999999999999957 0.12
844 16.32857142857141 0.01999999999999957 0.12
845 15.83376623376622 0.01999999999999957 0.12
846 15.33896103896102 0.01999999999999957 0.12
847 14.84415584415583 0.01999999999999957 0.12
848 14.34935064935063 0.01999999999999957 0.12
849 13.85454545454544 0.01999999999999957 0.12
850 13.35974025974025 0.01999999999999957 0.12
851 12.86493506493505 0.01999999999999957 0.12
852 12.37012987012985 0.01999999999999957 0.12
853 11.87532467532466 0.01999999999999957 0.12
854 11.38051948051947 0.01999999999999957 0.12
855 10.88571428571428 0.01999999999999957 0.12
856 10.39090909090908 0.01999999999999957 0.12
857 9.896103896103888 0.01999999999999957 0.12
858 9.401298701298696 0.01999999999999957 0.12
859 8.906493506493501 0.01999999999999957 0.12
860 8.411688311688305 0.01999999999999957 0.12
861 7.91688311688311 0.01999999999999957 0.12
862 7.422077922077918 0.01999999999999957 0.12
863 6.927272727272722 0.01999999999999957 0.12
864 6.43246753246753 0.01999999999999957 0.12
865 5.937662337662339 0.01999999999999957 0.12
866 5.442857142857143 0.01999999999999957 0.12
867 4.948051948051948 0.01999999999999957 0.12
868 4.453246753246759 0.01999999999999957 0.12
869 3.958441558441557 0.01999999999999957 0.12
870 3.463636363636361 0.01999999999999957 0.12
871 2.968831168831173 0.01999999999999957 0.12
872 2.474025974025977 0.01999999999999957 0.12
873 1.979220779220782 0.01999999999999957 0.12
874 1.484415584415586 0.01999999999999957 0.12
875 0.989610389610398 0.01999999999999957 0.12
876 0.4948051948052026 0.01999999999999957 0.12
877 0 10.52 0.12
878 0 10.02 0.12
879 0 9.52 0.12
880 0 9.02 0.12
881 0 8.52 0.12
882 0 8.02 0.12
883 0 7.52 0.12
884 0 7.02 0.12
885 0 6.52 0.12
886 0 6.02 0.12
887 0 5.52 0.12
888 0 5.02 0.12
889 0 4.52 0.12
890 0 4.02 0.12
891 0 3.519999999999999 0.12
892 0 3.02 0.12
893 0 2.52 0.12
894 0 2.02 0.12
895 0 1.52 0.12
896 0 1.02 0.12
897 0 0.5199999999999996 0.12
898 38.1 0.5199999999999996 0.12
899 38.1 1.02 0.12
900 38.1 1.52 0.12
901 38.1 2.02 0.12
902 38.1 2.52 0.12
903 38.1 3.02 0.12
904 38.1 3.52 0.12
905 38.1 4.02 0.12
906 38.1 4.52 0.12
907 38.1 5.02 0.12
908 38.1 5.52 0.12
909 38.1 6.02 0.12
910 38.1 6.52 0.12
911 38.1 7.02 0.12
912 38.1 7.52 0.12
913 38.1 8.02 0.12
914 38.1 8.52 0.12
915 38.1 9.02 0.12
916 38.1 9.52 0.12
917 38.1 10.02 0.12
918 38.1 10.52 0.12
919 37.60519480519481 11.02 0.12
920 37.11038961038961 11.02 0.12
921 36.61558441558442 11.02 0.12
922 36.12077922077922 11.02 0.12
923 35.62597402597402 11.02 0.12
924 35.13116883116883 11.02 0.12
925 34.63636363636363 11.02 0.12
926 34.14155844155844 11.02 0.12
927 33.64675324675324 11.02 0.12
928 33.15194805194805 11.02 0.12
929 32.65714285714285 11.02 0.12
930 32.16233766233766 11.02 0.12
931 31.66753246753246 11.02 0.12
932 31.17272727272726 11.02 0.12
933 30.67792207792207 11.02 0.12
934 30.18311688311687 11.02 0.12
935 29.68831168831168 11.02 0.12
936 29.19350649350648 11.02 0.12
937 28.69870129870129 11.02 0.12
938 28.20389610389609 11.02 0.12
939 27.7090909090909 11.02 0.12
940 27.2142857142857 11.02 0.12
941 26.71948051948051 11.02 0.12
942 26.22467532467531 11.02 0.12
943 25.72987012987011 11.02 0.12
944 25.23506493506492 11.02 0.12
945 24.74025974025972 11.02 0.12
946 24.24545454545453 11.02 0.12
947 23.75064935064933 11.02 0.12
948 23.25584415584414 11.02 0.12
949 22.76103896103894 11.02 0.12
950 22.26623376623375 11.02 0.12
951 21.77142857142855 11.02 0.12
952 21.27662337662336 11.02 0.12
953 20.78181818181816 11.02 0.12
954 20.28701298701296 11.02 0.12
955 19.79220779220777 11.02 0.12
956 19.29740259740258 11.02 0.12
957 18.80259740259738 11.02 0.12
958 18.30779220779219 11.02 0.12
959 17.81298701298699 11.02 0.12
960 17.3181818181818 11.02 0.12
961 16.8233766233766 11.02 0.12
962 16.32857142857141 11.02 0.12
963 15.83376623376622 11.02 0.12
964 15.33896103896102 11.02 0.12
965 14.84415584415583 11.02 0.12
966 14.34935064935063 11.02 0.12
967 13.85454545454544 11.02 0.12
968 13.35974025974025 11.02 0.12
969 12.86493506493505 11.02 0.12
970 12.37012987012985 11.02 0.12
971 11.87532467532466 11.02 0.12
972 11.38051948051947 11.02 0.12
973 10.88571428571428 11.02 0.12
974 10.39090909090908 11.02 0.12
975 9.896103896103888 11.02 0.12
976 9.401298701298696 11.02 0.12
977 8.906493506493501 11.02 0.12
978 8.411688311688305 11.02 0.12
979 7.91688311688311 11.02 0.12
980 7.422077922077918 11.02 0.12
981 6.927272727272722 11.02 0.12
982 6.43246753246753 11.02 0.12
983 5.937662337662339 11.02 0.12
984 5.442857142857143 11.02 0.12
985 4.948051948051948 11.02 0.12
986 4.453246753246759 11.02 0.12
987 3.958441558441557 11.02 0.12
988 3.463636363636361 11.02 0.12
989 2.968831168831173 11.02 0.12
990 2.474025974025977 11.02 0.12
991 1.979220779220782 11.02 0.12
992 1.484415584415586 11.02 0.12
993 0.989610389610398 11.02 0.12
994 0.4948051948052026 11.02 0.12
995 37.60519480519481 11.04 0.12
996 37.11038961038961 11.04 0.12
997 36.61558441558442 11.04 0.12
998 36.12077922077922 11.04 0.12
999 35.62597402597402 11.04 0.12
1000 35.13116883116883 11.04 0.12
1001 34.63636363636363 11.04 0.12
1002 34.14155844155844 11.04 0.12
1003 33.64675324675324 11.04 0.12
1004 33.15194805194805 11.04 0.12
1005 32.65714285714285 11.04 0.12
1006 32.16233766233766 11.04 0.12
1007 31.66753246753246 11.04 0.12
1008 31.17272727272726 11.04 0.12
1009 30.67792207792207 11.04 0.12
1010 30.18311688311687 11.04 0.12
1011 29.68831168831168 11.04 0.12
1012 29.19350649350648 11.04 0.12
1013 28.69870129870129 11.04 0.12
1014 28.20389610389609 11.04 0.12
1015 27.7090909090909 11.04 0.12
1016 27.2142857142857 11.04 0.12
1017 26.71948051948051 11.04 0.12
1018 26.22467532467531 11.04 0.12
1019 25.72987012987011 11.04 0.12
1020 25.23506493506492 11.04 0.12
1021 24.74025974025972 11.04 0.12
1022 24.24545454545453 11.04 0.12
1023 23.75064935064933 11.04 0.12
1024 23.25584415584414 11.04 0.12
1025 22.76103896103894 11.04 0.12
1026 22.26623376623375 11.04 0.12
1027 21.77142857142855 11.04 0.12
1028 21.27662337662336 11.04 0.12
1029 20.78181818181816 11.04 0.12
1030 20.28701298701296 11.04 0.12
1031 19.79220779220777 11.04 0.12
1032 19.29740259740258 11.04 0.12
1033 18.80259740259738 11.04 0.12
1034 18.30779220779219 11.04 0.12
1035 17.81298701298699 11.04 0.12
1036 17.3181818181818 11.04 0.12
1037 16.8233766233766 11.04 0.12
1038 16.32857142857141 11.04 0.12
1039 15.83376623376622 11.04 0.12
1040 15.33896103896102 11.04 0.12
1041 14.84415584415583 11.04 0.12
1042 14.34935064935063 11.04 0.12
1043 13.85454545454544 11.04 0.12
1044 13.35974025974025 11.04 0.12
1045 12.86493506493505 11.04 0.12
1046 12.37012987012985 11.04 0.12
1047 11.87532467532466 11.04 0.12
1048 11.38051948051947 11.04 0.12
1049 10.88571428571428 11.04 0.12
1050 10.39090909090908 11.04 0.12
1051 9.896103896103888 11.04 0.12
1052 9.401298701298696 11.04 0.12
1053 8.906493506493501 11.04 0.12
1054 8.411688311688305 11.04 0.12
1055 7.91688311688311 11.04 0.12
1056 7.422077922077918 11.04 0.12
1057 6.927272727272722 11.04 0.12
1058 6.43246753246753 11.04 0.12
1059 5.937662337662339 11.04 0.12
1060 5.442857142857143 11.04 0.12
1061 4.948051948051948 11.04 0.12
1062 4.453246753246759 11.04 0.12
1063 3.958441558441557 11.04 0.12
1064 3.463636363636361 11.04 0.12
1065 2.968831168831173 11.04 0.12
1066 2.474025974025977 11.04 0.12
1067 1.979220779220782 11.04 0.12
1068 1.484415584415586 11.04 0.12
1069 0.989610389610398 11.04 0.12
1070 0.4948051948052026 11.04 0.12
1071 0.4948051948051955 0 0.14
1072 0.9896103896103909 0 0.14
1073 1.484415584415586 0 0.14
1074 1.979220779220782 0 0.14
1075 2.474025974025977 0 0.14
1076 2.968831168831172 0 0.14
1077 3.463636363636368 0 0.14
1078 3.958441558441564 0 0.14
1079 4.453246753246759 0 0.14
1080 4.948051948051955 0 0.14
1081 5.442857142857151 0 0.14
1082 5.937662337662346 0 0.14
1083 6.432467532467542 0 0.14
1084 6.927272727272737 0 0.14
1085 7.422077922077934 0 0.14
1086 7.916883116883129 0 0.14
1087 8.411688311688325 0 0.14
1088 8.90649350649352 0 0.14
1089 9.401298701298716 0 0.14
1090 9.896103896103911 0 0.14
1091 10.39090909090911 0 0.14
1092 10.8857142857143 0 0.14
1093 11.38051948051949 0 0.14
1094 11.87532467532469 0 0.14
1095 12.37012987012988 0 0.14
1096 12.86493506493508 0 0.14
1097 13.35974025974028 0 0.14
1098 13.85454545454547 0 0.14
1099 14.34935064935067 0 0.14
1100 14.84415584415587 0 0.14
1101 15.33896103896106 0 0.14
1102 15.83376623376626 0 0.14
1103 16.32857142857145 0 0.14
1104 16.82337662337665 0 0.14
1105 17.31818181818184 0 0.14
1106 17.81298701298704 0 0.14
1107 18.30779220779223 0 0.14
1108 18.80259740259742 0 0.14
1109 19.29740259740262 0 0.14
1110 19.79220779220782 0 0.14
1111 20.28701298701301 0 0.14
1112 20.78181818181821 0 0.14
1113 21.2766233766234 0 0.14
1114 21.77142857142859 0 0.14
1115 22.26623376623379 0 0.14
1116 22.76103896103898 0 0.14
1117 23.25584415584417 0 0.14
1118 23.75064935064937 0 0.14
1119 24.24545454545456 0 0.14
1120 24.74025974025976 0 0.14
1121 25.23506493506495 0 0.14
1122 25.72987012987015 0 0.14
1123 26.22467532467534 0 0.14
1124 26.71948051948053 0 0.14
1125 27.21428571428573 0 0.14
1126 27.70909090909092 0 0.14
1127 28.20389610389611 0 0.14
1128 28.69870129870131 0 0.14
1129 29.1935064935065 0 0.14
1130 29.6883116883117 0 0.14
1131 30.18311688311689 0 0.14
1132 30.67792207792208 0 0.14
1133 31.17272727272728 0 0.14
1134 31.66753246753247 0 0.14
1135 32.16233766233766 0 0.14
1136 32.65714285714286 0 0.14
1137 33.15194805194805 0 0.14
1138 33.64675324675324 0 0.14
1139 34.14155844155844 0 0.14
1140 34.63636363636364 0 0.14
1141 35.13116883116883 0 0.14
1142 35.62597402597402 0 0.14
1143 36.12077922077922 0 0.14
1144 36.61558441558442 0 0.14
1145 37.1103896103896 0 0.14
1146 37.6051948051948 0 0.14
1147 37.60519480519481 0.01999999999999957 0.14
1148 37.11038961038961 0.01999999999999957 0.14
1149 36.61558441558442 0.01999999999999957 0.14
1150 36.12077922077922 0.01999999999999957 0.14
1151 35.62597402597402 0.01999999999999957 0.14
1152 35.13116883116883 0.01999999999999957 0.14
1153 34.63636363636363 0.01999999999999957 0.14
1154 34.14155844155844 0.01999999999999957 0.14
1155 33.64675324675324 0.01999999999999957 0.14
1156 33.15194805194805 0.01999999999999957 0.14
1157 32.65714285714285 0.01999999999999957 0.14
1158 32.16233766233766 0.01999999999999957 0.14
1159 31.66753246753246 0.01999999999999957 0.14
1160 31.17272727272726 0.01999999999999957 0.14
1161 30.67792207792207 0.01999999999999957 0.14
1162 30.18311688311687 0.01999999999999957 0.14
1163 29.68831168831168 0.01999999999999957 0.14
1164 29.19350649350648 0.01999999999999957 0.14
1165 28.69870129870129 0.01999999999999957 0.14
1166 28.20389610389609 0.01999999999999957 0.14
1167 27.7090909090909 0.01999999999999957 0.14
1168 27.2142857142857 0.01999999999999957 0.14
1169 26.71948051948051 0.01999999999999957 0.14
1170 26.22467532467531 0.01999999999999957 0.14
1171 25.72987012987011 0.01999999999999957 0.14
1172 25.23506493506492 0.01999999999999957 0.14
1173 24.74025974025972 0.01999999999999957 0.14
1174 24.24545454545453 0.01999999999999957 0.14
1175 23.75064935064933 0.01999999999999957 0.14
1176 23.25584415584414 0.01999999999999957 0.14
1177 22.76103896103894 0.01999999999999957 0.14
1178 22.26623376623375 0.01999999999999957 0.14
1179 21.77142857142855 0.01999999999999957 0.14
1180 21.27662337662336 0.01999999999999957 0.14
1181 20.78181818181816 0.01999999999999957 0.14
1182 20.28701298701296 0.01999999999999957 0.14
1183 19.79220779220777 0.01999999999999957 0.14
1184 19.29740259740258 0.01999999999999957 0.14
1185 18.80259740259738 0.01999999999999957 0.14
1186 18.30779220779219 0.01999999999999957 0.14
1187 17.81298701298699 0.01999999999999957 0.14
1188 17.3181818181818 0.01999999999999957 0.14
1189 16.8233766233766 0.01999999999999957 0.14
1190 16.32857142857141 0.01999999999999957 0.14
1191 15.83376623376622 0.01999999999999957 0.14
1192 15.33896103896102 0.01999999999999957 0.14
1193 14.84415584415583 0.01999999999999957 0.14
1194 14.34935064935063 0.01999999999999957 0.14
1195 13.85454545454544 0.01999999999999957 0.14
1196 13.35974025974025 0.01999999999999957 0.14
1197 12.86493506493505 0.01999999999999957 0.14
1198 12.37012987012985 0.01999999999999957 0.14
1199 11.87532467532466 0.01999999999999957 0.14
1200 11.38051948051947 0.01999999999999957 0.14
1201 10.88571428571428 0.01999999999999957 0.14
1202 10.39090909090908 0.01999999999999957 0.14
1203 9.896103896103888 0.01999999999999957 0.14
1204 9.401298701298696 0.01999999999999957 0.14
1205 8.906493506493501 0.01999999999999957 0.14
1206 8.411688311688305 0.01999999999999957 0.14
1207 7.91688311688311 0.01999999999999957 0.14
1208 7.422077922077918 0.01999999999999957 0.14
1209 6.927272727272722 0.01999999999999957 0.14
1210 6.43246753246753 0.01999999999999957 0.14
1211 5.937662337662339 0.01999999999999957 0.14
1212 5.442857142857143 0.01999999999999957 0.14
1213 4.948051948051948 0.01999999999999957 0.14
1214 4.453246753246759 0.01999999999999957 0.14
1215 3.958441558441557 0.01999999999999957 0.14
1216 3.463636363636361 0.01999999999999957 0.14
1217 2.968831168831173 0.01999999999999957 0.14
1218 2.474025974025977 0.01999999999999957 0.14
1219 1.979220779220782 0.01999999999999957 0.14
1220 1.484415584415586 0.01999999999999957 0.14
1221 0.989610389610398 0.01999999999999957 0.14
1222 0.4948051948052026 0.01999999999999957 0.14
1223 0 10.52 0.14
1224 0 10.02 0.14
1225 0 9.52 0.14
1226 0 9.02 0.14
1227 0 8.52 0.14
1228 0 8.02 0.14
1229 0 7.52 0.14
1230 0 7.02 0.14
1231 0 6.52 0.14
1232 0 6.02 0.14
1233 0 5.52 0.14
1234 0 5.02 0.14
1235 0 4.52 0.14
1236 0 4.02 0.14
1237 0 3.519999999999999 0.14
1238 0 3.02 0.14
1239 0 2.52 0.14
1240 0 2.02 0.14
1241 0 1.52 0.14
1242 0 1.02 0.14
1243 0 0.5199999999999996 0.14
1244 38.1 0.5199999999999996 0.14
1245 38.1 1.02 0.14
1246 38.1 1.52 0.14
1247 38.1 2.02 0.14
1248 38.1 2.52 0.14
1249 38.1 3.02 0.14
1250 38.1 3.52 0.14
1251 38.1 4.02 0.14
1252 38.1 4.52 0.14
1253 38.1 5.02 0.14
1254 38.1 5.52 0.14
1255 38.1 6.02 0.14
1256 38.1 6.52 0.14
1257 38.1 7.02 0.14
1258 38.1 7.52 0.14
1259 38.1 8.02 0.14
1260 38.1 8.52 0.14
1261 38.1 9.02 0.14
1262 38.1 9.52 0.14
1263 38.1 10.02 0.14
1264 38.1 10.52 0.14
1265 37.60519480519481 11.02 0.14
1266 37.11038961038961 11.02 0.14
1267 36.61558441558442 11.02 0.14
1268 36.12077922077922 11.02 0.14
1269 35.62597402597402 11.02 0.14
1270 35.13116883116883 11.02 0.14
1271 34.63636363636363 11.02 0.14
1272 34.14155844155844 11.02 0.14
1273 33.64675324675324 11.02 0.14
1274 33.15194805194805 11.02 0.14
1275 32.65714285714285 11.02 0.14
1276 32.16233766233766 11.02 0.14
1277 31.66753246753246 11.02 0.14
1278 31.17272727272726 11.02 0.14
1279 30.67792207792207 11.02 0.14
1280 30.18311688311687 11.02 0.14
1281 29.68831168831168 11.02 0.14
1282 29.19350649350648 11.02 0.14
1283 28.69870129870129 11.02 0.14
1284 28.20389610389609 11.02 0.14
1285 27.7090909090909 11.02 0.14
1286 27.2142857142857 11.02 0.14
1287 26.71948051948051 11.02 0.14
1288 26.22467532467531 11.02 0.14
1289 25.72987012987011 11.02 0.14
1290 25.23506493506492 11.02 0.14
1291 24.74025974025972 11.02 0.14
1292 24.24545454545453 11.02 0.14
1293 23.75064935064933 11.02 0.14
1294 23.25584415584414 11.02 0.14
1295 22.76103896103894 11.02 0.14
1296 22.26623376623375 11.02 0.14
1297 21.77142857142855 11.02 0.14
1298 21.27662337662336 11.02 0.14
1299 20.78181818181816 11.02 0.14
1300 20.28701298701296 11.02 0.14
1301 19.79220779220777 11.02 0.14
1302 19.29740259740258 11.02 0.14
1303 18.80259740259738 11.02 0.14
1304 18.30779220779219 11.02 0.14
1305 17.81298701298699 11.02 0.14
1306 17.3181818181818 11.02 0.14
1307 16.8233766233766 11.02 0.14
1308 16.32857142857141 11.02 0.14
1309 15.83376623376622 11.02 0.14
1310 15.33896103896102 11.02 0.14
1311 14.84415584415583 11.02 0.14
1312 14.34935064935063 11.02 0.14
1313 13.85454545454544 11.02 0.14
1314 13.35974025974025 11.02 0.14
1315 12.86493506493505 11.02 0.14
1316 12.37012987012985 11.02 0.14
1317 11.87532467532466 11.02 0.14
1318 11.38051948051947 11.02 0.14
1319 10.88571428571428 11.02 0.14
1320 10.39090909090908 11.02 0.14
1321 9.896103896103888 11.02 0.14
1322 9.401298701298696 11.02 0.14
1323 8.906493506493501 11.02 0.14
1324 8.411688311688305 11.02 0.14
1325 7.91688311688311 11.02 0.14
1326 7.422077922077918 11.02 0.14
1327 6.927272727272722 11.02 0.14
1328 6.43246753246753 11.02 0.14
1329 5.937662337662339 11.02 0.14
1330 5.442857142857143 11.02 0.14
1331 4.948051948051948 11.02 0.14
1332 4.453246753246759 11.02 0.14
1333 3.958441558441557 11.02 0.14
1334 3.463636363636361 11.02 0.14
1335 2.968831168831173 11.02 0.14
1336 2.474025974025977 11.02 0.14
1337 1.979220779220782 11.02 0.14
1338 1.484415584415586 11.02 0.14
1339 0.989610389610398 11.02 0.14
1340 0.4948051948052026 11.02 0.14
1341 37.60519480519481 11.04 0.14
1342 37.11038961038961 11.04 0.14
1343 36.61558441558442 11.04 0.14
1344 36.12077922077922 11.04 0.14
1345 35.62597402597402 11.04 0.14
1346 35.13116883116883 11.04 0.14
1347 34.63636363636363 11.04 0.14
1348 34.14155844155844 11.04 0.14
1349 33.64675324675324 11.04 0.14
1350 33.15194805194805 11.04 0.14
1351 32.65714285714285 11.04 0.14
1352 32.16233766233766 11.04 0.14
1353 31.66753246753246 11.04 0.14
1354 31.17272727272726 11.04 0.14
1355 30.67792207792207 11.04 0.14
1356 30.18311688311687 11.04 0.14
1357 29.68831168831168 11.04 0.14
1358 29.19350649350648 11.04 0.14
1359 28.69870129870129 11.04 0.14
1360 28.20389610389609 11.04 0.14
1361 27.7090909090909 11.04 0.14
1362 27.2142857142857 11.04 0.14
1363 26.71948051948051 11.04 0.14
1364 26.22467532467531 11.04 0.14
1365 25.72987012987011 11.04 0.14
1366 25.23506493506492 11.04 0.14
1367 24.74025974025972 11.04 0.14
1368 24.24545454545453 11.04 0.14
1369 23.75064935064933 11.04 0.14
1370 23.25584415584414 11.04 0.14
1371 22.76103896103894 11.04 0.14
1372 22.26623376623375 11.04 0.14
1373 21.77142857142855 11.04 0.14
1374 21.27662337662336 11.04 0.14
1375 20.78181818181816 11.04 0.14
1376 20.28701298701296 11.04 0.14
1377 19.79220779220777 11.04 0.14
1378 19.29740259740258 11.04 0.14
1379 18.80259740259738 11.04 0.14
1380 18.30779220779219 11.04 0.14
1381 17.81298701298699 11.04 0.14
1382 17.3181818181818 11.04 0.14
1383 16.8233766233766 11.04 0.14
1384 16.32857142857141 11.04 0.14
1385 15.83376623376622 11.04 0.14
1386 15.33896103896102 11.04 0.14
1387 14.84415584415583 11.04 0.14
1388 14.34935064935063 11.04 0.14
1389 13.85454545454544 11.04 0.14
1390 13.35974025974025 11.04 0.14
1391 12.86493506493505 11.04 0.14
1392 12.37012987012985 11.04 0.14
1393 11.87532467532466 11.04 0.14
1394 11.38051948051947 11.04 0.14
1395 10.88571428571428 11.04 0.14
1396 10.39090909090908 11.04 0.14
1397 9.896103896103888 11.04 0.14
1398 9.401298701298696 11.04 0.14
1399 8.906493506493501 11.04 0.14
1400 8.411688311688305 11.04 0.14
1401 7.91688311688311 11.04 0.14
1402 7.422077922077918 11.04 0.14
1403 6.927272727272722 11.04 0.14
1404 6.43246753246753 11.04 0.14
1405 5.937662337662339 11.04 0.14
1406 5.442857142857143 11.04 0.14
1407 4.948051948051948 11.04 0.14
1408 4.453246753246759 11.04 0.14
1409 3.958441558441557 11.04 0.14
1410 3.463636363636361 11.04 0.14
1411 2.968831168831173 11.04 0.14
1412 2.474025974025977 11.04 0.14
1413 1.979220779220782 11.04 0.14
1414 1.484415584415586 11.04 0.14
1415 0.989610389610398 11.04 0.14
1416 0.4948051948052026 11.04 0.14
1417 0.494805194805199 10.52 0
1418 0.9896103896103909 10.52 0
1419 1.484415584415586 10.52 0
1420 1.979220779220782 10.52 0
1421 2.474025974025977 10.52 0
1422 2.968831168831173 10.52 0
1423 3.463636363636363 10.52 0
1424 3.958441558441555 10.52 0
1425 4.453246753246759 10.52 0
1426 4.948051948051948 10.52 0
1427 5.44285714285714 10.52 0
1428 5.937662337662339 10.52 0
1429 6.432467532467532 10.52 0
1430 6.927272727272722 10.52 0
1431 7.422077922077918 10.52 0
1432 7.916883116883106 10.52 0
1433 8.411688311688305 10.52 0
1434 8.906493506493499 10.52 0
1435 9.401298701298696 10.52 0
1436 9.896103896103888 10.52 0
1437 10.39090909090908 10.52 0
1438 10.88571428571428 10.52 0
1439 11.38051948051947 10.52 0
1440 11.87532467532466 10.52 0
1441 12.37012987012985 10.52 0
1442 12.86493506493505 10.52 0
1443 13.35974025974025 10.52 0
1444 13.85454545454544 10.52 0
1445 14.34935064935063 10.52 0
1446 14.84415584415583 10.52 0
1447 15.33896103896102 10.52 0
1448 15.83376623376622 10.52 0
1449 16.32857142857141 10.52 0
1450 16.8233766233766 10.52 0
1451 17.31818181818179 10.52 0
1452 17.81298701298699 10.52 0
1453 18.30779220779219 10.52 0
1454 18.80259740259738 10.52 0
1455 19.29740259740258 10.52 0
1456 19.79220779220777 10.52 0
1457 20.28701298701296 10.52 0
1458 20.78181818181816 10.52 0
1459 21.27662337662336 10.52 0
1460 21.77142857142855 10.52 0
1461 22.26623376623375 10.52 0
1462 22.76103896103894 10.52 0
1463 23.25584415584414 10.52 0
1464 23.75064935064933 10.52 0
1465 24.24545454545452 10.52 0
1466 24.74025974025972 10.52 0
1467 25.23506493506492 10.52 0
1468 25.72987012987011 10.52 0
1469 26.22467532467531 10.52 0
1470 26.71948051948051 10.52 0
1471 27.2142857142857 10.52 0
1472 27.7090909090909 10.52 0
1473 28.20389610389609 10.52 0
1474 28.69870129870129 10.52 0
1475 29.19350649350648 10.52 0
1476 29.68831168831168 10.52 0
1477 30.18311688311687 10.52 0
1478 30.67792207792207 10.52 0
1479 31.17272727272726 10.52 0
1480 31.66753246753246 10.52 0
1481 32.16233766233765 10.52 0
1482 32.65714285714285 10.52 0
1483 33.15194805194805 10.52 0
1484 33.64675324675324 10.52 0
1485 34.14155844155844 10.52 0
1486 34.63636363636363 10.52 0
1487 35.13116883116883 10.52 0
1488 35.62597402597402 10.52 0
1489 36.12077922077921 10.52 0
1490 36.61558441558441 10.52 0
1491 37.1103896103896 10.52 0
1492 37.60519480519481 10.52 0
1493 0.4948051948051919 10.02 0
1494 0.9896103896104052 10.02 0
1495 1.484415584415586 10.02 0
1496 1.979220779220785 10.02 0
1497 2.474025974025974 10.02 0
1498 2.968831168831173 10.02 0
1499 3.463636363636365 10.02 0
1500 3.958441558441562 10.02 0
1501 4.453246753246757 10.02 0
1502 4.948051948051948 10.02 0
1503 5.442857142857143 10.02 0
1504 5.937662337662342 10.02 0
1505 6.43246753246753 10.02 0
1506 6.927272727272721 10.02 0
1507 7.42207792207792 10.02 0
1508 7.916883116883106 10.02 0
1509 8.411688311688303 10.02 0
1510 8.906493506493501 10.02 0
1511 9.401298701298696 10.02 0
1512 9.896103896103886 10.02 0
1513 10.39090909090909 10.02 0
1514 10.88571428571428 10.02 0
1515 11.38051948051947 10.02 0
1516 11.87532467532466 10.02 0
1517 12.37012987012986 10.02 0
1518 12.86493506493505 10.02 0
1519 13.35974025974025 10.02 0
1520 13.85454545454544 10.02 0
1521 14.34935064935063 10.02 0
1522 14.84415584415583 10.02 0
1523 15.33896103896102 10.02 0
1524 15.83376623376622 10.02 0
1525 16.32857142857141 10.02 0
1526 16.8233766233766 10.02 0
1527 17.3181818181818 10.02 0
1528 17.81298701298699 10.02 0
1529 18.30779220779218 10.02 0
1530 18.80259740259738 10.02 0
1531 19.29740259740258 10.02 0
1532 19.79220779220777 10.02 0
1533 20.28701298701296 10.02 0
1534 20.78181818181816 10.02 0
1535 21.27662337662336 10.02 0
1536 21.77142857142855 10.02 0
1537 22.26623376623375 10.02 0
1538 22.76103896103894 10.02 0
1539 23.25584415584413 10.02 0
1540 23.75064935064933 10.02 0
1541 24.24545454545453 10.02 0
1542 24.74025974025972 10.02 0
1543 25.23506493506492 10.02 0
1544 25.72987012987011 10.02 0
1545 26.22467532467531 10.02 0
1546 26.71948051948051 10.02 0
1547 27.2142857142857 10.02 0
1548 27.7090909090909 10.02 0
1549 28.20389610389609 10.02 0
1550 28.69870129870129 10.02 0
1551 29.19350649350648 10.02 0
1552 29.68831168831168 10.02 0
1553 30.18311688311687 10.02 0
1554 30.67792207792207 10.02 0
1555 31.17272727272726 10.02 0
1556 31.66753246753246 10.02 0
1557 32.16233766233766 10.02 0
1558 32.65714285714285 10.02 0
1559 33.15194805194805 10.02 0
1560 33.64675324675324 10.02 0
1561 34.14155844155844 10.02 0
1562 34.63636363636363 10.02 0
1563 35.13116883116883 10.02 0
1564 35.62597402597403 10.02 0
1565 36.12077922077921 10.02 0
1566 36.61558441558442 10.02 0
1567 37.11038961038961 10.02 0
1568 37.60519480519481 10.02 0
1569 0.4948051948051955 9.52 0
1570 0.9896103896103909 9.52 0
1571 1.484415584415586 9.52 0
1572 1.979220779220785 9.52 0
1573 2.474025974025977 9.52 0
1574 2.968831168831173 9.52 0
1575 3.463636363636365 9.52 0
1576 3.95844155844156 9.52 0
1577 4.453246753246761 9.52 0
1578 4.948051948051946 9.52 0
1579 5.442857142857143 9.52 0
1580 5.937662337662339 9.52 0
1581 6.43246753246753 9.52 0
1582 6.927272727272724 9.52 0
1583 7.422077922077918 9.52 0
1584 7.916883116883106 9.52 0
1585 8.411688311688302 9.52 0
1586 8.906493506493501 9.52 0
1587 9.401298701298694 9.52 0
1588 9.896103896103888 9.52 0
1589 10.39090909090908 9.52 0
1590 10.88571428571428 9.52 0
1591 11.38051948051947 9.52 0
1592 11.87532467532466 9.52 0
1593 12.37012987012986 9.52 0
1594 12.86493506493505 9.52 0
1595 13.35974025974025 9.52 0
1596 13.85454545454544 9.52 0
1597 14.34935064935063 9.52 0
1598 14.84415584415583 9.52 0
1599 15.33896103896102 9.52 0
1600 15.83376623376622 9.52 0
1601 16.32857142857141 9.52 0
1602 16.8233766233766 9.52 0
1603 17.3181818181818 9.52 0
1604 17.81298701298699 9.52 0
1605 18.30779220779219 9.52 0
1606 18.80259740259738 9.52 0
1607 19.29740259740258 9.52 0
1608 19.79220779220777 9.52 0
1609 20.28701298701296 9.52 0
1610 20.78181818181816 9.52 0
1611 21.27662337662336 9.52 0
1612 21.77142857142855 9.52 0
1613 22.26623376623375 9.52 0
1614 22.76103896103894 9.52 0
1615 23.25584415584414 9.52 0
1616 23.75064935064933 9.52 0
1617 24.24545454545453 9.52 0
1618 24.74025974025972 9.52 0
1619 25.23506493506492 9.52 0
1620 25.72987012987011 9.52 0
1621 26.22467532467531 9.52 0
1622 26.71948051948051 9.52 0
1623 27.2142857142857 9.52 0
1624 27.7090909090909 9.52 0
1625 28.20389610389609 9.52 0
1626 28.69870129870129 9.52 0
1627 29.19350649350648 9.52 0
1628 29.68831168831168 9.52 0
1629 30.18311688311687 9.52 0
1630 30.67792207792207 9.52 0
1631 31.17272727272727 9.52 0
1632 31.66753246753246 9.52 0
1633 32.16233766233766 9.52 0
1634 32.65714285714285 9.52 0
1635 33.15194805194805 9.52 0
1636 33.64675324675324 9.52 0
1637 34.14155844155844 9.52 0
1638 34.63636363636363 9.52 0
1639 35.13116883116883 9.52 0
1640 35.62597402597403 9.52 0
1641 36.12077922077921 9.52 0
1642 36.61558441558441 9.52 0
1643 37.1103896103896 9.52 0
1644 37.60519480519481 9.52 0
1645 0.4948051948051955 9.02 0
1646 0.9896103896103909 9.02 0
1647 1.484415584415586 9.02 0
1648 1.979220779220782 9.02 0
1649 2.474025974025974 9.02 0
1650 2.968831168831173 9.020000000000001 0
1651 3.463636363636367 9.02 0
1652 3.95844155844156 9.02 0
1653 4.453246753246761 9.02 0
1654 4.948051948051949 9.02 0
1655 5.442857142857147 9.02 0
1656 5.937662337662339 9.02 0
1657 6.43246753246753 9.02 0
1658 6.927272727272722 9.02 0
1659 7.422077922077918 9.02 0
1660 7.916883116883106 9.02 0
1661 8.411688311688303 9.020000000000001 0
1662 8.906493506493501 9.02 0
1663 9.401298701298696 9.02 0
1664 9.896103896103888 9.02 0
1665 10.39090909090908 9.02 0
1666 10.88571428571428 9.020000000000001 0
1667 11.38051948051947 9.02 0
1668 11.87532467532466 9.02 0
1669 12.37012987012985 9.02 0
1670 12.86493506493505 9.02 0
1671 13.35974025974025 9.02 0
1672 13.85454545454544 9.02 0
1673 14.34935064935063 9.02 0
1674 14.84415584415583 9.02 0
1675 15.33896103896102 9.02 0
1676 15.83376623376622 9.02 0
1677 16.32857142857141 9.02 0
1678 16.8233766233766 9.02 0
1679 17.31818181818179 9.02 0
1680 17.81298701298699 9.02 0
1681 18.30779220779219 9.02 0
1682 18.80259740259738 9.02 0
1683 19.29740259740258 9.02 0
1684 19.79220779220777 9.02 0
1685 20.28701298701296 9.02 0
1686 20.78181818181816 9.02 0
1687 21.27662337662336 9.02 0
1688 21.77142857142855 9.02 0
1689 22.26623376623375 9.02 0
1690 22.76103896103894 9.02 0
1691 23.25584415584414 9.02 0
1692 23.75064935064933 9.02 0
1693 24.24545454545453 9.02 0
1694 24.74025974025972 9.02 0
1695 25.23506493506492 9.02 0
1696 25.72987012987012 9.02 0
1697 26.22467532467531 9.02 0
1698 26.71948051948051 9.02 0
1699 27.2142857142857 9.02 0
1700 27.7090909090909 9.02 0
1701 28.20389610389609 9.02 0
1702 28.69870129870129 9.02 0
1703 29.19350649350648 9.02 0
1704 29.68831168831168 9.02 0
1705 30.18311688311688 9.02 0
1706 30.67792207792207 9.02 0
1707 31.17272727272726 9.02 0
1708 31.66753246753246 9.02 0
1709 32.16233766233765 9.02 0
1710 32.65714285714285 9.02 0
1711 33.15194805194805 9.02 0
1712 33.64675324675324 9.02 0
1713 34.14155844155844 9.02 0
1714 34.63636363636363 9.02 0
1715 35.13116883116884 9.02 0
1716 35.62597402597403 9.02 0
1717 36.12077922077922 9.02 0
1718 36.61558441558442 9.02 0
1719 37.11038961038961 9.02 0
1720 37.6051948051948 9.02 0
1721 0.4948051948051955 8.52 0
1722 0.9896103896103909 8.52 0
1723 1.484415584415586 8.52 0
1724 1.979220779220782 8.52 0
1725 2.474025974025974 8.52 0
1726 2.968831168831173 8.52 0
1727 3.463636363636361 8.52 0
1728 3.958441558441562 8.52 0
1729 4.453246753246759 8.52 0
1730 4.948051948051949 8.52 0
1731 5.442857142857143 8.52 0
1732 5.937662337662339 8.52 0
1733 6.432467532467529 8.52 0
1734 6.927272727272722 8.52 0
1735 7.422077922077918 8.52 0
1736 7.916883116883106 8.52 0
1737 8.411688311688303 8.52 0
1738 8.906493506493501 8.52 0
1739 9.401298701298694 8.52 0
1740 9.896103896103888 8.52 0
1741 10.39090909090908 8.52 0
1742 10.88571428571428 8.52 0
1743 11.38051948051947 8.52 0
1744 11.87532467532466 8.52 0
1745 12.37012987012985 8.52 0
1746 12.86493506493505 8.52 0
1747 13.35974025974025 8.52 0
1748 13.85454545454544 8.52 0
1749 14.34935064935063 8.52 0
1750 14.84415584415583 8.52 0
1751 15.33896103896102 8.52 0
1752 15.83376623376622 8.52 0
1753 16.32857142857141 8.52 0
1754 16.8233766233766 8.52 0
1755 17.3181818181818 8.52 0
1756 17.81298701298699 8.52 0
1757 18.30779220779219 8.52 0
1758 18.80259740259738 8.52 0
1759 19.29740259740258 8.52 0
1760 19.79220779220777 8.52 0
1761 20.28701298701296 8.52 0
1762 20.78181818181816 8.52 0
1763 21.27662337662336 8.52 0
1764 21.77142857142855 8.52 0
1765 22.26623376623375 8.52 0
1766 22.76103896103894 8.52 0
1767 23.25584415584413 8.52 0
1768 23.75064935064933 8.52 0
1769 24.24545454545453 8.52 0
1770 24.74025974025972 8.52 0
1771 25.23506493506492 8.52 0
1772 25.72987012987011 8.52 0
1773 26.22467532467531 8.52 0
1774 26.71948051948051 8.52 0
1775 27.2142857142857 8.52 0
1776 27.7090909090909 8.52 0
1777 28.20389610389609 8.52 0
1778 28.69870129870129 8.52 0
1779 29.19350649350648 8.52 0
1780 29.68831168831168 8.52 0
1781 30.18311688311687 8.52 0
1782 30.67792207792207 8.52 0
1783 31.17272727272726 8.52 0
1784 31.66753246753246 8.52 0
1785 32.16233766233766 8.52 0
1786 32.65714285714285 8.52 0
1787 33.15194805194805 8.52 0
1788 33.64675324675324 8.52 0
1789 34.14155844155844 8.52 0
1790 34.63636363636363 8.52 0
1791 35.13116883116884 8.52 0
1792 35.62597402597403 8.52 0
1793 36.12077922077921 8.52 0
1794 36.61558441558442 8.52 0
1795 37.11038961038961 8.52 0
1796 37.60519480519481 8.52 0
1797 0.4948051948051955 8.019999999999998 0
1798 0.9896103896103909 8.02 0
1799 1.48441558441559 8.02 0
1800 1.979220779220785 8.02 0
1801 2.474025974025977 8.02 0
1802 2.968831168831173 8.02 0
1803 3.463636363636363 8.02 0
1804 3.95844155844156 8.02 0
1805 4.453246753246759 8.02 0
1806 4.948051948051944 8.02 0
1807 5.442857142857143 8.02 0
1808 5.937662337662339 8.02 0
1809 6.432467532467532 8.02 0
1810 6.927272727272722 8.02 0
1811 7.422077922077921 8.02 0
1812 7.916883116883104 8.02 0
1813 8.411688311688303 8.02 0
1814 8.906493506493501 8.02 0
1815 9.401298701298698 8.02 0
1816 9.896103896103888 8.02 0
1817 10.39090909090909 8.02 0
1818 10.88571428571428 8.02 0
1819 11.38051948051947 8.02 0
1820 11.87532467532466 8.02 0
1821 12.37012987012985 8.02 0
1822 12.86493506493505 8.02 0
1823 13.35974025974025 8.02 0
1824 13.85454545454544 8.02 0
1825 14.34935064935063 8.02 0
1826 14.84415584415583 8.02 0
1827 15.33896103896102 8.02 0
1828 15.83376623376622 8.02 0
1829 16.32857142857141 8.02 0
1830 16.8233766233766 8.02 0
1831 17.3181818181818 8.02 0
1832 17.81298701298699 8.02 0
1833 18.30779220779219 8.02 0
1834 18.80259740259738 8.02 0
1835 19.29740259740258 8.02 0
1836 19.79220779220777 8.02 0
1837 20.28701298701296 8.02 0
1838 20.78181818181816 8.02 0
1839 21.27662337662336 8.02 0
1840 21.77142857142855 8.02 0
1841 22.26623376623375 8.02 0
1842 22.76103896103894 8.02 0
1843 23.25584415584414 8.02 0
1844 23.75064935064933 8.02 0
1845 24.24545454545453 8.02 0
1846 24.74025974025972 8.02 0
1847 25.23506493506492 8.02 0
1848 25.72987012987012 8.02 0
1849 26.22467532467531 8.02 0
1850 26.71948051948051 8.02 0
1851 27.2142857142857 8.02 0
1852 27.7090909090909 8.02 0
1853 28.20389610389609 8.02 0
1854 28.69870129870129 8.02 0
1855 29.19350649350648 8.02 0
1856 29.68831168831168 8.02 0
1857 30.18311688311687 8.02 0
1858 30.67792207792207 8.02 0
1859 31.17272727272726 8.02 0
1860 31.66753246753246 8.02 0
1861 32.16233766233766 8.02 0
1862 32.65714285714285 8.02 0
1863 33.15194805194805 8.02 0
1864 33.64675324675324 8.02 0
1865 34.14155844155844 8.02 0
1866 34.63636363636363 8.02 0
1867 35.13116883116883 8.02 0
1868 35.62597402597403 8.02 0
1869 36.12077922077921 8.02 0
1870 36.61558441558441 8.02 0
1871 37.11038961038961 8.02 0
1872 37.6051948051948 8.02 0
1873 0.4948051948051955 7.52 0
1874 0.9896103896103909 7.52 0
1875 1.484415584415586 7.52 0
1876 1.979220779220785 7.52 0
1877 2.474025974025977 7.52 0
1878 2.968831168831173 7.52 0
1879 3.463636363636365 7.52 0
1880 3.958441558441558 7.52 0
1881 4.453246753246757 7.52 0
1882 4.948051948051944 7.52 0
1883 5.442857142857143 7.52 0
1884 5.937662337662339 7.52 0
1885 6.432467532467527 7.52 0
1886 6.927272727272726 7.52 0
1887 7.422077922077918 7.52 0
1888 7.916883116883104 7.52 0
1889 8.411688311688305 7.52 0
1890 8.906493506493502 7.52 0
1891 9.401298701298698 7.52 0
1892 9.89610389610389 7.52 0
1893 10.39090909090908 7.52 0
1894 10.88571428571428 7.52 0
1895 11.38051948051947 7.52 0
1896 11.87532467532466 7.52 0
1897 12.37012987012985 7.520000000000001 0
1898 12.86493506493505 7.52 0
1899 13.35974025974025 7.52 0
1900 13.85454545454544 7.52 0
1901 14.34935064935063 7.52 0
1902 14.84415584415583 7.52 0
1903 15.33896103896102 7.52 0
1904 15.83376623376622 7.52 0
1905 16.32857142857141 7.52 0
1906 16.8233766233766 7.52 0
1907 17.3181818181818 7.520000000000001 0
1908 17.81298701298699 7.52 0
1909 18.30779220779219 7.52 0
1910 18.80259740259738 7.52 0
1911 19.29740259740258 7.52 0
1912 19.79220779220777 7.52 0
1913 20.28701298701296 7.520000000000001 0
1914 20.78181818181816 7.52 0
1915 21.27662337662336 7.520000000000001 0
1916 21.77142857142855 7.52 0
1917 22.26623376623375 7.52 0
1918 22.76103896103894 7.52 0
1919 23.25584415584413 7.52 0
1920 23.75064935064933 7.52 0
1921 24.24545454545453 7.52 0
1922 24.74025974025972 7.520000000000001 0
1923 25.23506493506492 7.52 0
1924 25.72987012987012 7.52 0
1925 26.22467532467531 7.520000000000001 0
1926 26.71948051948051 7.52 0
1927 27.2142857142857 7.52 0
1928 27.7090909090909 7.52 0
1929 28.20389610389609 7.520000000000001 0
1930 28.69870129870129 7.520000000000001 0
1931 29.19350649350648 7.52 0
1932 29.68831168831168 7.52 0
1933 30.18311688311687 7.520000000000001 0
1934 30.67792207792207 7.52 0
1935 31.17272727272727 7.520000000000001 0
1936 31.66753246753246 7.52 0
1937 32.16233766233766 7.52 0
1938 32.65714285714284 7.520000000000001 0
1939 33.15194805194805 7.52 0
1940 33.64675324675324 7.520000000000001 0
1941 34.14155844155844 7.52 0
1942 34.63636363636363 7.520000000000001 0
1943 35.13116883116884 7.520000000000001 0
1944 35.62597402597403 7.52 0
1945 36.12077922077921 7.52 0
1946 36.61558441558442 7.520000000000001 0
1947 37.11038961038961 7.520000000000001 0
1948 37.60519480519481 7.520000000000001 0
1949 0.4948051948051919 7.02 0
1950 0.9896103896103909 7.02 0
1951 1.484415584415586 7.02 0
1952 1.979220779220782 7.02 0
1953 2.474025974025977 7.02 0
1954 2.968831168831173 7.02 0
1955 3.463636363636363 7.02 0
1956 3.958441558441562 7.02 0
1957 4.453246753246757 7.02 0
1958 4.948051948051944 7.02 0
1959 5.442857142857143 7.02 0
1960 5.937662337662339 7.02 0
1961 6.432467532467532 7.02 0
1962 6.927272727272722 7.02 0
1963 7.422077922077918 7.02 0
1964 7.916883116883106 7.02 0
1965 8.411688311688305 7.02 0
1966 8.906493506493501 7.02 0
1967 9.401298701298698 7.02 0
1968 9.896103896103888 7.02 0
1969 10.39090909090908 7.02 0
1970 10.88571428571428 7.02 0
1971 11.38051948051947 7.02 0
1972 11.87532467532466 7.02 0
1973 12.37012987012985 7.02 0
1974 12.86493506493505 7.02 0
1975 13.35974025974025 7.02 0
1976 13.85454545454544 7.02 0
1977 14.34935064935063 7.02 0
1978 14.84415584415583 7.02 0
1979 15.33896103896102 7.02 0
1980 15.83376623376622 7.02 0
1981 16.3285714285714 7.02 0
1982 16.8233766233766 7.02 0
1983 17.3181818181818 7.02 0
1984 17.81298701298699 7.02 0
1985 18.30779220779219 7.02 0
1986 18.80259740259738 7.02 0
1987 19.29740259740258 7.02 0
1988 19.79220779220777 7.02 0
1989 20.28701298701296 7.02 0
1990 20.78181818181816 7.02 0
1991 21.27662337662336 7.02 0
1992 21.77142857142855 7.02 0
1993 22.26623376623374 7.02 0
1994 22.76103896103894 7.02 0
1995 23.25584415584414 7.02 0
1996 23.75064935064933 7.02 0
1997 24.24545454545453 7.02 0
1998 24.74025974025972 7.02 0
1999 25.23506493506492 7.02 0
2000 25.72987012987012 7.02 0
2001 26.22467532467531 7.02 0
2002 26.71948051948051 7.02 0
2003 27.2142857142857 7.02 0
2004 27.7090909090909 7.02 0
2005 28.20389610389609 7.02 0
2006 28.69870129870129 7.02 0
2007 29.19350649350648 7.02 0
2008 29.68831168831168 7.02 0
2009 30.18311688311687 7.02 0
2010 30.67792207792207 7.02 0
2011 31.17272727272726 7.02 0
2012 31.66753246753246 7.02 0
2013 32.16233766233765 7.02 0
2014 32.65714285714285 7.02 0
2015 33.15194805194805 7.02 0
2016 33.64675324675324 7.02 0
2017 34.14155844155844 7.02 0
2018 34.63636363636364 7.02 0
2019 35.13116883116883 7.02 0
2020 35.62597402597403 7.02 0
2021 36.12077922077921 7.02 0
2022 36.61558441558442 7.02 0
2023 37.11038961038961 7.02 0
2024 37.6051948051948 7.02 0
2025 0.4948051948051955 6.52 0
2026 0.9896103896103874 6.52 0
2027 1.484415584415586 6.52 0
2028 1.979220779220778 6.52 0
2029 2.474025974025981 6.52 0
2030 2.968831168831169 6.52 0
2031 3.463636363636367 6.52 0
2032 3.95844155844156 6.52 0
2033 4.453246753246756 6.52 0
2034 4.948051948051948 6.52 0
2035 5.442857142857147 6.52 0
2036 5.937662337662339 6.52 0
2037 6.432467532467529 6.52 0
2038 6.927272727272722 6.52 0
2039 7.422077922077918 6.52 0
2040 7.916883116883106 6.52 0
2041 8.411688311688303 6.52 0
2042 8.906493506493499 6.52 0
2043 9.401298701298694 6.52 0
2044 9.896103896103888 6.52 0
2045 10.39090909090908 6.52 0
2046 10.88571428571428 6.52 0
2047 11.38051948051947 6.52 0
2048 11.87532467532466 6.52 0
2049 12.37012987012985 6.52 0
2050 12.86493506493505 6.52 0
2051 13.35974025974025 6.52 0
2052 13.85454545454544 6.52 0
2053 14.34935064935063 6.52 0
2054 14.84415584415583 6.52 0
2055 15.33896103896102 6.52 0
2056 15.83376623376622 6.52 0
2057 16.32857142857141 6.52 0
2058 16.8233766233766 6.52 0
2059 17.3181818181818 6.52 0
2060 17.81298701298699 6.52 0
2061 18.30779220779219 6.52 0
2062 18.80259740259738 6.52 0
2063 19.29740259740258 6.52 0
2064 19.79220779220777 6.52 0
2065 20.28701298701296 6.52 0
2066 20.78181818181816 6.52 0
2067 21.27662337662336 6.52 0
2068 21.77142857142855 6.52 0
2069 22.26623376623375 6.52 0
2070 22.76103896103894 6.52 0
2071 23.25584415584414 6.52 0
2072 23.75064935064933 6.52 0
2073 24.24545454545453 6.52 0
2074 24.74025974025972 6.52 0
2075 25.23506493506492 6.52 0
2076 25.72987012987012 6.52 0
2077 26.22467532467531 6.52 0
2078 26.71948051948051 6.52 0
2079 27.2142857142857 6.52 0
2080 27.7090909090909 6.52 0
2081 28.20389610389609 6.52 0
2082 28.69870129870129 6.52 0
2083 29.19350649350648 6.52 0
2084 29.68831168831168 6.52 0
2085 30.18311688311687 6.52 0
2086 30.67792207792207 6.52 0
2087 31.17272727272727 6.52 0
2088 31.66753246753246 6.52 0
2089 32.16233766233766 6.52 0
2090 32.65714285714285 6.52 0
2091 33.15194805194805 6.52 0
2092 33.64675324675325 6.52 0
2093 34.14155844155844 6.52 0
2094 34.63636363636363 6.52 0
2095 35.13116883116884 6.52 0
2096 35.62597402597402 6.52 0
2097 36.12077922077922 6.52 0
2098 36.61558441558442 6.52 0
2099 37.1103896103896 6.52 0
2100 37.60519480519481 6.52 0
2101 0.4948051948052097 6.02 0
2102 0.9896103896104052 6.02 0
2103 1.484415584415586 6.02 0
2104 1.979220779220785 6.02 0
2105 2.474025974025974 6.02 0
2106 2.968831168831173 6.02 0
2107 3.463636363636365 6.02 0
2108 3.95844155844156 6.02 0
2109 4.453246753246759 6.02 0
2110 4.948051948051948 6.02 0
2111 5.442857142857143 6.02 0
2112 5.937662337662339 6.02 0
2113 6.432467532467529 6.02 0
2114 6.927272727272722 6.02 0
2115 7.422077922077918 6.02 0
2116 7.916883116883104 6.02 0
2117 8.411688311688303 6.02 0
2118 8.906493506493501 6.02 0
2119 9.401298701298696 6.02 0
2120 9.896103896103888 6.02 0
2121 10.39090909090908 6.02 0
2122 10.88571428571428 6.02 0
2123 11.38051948051947 6.02 0
2124 11.87532467532466 6.02 0
2125 12.37012987012985 6.02 0
2126 12.86493506493505 6.02 0
2127 13.35974025974025 6.02 0
2128 13.85454545454544 6.02 0
2129 14.34935064935063 6.02 0
2130 14.84415584415583 6.02 0
2131 15.33896103896102 6.02 0
2132 15.83376623376622 6.02 0
2133 16.32857142857141 6.02 0
2134 16.8233766233766 6.02 0
2135 17.3181818181818 6.02 0
2136 17.81298701298699 6.02 0
2137 18.30779220779218 6.02 0
2138 18.80259740259738 6.02 0
2139 19.29740259740258 6.02 0
2140 19.79220779220777 6.02 0
2141 20.28701298701296 6.02 0
2142 20.78181818181816 6.02 0
2143 21.27662337662336 6.02 0
2144 21.77142857142855 6.02 0
2145 22.26623376623375 6.02 0
2146 22.76103896103894 6.02 0
2147 23.25584415584413 6.02 0
2148 23.75064935064933 6.02 0
2149 24.24545454545453 6.02 0
2150 24.74025974025972 6.02 0
2151 25.23506493506492 6.02 0
2152 25.72987012987012 6.02 0
2153 26.22467532467531 6.02 0
2154 26.71948051948051 6.02 0
2155 27.2142857142857 6.02 0
2156 27.7090909090909 6.02 0
2157 28.20389610389609 6.02 0
2158 28.69870129870128 6.02 0
2159 29.19350649350648 6.02 0
2160 29.68831168831168 6.02 0
2161 30.18311688311687 6.02 0
2162 30.67792207792207 6.02 0
2163 31.17272727272726 6.02 0
2164 31.66753246753246 6.02 0
2165 32.16233766233766 6.02 0
2166 32.65714285714285 6.02 0
2167 33.15194805194805 6.02 0
2168 33.64675324675324 6.02 0
2169 34.14155844155844 6.02 0
2170 34.63636363636363 6.02 0
2171 35.13116883116884 6.02 0
2172 35.62597402597403 6.02 0
2173 36.12077922077921 6.02 0
2174 36.61558441558442 6.02 0
2175 37.1103896103896 6.02 0
2176 37.60519480519481 6.02 0
2177 0.494805194805199 5.52 0
2178 0.9896103896103945 5.52 0
2179 1.484415584415586 5.52 0
2180 1.979220779220782 5.52 0
2181 2.474025974025977 5.52 0
2182 2.968831168831173 5.52 0
2183 3.463636363636363 5.52 0
2184 3.958441558441558 5.52 0
2185 4.453246753246759 5.52 0
2186 4.948051948051948 5.52 0
2187 5.442857142857143 5.52 0
2188 5.937662337662339 5.52 0
2189 6.43246753246753 5.52 0
2190 6.927272727272722 5.52 0
2191 7.422077922077918 5.52 0
2192 7.916883116883108 5.52 0
2193 8.411688311688305 5.52 0
2194 8.906493506493501 5.52 0
2195 9.401298701298696 5.52 0
2196 9.896103896103888 5.52 0
2197 10.39090909090908 5.52 0
2198 10.88571428571428 5.52 0
2199 11.38051948051947 5.52 0
2200 11.87532467532466 5.52 0
2201 12.37012987012985 5.52 0
2202 12.86493506493505 5.52 0
2203 13.35974025974025 5.52 0
2204 13.85454545454544 5.52 0
2205 14.34935064935063 5.52 0
2206 14.84415584415583 5.52 0
2207 15.33896103896102 5.52 0
2208 15.83376623376622 5.52 0
2209 16.32857142857141 5.52 0
2210 16.8233766233766 5.52 0
2211 17.3181818181818 5.52 0
2212 17.81298701298699 5.52 0
2213 18.30779220779219 5.52 0
2214 18.80259740259738 5.52 0
2215 19.29740259740258 5.52 0
2216 19.79220779220777 5.52 0
2217 20.28701298701296 5.52 0
2218 20.78181818181816 5.52 0
2219 21.27662337662336 5.52 0
2220 21.77142857142855 5.52 0
2221 22.26623376623375 5.52 0
2222 22.76103896103894 5.52 0
2223 23.25584415584414 5.52 0
2224 23.75064935064933 5.52 0
2225 24.24545454545453 5.52 0
2226 24.74025974025972 5.52 0
2227 25.23506493506492 5.52 0
2228 25.72987012987011 5.52 0
2229 26.22467532467531 5.52 0
2230 26.71948051948051 5.52 0
2231 27.2142857142857 5.52 0
2232 27.7090909090909 5.52 0
2233 28.20389610389609 5.52 0
2234 28.69870129870129 5.52 0
2235 29.19350649350648 5.52 0
2236 29.68831168831168 5.52 0
2237 30.18311688311687 5.52 0
2238 30.67792207792207 5.52 0
2239 31.17272727272726 5.52 0
2240 31.66753246753246 5.52 0
2241 32.16233766233766 5.52 0
2242 32.65714285714285 5.52 0
2243 33.15194805194805 5.52 0
2244 33.64675324675324 5.52 0
2245 34.14155844155844 5.52 0
2246 34.63636363636363 5.52 0
2247 35.13116883116883 5.52 0
2248 35.62597402597402 5.52 0
2249 36.12077922077921 5.52 0
2250 36.61558441558442 5.52 0
2251 37.11038961038961 5.52 0
2252 37.60519480519481 5.52 0
2253 0.4948051948051955 5.02 0
2254 0.9896103896103909 5.02 0
2255 1.48441558441559 5.019999999999999 0
2256 1.979220779220785 5.02 0
2257 2.474025974025977 5.019999999999999 0
2258 2.968831168831173 5.019999999999999 0
2259 3.463636363636365 5.02 0
2260 3.95844155844156 5.02 0
2261 4.453246753246759 5.019999999999999 0
2262 4.948051948051948 5.019999999999999 0
2263 5.442857142857143 5.019999999999999 0
2264 5.937662337662339 5.02 0
2265 6.432467532467529 5.02 0
2266 6.927272727272722 5.02 0
2267 7.422077922077918 5.02 0
2268 7.916883116883104 5.019999999999999 0
2269 8.411688311688303 5.02 0
2270 8.906493506493501 5.02 0
2271 9.401298701298696 5.019999999999999 0
2272 9.896103896103888 5.02 0
2273 10.39090909090908 5.02 0
2274 10.88571428571428 5.019999999999999 0
2275 11.38051948051947 5.019999999999999 0
2276 11.87532467532466 5.019999999999999 0
2277 12.37012987012985 5.02 0
2278 12.86493506493505 5.019999999999999 0
2279 13.35974025974025 5.02 0
2280 13.85454545454544 5.02 0
2281 14.34935064935063 5.019999999999999 0
2282 14.84415584415583 5.019999999999999 0
2283 15.33896103896102 5.019999999999999 0
2284 15.83376623376622 5.019999999999999 0
2285 16.32857142857141 5.02 0
2286 16.8233766233766 5.02 0
2287 17.3181818181818 5.02 0
2288 17.81298701298699 5.02 0
2289 18.30779220779219 5.02 0
2290 18.80259740259738 5.019999999999999 0
2291 19.29740259740258 5.02 0
2292 19.79220779220777 5.02 0
2293 20.28701298701296 5.02 0
2294 20.78181818181816 5.02 0
2295 21.27662337662336 5.02 0
2296 21.77142857142855 5.02 0
2297 22.26623376623375 5.02 0
2298 22.76103896103894 5.019999999999999 0
2299 23.25584415584414 5.02 0
2300 23.75064935064933 5.02 0
2301 24.24545454545453 5.02 0
2302 24.74025974025972 5.019999999999999 0
2303 25.23506493506492 5.02 0
2304 25.72987012987012 5.019999999999999 0
2305 26.22467532467531 5.02 0
2306 26.71948051948051 5.02 0
2307 27.2142857142857 5.02 0
2308 27.7090909090909 5.02 0
2309 28.20389610389609 5.019999999999999 0
2310 28.69870129870129 5.02 0
2311 29.19350649350648 5.02 0
2312 29.68831168831168 5.02 0
2313 30.18311688311687 5.02 0
2314 30.67792207792207 5.019999999999999 0
2315 31.17272727272726 5.019999999999999 0
2316 31.66753246753246 5.02 0
2317 32.16233766233766 5.02 0
2318 32.65714285714285 5.02 0
2319 33.15194805194805 5.02 0
2320 33.64675324675324 5.019999999999999 0
2321 34.14155844155844 5.02 0
2322 34.63636363636363 5.02 0
2323 35.13116883116883 5.019999999999999 0
2324 35.62597402597403 5.019999999999999 0
2325 36.12077922077921 5.02 0
2326 36.61558441558441 5.02 0
2327 37.11038961038961 5.02 0
2328 37.60519480519481 5.02 0
2329 0.4948051948051955 4.52 0
2330 0.9896103896103909 4.52 0
2331 1.484415584415586 4.52 0
2332 1.979220779220782 4.52 0
2333 2.474025974025977 4.52 0
2334 2.968831168831169 4.52 0
2335 3.463636363636363 4.52 0
2336 3.95844155844156 4.52 0
2337 4.453246753246759 4.52 0
2338 4.948051948051948 4.52 0
2339 5.442857142857143 4.52 0
2340 5.937662337662339 4.52 0
2341 6.43246753246753 4.52 0
2342 6.927272727272722 4.52 0
2343 7.422077922077918 4.52 0
2344 7.916883116883106 4.52 0
2345 8.411688311688305 4.52 0
2346 8.906493506493499 4.52 0
2347 9.401298701298696 4.52 0
2348 9.896103896103888 4.52 0
2349 10.39090909090908 4.52 0
2350 10.88571428571428 4.52 0
2351 11.38051948051947 4.52 0
2352 11.87532467532466 4.52 0
2353 12.37012987012986 4.52 0
2354 12.86493506493505 4.52 0
2355 13.35974025974025 4.52 0
2356 13.85454545454544 4.52 0
2357 14.34935064935063 4.52 0
2358 14.84415584415583 4.52 0
2359 15.33896103896102 4.52 0
2360 15.83376623376622 4.52 0
2361 16.32857142857141 4.52 0
2362 16.8233766233766 4.52 0
2363 17.31818181818179 4.52 0
2364 17.81298701298699 4.52 0
2365 18.30779220779219 4.52 0
2366 18.80259740259738 4.52 0
2367 19.29740259740258 4.52 0
2368 19.79220779220777 4.52 0
2369 20.28701298701296 4.52 0
2370 20.78181818181816 4.52 0
2371 21.27662337662336 4.52 0
2372 21.77142857142855 4.52 0
2373 22.26623376623375 4.52 0
2374 22.76103896103894 4.52 0
2375 23.25584415584414 4.52 0
2376 23.75064935064933 4.52 0
2377 24.24545454545453 4.52 0
2378 24.74025974025972 4.52 0
2379 25.23506493506492 4.52 0
2380 25.72987012987012 4.52 0
2381 26.22467532467531 4.52 0
2382 26.71948051948051 4.52 0
2383 27.2142857142857 4.52 0
2384 27.70909090909089 4.52 0
2385 28.20389610389609 4.52 0
2386 28.69870129870129 4.52 0
2387 29.19350649350648 4.52 0
2388 29.68831168831168 4.52 0
2389 30.18311688311687 4.52 0
2390 30.67792207792207 4.52 0
2391 31.17272727272727 4.52 0
2392 31.66753246753246 4.52 0
2393 32.16233766233765 4.52 0
2394 32.65714285714285 4.52 0
2395 33.15194805194805 4.52 0
2396 33.64675324675324 4.52 0
2397 34.14155844155844 4.52 0
2398 34.63636363636363 4.52 0
2399 35.13116883116884 4.52 0
2400 35.62597402597402 4.52 0
2401 36.12077922077921 4.52 0
2402 36.61558441558442 4.52 0
2403 37.1103896103896 4.52 0
2404 37.60519480519481 4.52 0
2405 0.4948051948051919 4.019999999999999 0
2406 0.9896103896103909 4.02 0
2407 1.484415584415586 4.02 0
2408 1.979220779220782 4.02 0
2409 2.474025974025977 4.02 0
2410 2.968831168831173 4.02 0
2411 3.463636363636367 4.02 0
2412 3.95844155844156 4.019999999999999 0
2413 4.453246753246759 4.02 0
2414 4.948051948051944 4.02 0
2415 5.442857142857143 4.02 0
2416 5.937662337662339 4.02 0
2417 6.432467532467532 4.02 0
2418 6.927272727272722 4.02 0
2419 7.422077922077918 4.02 0
2420 7.916883116883104 4.02 0
2421 8.411688311688305 4.019999999999999 0
2422 8.906493506493501 4.02 0
2423 9.401298701298698 4.02 0
2424 9.896103896103888 4.02 0
2425 10.39090909090908 4.02 0
2426 10.88571428571428 4.02 0
2427 11.38051948051947 4.02 0
2428 11.87532467532466 4.02 0
2429 12.37012987012985 4.02 0
2430 12.86493506493505 4.02 0
2431 13.35974025974025 4.02 0
2432 13.85454545454544 4.02 0
2433 14.34935064935063 4.02 0
2434 14.84415584415583 4.02 0
2435 15.33896103896102 4.02 0
2436 15.83376623376622 4.02 0
2437 16.3285714285714 4.02 0
2438 16.8233766233766 4.02 0
2439 17.3181818181818 4.02 0
2440 17.81298701298699 4.02 0
2441 18.30779220779219 4.02 0
2442 18.80259740259738 4.02 0
2443 19.29740259740258 4.02 0
2444 19.79220779220777 4.02 0
2445 20.28701298701296 4.02 0
2446 20.78181818181816 4.02 0
2447 21.27662337662336 4.02 0
2448 21.77142857142855 4.02 0
2449 22.26623376623374 4.02 0
2450 22.76103896103894 4.02 0
2451 23.25584415584414 4.02 0
2452 23.75064935064933 4.02 0
2453 24.24545454545453 4.02 0
2454 24.74025974025972 4.02 0
2455 25.23506493506492 4.02 0
2456 25.72987012987012 4.02 0
2457 26.22467532467531 4.02 0
2458 26.71948051948051 4.02 0
2459 27.2142857142857 4.02 0
2460 27.7090909090909 4.02 0
2461 28.20389610389609 4.02 0
2462 28.69870129870129 4.02 0
2463 29.19350649350648 4.02 0
2464 29.68831168831168 4.02 0
2465 30.18311688311687 4.02 0
2466 30.67792207792207 4.02 0
2467 31.17272727272726 4.02 0
2468 31.66753246753246 4.02 0
2469 32.16233766233765 4.02 0
2470 32.65714285714285 4.02 0
2471 33.15194805194805 4.02 0
2472 33.64675324675324 4.02 0
2473 34.14155844155844 4.02 0
2474 34.63636363636364 4.02 0
2475 35.13116883116883 4.02 0
2476 35.62597402597402 4.02 0
2477 36.12077922077921 4.02 0
2478 36.61558441558442 4.02 0
2479 37.11038961038961 4.02 0
2480 37.6051948051948 4.02 0
2481 0.4948051948051955 3.52 0
2482 0.9896103896103909 3.519999999999999 0
2483 1.484415584415586 3.519999999999999 0
2484 1.979220779220785 3.52 0
2485 2.474025974025977 3.519999999999999 0
2486 2.968831168831173 3.519999999999999 0
2487 3.463636363636365 3.519999999999999 0
2488 3.95844155844156 3.52 0
2489 4.453246753246759 3.519999999999999 0
2490 4.948051948051944 3.519999999999999 0
2491 5.442857142857145 3.519999999999999 0
2492 5.937662337662339 3.519999999999999 0
2493 6.43246753246753 3.519999999999999 0
2494 6.927272727272721 3.519999999999999 0
2495 7.422077922077918 3.519999999999999 0
2496 7.916883116883106 3.519999999999999 0
2497 8.411688311688305 3.519999999999999 0
2498 8.906493506493497 3.519999999999999 0
2499 9.401298701298698 3.519999999999999 0
2500 9.896103896103888 3.519999999999999 0
2501 10.39090909090908 3.519999999999999 0
2502 10.88571428571428 3.519999999999999 0
2503 11.38051948051947 3.519999999999999 0
2504 11.87532467532466 3.519999999999999 0
2505 12.37012987012985 3.52 0
2506 12.86493506493505 3.519999999999999 0
2507 13.35974025974025 3.519999999999999 0
2508 13.85454545454544 3.519999999999999 0
2509 14.34935064935063 3.519999999999999 0
2510 14.84415584415583 3.519999999999999 0
2511 15.33896103896102 3.52 0
2512 15.83376623376622 3.519999999999999 0
2513 16.32857142857141 3.519999999999999 0
2514 16.8233766233766 3.519999999999999 0
2515 17.3181818181818 3.519999999999999 0
2516 17.81298701298699 3.519999999999999 0
2517 18.30779220779219 3.52 0
2518 18.80259740259738 3.519999999999999 0
2519 19.29740259740258 3.519999999999999 0
2520 19.79220779220777 3.519999999999999 0
2521 20.28701298701296 3.519999999999999 0
2522 20.78181818181816 3.519999999999999 0
2523 21.27662337662336 3.52 0
2524 21.77142857142855 3.519999999999999 0
2525 22.26623376623374 3.52 0
2526 22.76103896103894 3.519999999999999 0
2527 23.25584415584414 3.52 0
2528 23.75064935064933 3.52 0
2529 24.24545454545453 3.519999999999999 0
2530 24.74025974025972 3.52 0
2531 25.23506493506492 3.519999999999999 0
2532 25.72987012987011 3.52 0
2533 26.22467532467531 3.52 0
2534 26.71948051948051 3.519999999999999 0
2535 27.2142857142857 3.519999999999999 0
2536 27.7090909090909 3.519999999999999 0
2537 28.20389610389609 3.52 0
2538 28.69870129870129 3.52 0
2539 29.19350649350648 3.52 0
2540 29.68831168831168 3.519999999999999 0
2541 30.18311688311687 3.52 0
2542 30.67792207792207 3.52 0
2543 31.17272727272726 3.52 0
2544 31.66753246753246 3.52 0
2545 32.16233766233766 3.52 0
2546 32.65714285714285 3.52 0
2547 33.15194805194805 3.52 0
2548 33.64675324675324 3.52 0
2549 34.14155844155844 3.52 0
2550 34.63636363636363 3.52 0
2551 35.13116883116883 3.52 0
2552 35.62597402597402 3.52 0
2553 36.12077922077921 3.52 0
2554 36.61558441558442 3.52 0
2555 37.11038961038961 3.52 0
2556 37.60519480519481 3.52 0
2557 0.4948051948051955 3.020000000000001 0
2558 0.9896103896103909 3.02 0
2559 1.48441558441559 3.02 0
2560 1.979220779220785 3.019999999999999 0
2561 2.474025974025977 3.02 0
2562 2.968831168831173 3.02 0
2563 3.463636363636367 3.019999999999999 0
2564 3.95844155844156 3.02 0
2565 4.453246753246759 3.02 0
2566 4.948051948051944 3.02 0
2567 5.442857142857145 3.02 0
2568 5.937662337662339 3.02 0
2569 6.432467532467532 3.019999999999999 0
2570 6.927272727272722 3.02 0
2571 7.42207792207792 3.02 0
2572 7.916883116883104 3.02 0
2573 8.411688311688303 3.02 0
2574 8.906493506493501 3.02 0
2575 9.401298701298698 3.02 0
2576 9.896103896103888 3.02 0
2577 10.39090909090909 3.02 0
2578 10.88571428571428 3.02 0
2579 11.38051948051947 3.02 0
2580 11.87532467532466 3.02 0
2581 12.37012987012985 3.02 0
2582 12.86493506493505 3.02 0
2583 13.35974025974025 3.02 0
2584 13.85454545454544 3.02 0
2585 14.34935064935063 3.02 0
2586 14.84415584415583 3.02 0
2587 15.33896103896102 3.02 0
2588 15.83376623376622 3.02 0
2589 16.32857142857141 3.02 0
2590 16.8233766233766 3.02 0
2591 17.3181818181818 3.02 0
2592 17.81298701298699 3.02 0
2593 18.30779220779219 3.02 0
2594 18.80259740259738 3.02 0
2595 19.29740259740258 3.02 0
2596 19.79220779220777 3.02 0
2597 20.28701298701296 3.02 0
2598 20.78181818181816 3.02 0
2599 21.27662337662336 3.02 0
2600 21.77142857142855 3.02 0
2601 22.26623376623375 3.02 0
2602 22.76103896103894 3.02 0
2603 23.25584415584414 3.02 0
2604 23.75064935064933 3.02 0
2605 24.24545454545453 3.02 0
2606 24.74025974025972 3.02 0
2607 25.23506493506492 3.02 0
2608 25.72987012987012 3.02 0
2609 26.22467532467531 3.02 0
2610 26.71948051948051 3.02 0
2611 27.2142857142857 3.02 0
2612 27.7090909090909 3.02 0
2613 28.20389610389609 3.02 0
2614 28.69870129870129 3.02 0
2615 29.19350649350648 3.02 0
2616 29.68831168831168 3.02 0
2617 30.18311688311687 3.02 0
2618 30.67792207792207 3.02 0
2619 31.17272727272726 3.02 0
2620 31.66753246753246 3.02 0
2621 32.16233766233766 3.02 0
2622 32.65714285714285 3.02 0
2623 33.15194805194805 3.02 0
2624 33.64675324675324 3.02 0
2625 34.14155844155844 3.02 0
2626 34.63636363636363 3.02 0
2627 35.13116883116883 3.02 0
2628 35.62597402597403 3.02 0
2629 36.12077922077921 3.02 0
2630 36.61558441558441 3.02 0
2631 37.11038961038961 3.02 0
2632 37.6051948051948 3.02 0
2633 0.4948051948051955 2.52 0
2634 0.9896103896103909 2.52 0
2635 1.484415584415586 2.52 0
2636 1.979220779220782 2.519999999999998 0
2637 2.474025974025977 2.519999999999999 0
2638 2.968831168831173 2.519999999999999 0
2639 3.463636363636365 2.52 0
2640 3.95844155844156 2.519999999999999 0
2641 4.453246753246759 2.519999999999999 0
2642 4.948051948051948 2.52 0
2643 5.442857142857143 2.52 0
2644 5.937662337662339 2.52 0
2645 6.43246753246753 2.519999999999999 0
2646 6.927272727272722 2.52 0
2647 7.422077922077918 2.519999999999999 0
2648 7.916883116883104 2.519999999999999 0
2649 8.411688311688305 2.519999999999999 0
2650 8.906493506493502 2.519999999999999 0
2651 9.401298701298696 2.52 0
2652 9.896103896103888 2.52 0
2653 10.39090909090908 2.52 0
2654 10.88571428571428 2.52 0
2655 11.38051948051947 2.519999999999999 0
2656 11.87532467532466 2.52 0
2657 12.37012987012986 2.52 0
2658 12.86493506493505 2.519999999999999 0
2659 13.35974025974025 2.52 0
2660 13.85454545454544 2.519999999999999 0
2661 14.34935064935063 2.52 0
2662 14.84415584415583 2.52 0
2663 15.33896103896102 2.519999999999999 0
2664 15.83376623376622 2.52 0
2665 16.32857142857141 2.519999999999999 0
2666 16.8233766233766 2.52 0
2667 17.3181818181818 2.52 0
2668 17.81298701298699 2.519999999999999 0
2669 18.30779220779219 2.52 0
2670 18.80259740259738 2.52 0
2671 19.29740259740258 2.52 0
2672 19.79220779220777 2.52 0
2673 20.28701298701296 2.519999999999999 0
2674 20.78181818181816 2.519999999999999 0
2675 21.27662337662336 2.52 0
2676 21.77142857142855 2.519999999999999 0
2677 22.26623376623374 2.52 0
2678 22.76103896103894 2.519999999999999 0
2679 23.25584415584413 2.52 0
2680 23.75064935064933 2.52 0
2681 24.24545454545453 2.519999999999999 0
2682 24.74025974025972 2.52 0
2683 25.23506493506492 2.52 0
2684 25.72987012987011 2.52 0
2685 26.22467532467531 2.52 0
2686 26.71948051948051 2.519999999999999 0
2687 27.2142857142857 2.52 0
2688 27.70909090909089 2.52 0
2689 28.20389610389609 2.52 0
2690 28.69870129870129 2.52 0
2691 29.19350649350648 2.519999999999999 0
2692 29.68831168831168 2.52 0
2693 30.18311688311687 2.52 0
2694 30.67792207792207 2.52 0
2695 31.17272727272726 2.52 0
2696 31.66753246753246 2.519999999999999 0
2697 32.16233766233765 2.52 0
2698 32.65714285714285 2.52 0
2699 33.15194805194805 2.52 0
2700 33.64675324675324 2.52 0
2701 34.14155844155844 2.52 0
2702 34.63636363636363 2.519999999999999 0
2703 35.13116883116883 2.52 0
2704 35.62597402597403 2.52 0
2705 36.12077922077921 2.519999999999999 0
2706 36.61558441558442 2.52 0
2707 37.11038961038961 2.519999999999999 0
2708 37.60519480519481 2.52 0
2709 0.4948051948051955 2.020000000000001 0
2710 0.9896103896103909 2.02 0
2711 1.484415584415586 2.02 0
2712 1.979220779220782 2.02 0
2713 2.474025974025977 2.02 0
2714 2.968831168831173 2.02 0
2715 3.463636363636365 2.02 0
2716 3.95844155844156 2.02 0
2717 4.453246753246759 2.02 0
2718 4.948051948051948 2.020000000000001 0
2719 5.442857142857143 2.02 0
2720 5.937662337662339 2.02 0
2721 6.432467532467529 2.02 0
2722 6.927272727272724 2.02 0
2723 7.422077922077918 2.02 0
2724 7.916883116883104 2.02 0
2725 8.411688311688303 2.019999999999999 0
2726 8.906493506493501 2.02 0
2727 9.401298701298694 2.02 0
2728 9.89610389610389 2.02 0
2729 10.39090909090909 2.02 0
2730 10.88571428571427 2.02 0
2731 11.38051948051947 2.020000000000001 0
2732 11.87532467532466 2.02 0
2733 12.37012987012985 2.02 0
2734 12.86493506493505 2.02 0
2735 13.35974025974025 2.02 0
2736 13.85454545454544 2.02 0
2737 14.34935064935063 2.02 0
2738 14.84415584415583 2.019999999999999 0
2739 15.33896103896102 2.02 0
2740 15.83376623376622 2.02 0
2741 16.32857142857141 2.02 0
2742 16.8233766233766 2.02 0
2743 17.3181818181818 2.02 0
2744 17.81298701298699 2.02 0
2745 18.30779220779219 2.02 0
2746 18.80259740259738 2.02 0
2747 19.29740259740258 2.02 0
2748 19.79220779220777 2.02 0
2749 20.28701298701296 2.02 0
2750 20.78181818181816 2.02 0
2751 21.27662337662336 2.02 0
2752 21.77142857142855 2.02 0
2753 22.26623376623375 2.02 0
2754 22.76103896103894 2.02 0
2755 23.25584415584413 2.02 0
2756 23.75064935064933 2.02 0
2757 24.24545454545453 2.02 0
2758 24.74025974025972 2.02 0
2759 25.23506493506492 2.02 0
2760 25.72987012987012 2.019999999999999 0
2761 26.22467532467531 2.02 0
2762 26.71948051948051 2.02 0
2763 27.2142857142857 2.02 0
2764 27.7090909090909 2.02 0
2765 28.20389610389609 2.02 0
2766 28.69870129870129 2.02 0
2767 29.19350649350648 2.02 0
2768 29.68831168831168 2.02 0
2769 30.18311688311687 2.02 0
2770 30.67792207792207 2.02 0
2771 31.17272727272727 2.02 0
2772 31.66753246753246 2.02 0
2773 32.16233766233766 2.02 0
2774 32.65714285714285 2.02 0
2775 33.15194805194805 2.02 0
2776 33.64675324675324 2.02 0
2777 34.14155844155844 2.02 0
2778 34.63636363636363 2.020000000000001 0
2779 35.13116883116883 2.02 0
2780 35.62597402597402 2.02 0
2781 36.12077922077922 2.02 0
2782 36.61558441558442 2.02 0
2783 37.11038961038961 2.02 0
2784 37.60519480519481 2.02 0
2785 0.4948051948051955 1.52 0
2786 0.9896103896103909 1.52 0
2787 1.484415584415586 1.52 0
2788 1.979220779220785 1.52 0
2789 2.474025974025977 1.52 0
2790 2.968831168831173 1.52 0
2791 3.463636363636365 1.52 0
2792 3.95844155844156 1.52 0
2793 4.453246753246759 1.52 0
2794 4.948051948051948 1.52 0
2795 5.442857142857143 1.52 0
2796 5.937662337662339 1.52 0
2797 6.43246753246753 1.52 0
2798 6.927272727272724 1.52 0
2799 7.422077922077918 1.52 0
2800 7.916883116883106 1.52 0
2801 8.411688311688303 1.52 0
2802 8.906493506493501 1.52 0
2803 9.401298701298694 1.52 0
2804 9.896103896103888 1.52 0
2805 10.39090909090908 1.52 0
2806 10.88571428571428 1.52 0
2807 11.38051948051947 1.52 0
2808 11.87532467532466 1.52 0
2809 12.37012987012985 1.52 0
2810 12.86493506493505 1.52 0
2811 13.35974025974025 1.52 0
2812 13.85454545454544 1.52 0
2813 14.34935064935063 1.52 0
2814 14.84415584415583 1.52 0
2815 15.33896103896102 1.52 0
2816 15.83376623376622 1.52 0
2817 16.32857142857141 1.52 0
2818 16.8233766233766 1.52 0
2819 17.3181818181818 1.52 0
2820 17.81298701298699 1.52 0
2821 18.30779220779219 1.52 0
2822 18.80259740259738 1.519999999999999 0
2823 19.29740259740258 1.52 0
2824 19.79220779220777 1.52 0
2825 20.28701298701296 1.52 0
2826 20.78181818181816 1.52 0
2827 21.27662337662336 1.52 0
2828 21.77142857142855 1.52 0
2829 22.26623376623375 1.52 0
2830 22.76103896103894 1.52 0
2831 23.25584415584414 1.52 0
2832 23.75064935064933 1.52 0
2833 24.24545454545453 1.52 0
2834 24.74025974025972 1.52 0
2835 25.23506493506492 1.52 0
2836 25.72987012987011 1.52 0
2837 26.22467532467531 1.52 0
2838 26.71948051948051 1.52 0
2839 27.2142857142857 1.519999999999999 0
2840 27.7090909090909 1.52 0
2841 28.20389610389609 1.52 0
2842 28.69870129870129 1.52 0
2843 29.19350649350648 1.52 0
2844 29.68831168831168 1.52 0
2845 30.18311688311687 1.52 0
2846 30.67792207792207 1.52 0
2847 31.17272727272727 1.52 0
2848 31.66753246753246 1.52 0
2849 32.16233766233766 1.519999999999999 0
2850 32.65714285714285 1.52 0
2851 33.15194805194805 1.52 0
2852 33.64675324675324 1.52 0
2853 34.14155844155844 1.52 0
2854 34.63636363636363 1.52 0
2855 35.13116883116884 1.52 0
2856 35.62597402597402 1.52 0
2857 36.12077922077921 1.52 0
2858 36.61558441558442 1.52 0
2859 37.1103896103896 1.52 0
2860 37.60519480519481 1.52 0
2861 0.4948051948051919 1.019999999999999 0
2862 0.9896103896103909 1.02 0
2863 1.484415584415586 1.019999999999998 0
2864 1.979220779220785 1.02 0
2865 2.474025974025977 1.02 0
2866 2.968831168831173 1.02 0
2867 3.463636363636365 1.019999999999999 0
2868 3.95844155844156 1.019999999999999 0
2869 4.453246753246759 1.019999999999999 0
2870 4.948051948051948 1.019999999999999 0
2871 5.442857142857143 1.02 0
2872 5.937662337662339 1.019999999999997 0
2873 6.43246753246753 1.019999999999997 0
2874 6.927272727272721 1.019999999999998 0
2875 7.42207792207792 1.02 0
2876 7.916883116883108 1.019999999999999 0
2877 8.411688311688303 1.02 0
2878 8.906493506493501 1.019999999999999 0
2879 9.401298701298694 1.02 0
2880 9.896103896103886 1.019999999999999 0
2881 10.39090909090909 1.02 0
2882 10.88571428571428 1.02 0
2883 11.38051948051947 1.02 0
2884 11.87532467532466 1.02 0
2885 12.37012987012985 1.02 0
2886 12.86493506493505 1.019999999999999 0
2887 13.35974025974025 1.02 0
2888 13.85454545454544 1.02 0
2889 14.34935064935063 1.019999999999999 0
2890 14.84415584415583 1.019999999999999 0
2891 15.33896103896102 1.019999999999999 0
2892 15.83376623376622 1.02 0
2893 16.32857142857141 1.019999999999999 0
2894 16.8233766233766 1.02 0
2895 17.3181818181818 1.02 0
2896 17.81298701298699 1.02 0
2897 18.30779220779219 1.02 0
2898 18.80259740259738 1.019999999999999 0
2899 19.29740259740258 1.02 0
2900 19.79220779220777 1.02 0
2901 20.28701298701296 1.02 0
2902 20.78181818181816 1.02 0
2903 21.27662337662336 1.02 0
2904 21.77142857142855 1.02 0
2905 22.26623376623375 1.019999999999999 0
2906 22.76103896103894 1.019999999999999 0
2907 23.25584415584413 1.02 0
2908 23.75064935064933 1.02 0
2909 24.24545454545453 1.019999999999999 0
2910 24.74025974025972 1.019999999999999 0
2911 25.23506493506492 1.019999999999999 0
2912 25.72987012987011 1.02 0
2913 26.22467532467531 1.02 0
2914 26.71948051948051 1.02 0
2915 27.2142857142857 1.019999999999999 0
2916 27.7090909090909 1.02 0
2917 28.20389610389609 1.019999999999999 0
2918 28.69870129870129 1.02 0
2919 29.19350649350648 1.02 0
2920 29.68831168831168 1.02 0
2921 30.18311688311687 1.02 0
2922 30.67792207792207 1.02 0
2923 31.17272727272726 1.02 0
2924 31.66753246753246 1.02 0
2925 32.16233766233766 1.019999999999999 0
2926 32.65714285714285 1.019999999999999 0
2927 33.15194805194805 1.02 0
2928 33.64675324675324 1.02 0
2929 34.14155844155844 1.019999999999999 0
2930 34.63636363636363 1.019999999999999 0
2931 35.13116883116883 1.02 0
2932 35.62597402597402 1.02 0
2933 36.12077922077921 1.02 0
2934 36.61558441558442 1.02 0
2935 37.11038961038961 1.02 0
2936 37.60519480519481 1.019999999999999 0
2937 0.4948051948051955 0.5200000000000014 0
2938 0.9896103896103909 0.5199999999999996 0
2939 1.484415584415586 0.5200000000000014 0
2940 1.979220779220782 0.5200000000000005 0
2941 2.474025974025977 0.5200000000000005 0
2942 2.968831168831173 0.5200000000000005 0
2943 3.463636363636365 0.5199999999999978 0
2944 3.958441558441564 0.5199999999999996 0
2945 4.453246753246759 0.5199999999999996 0
2946 4.948051948051948 0.5199999999999996 0
2947 5.442857142857143 0.5199999999999996 0
2948 5.937662337662339 0.5199999999999996 0
2949 6.432467532467532 0.5199999999999978 0
2950 6.927272727272722 0.5200000000000014 0
2951 7.422077922077918 0.5200000000000005 0
2952 7.916883116883104 0.5200000000000005 0
2953 8.411688311688303 0.5199999999999996 0
2954 8.906493506493499 0.5199999999999996 0
2955 9.401298701298696 0.5199999999999996 0
2956 9.89610389610389 0.5200000000000005 0
2957 10.39090909090908 0.5200000000000005 0
2958 10.88571428571428 0.5200000000000014 0
2959 11.38051948051947 0.5199999999999996 0
2960 11.87532467532466 0.5200000000000005 0
2961 12.37012987012985 0.5199999999999996 0
2962 12.86493506493505 0.5199999999999996 0
2963 13.35974025974025 0.5200000000000014 0
2964 13.85454545454544 0.5199999999999996 0
2965 14.34935064935063 0.5200000000000005 0
2966 14.84415584415583 0.5199999999999996 0
2967 15.33896103896102 0.5199999999999996 0
2968 15.83376623376622 0.5200000000000005 0
2969 16.32857142857141 0.5200000000000005 0
2970 16.8233766233766 0.5199999999999996 0
2971 17.31818181818179 0.5199999999999996 0
2972 17.81298701298699 0.5200000000000005 0
2973 18.30779220779219 0.5200000000000005 0
2974 18.80259740259738 0.5200000000000005 0
2975 19.29740259740258 0.5199999999999996 0
2976 19.79220779220777 0.5199999999999996 0
2977 20.28701298701296 0.5199999999999996 0
2978 20.78181818181816 0.5200000000000005 0
2979 21.27662337662336 0.5199999999999996 0
2980 21.77142857142855 0.5200000000000014 0
2981 22.26623376623375 0.5199999999999996 0
2982 22.76103896103894 0.5200000000000005 0
2983 23.25584415584414 0.5199999999999996 0
2984 23.75064935064933 0.5199999999999996 0
2985 24.24545454545453 0.5200000000000005 0
2986 24.74025974025972 0.5200000000000005 0
2987 25.23506493506492 0.5199999999999996 0
2988 25.72987012987011 0.5199999999999996 0
2989 26.22467532467531 0.5199999999999996 0
2990 26.71948051948051 0.5200000000000005 0
2991 27.2142857142857 0.5200000000000005 0
2992 27.7090909090909 0.5199999999999996 0
2993 28.20389610389609 0.5200000000000005 0
2994 28.69870129870129 0.5199999999999996 0
2995 29.19350649350648 0.5200000000000005 0
2996 29.68831168831168 0.5200000000000005 0
2997 30.18311688311687 0.5199999999999996 0
2998 30.67792207792207 0.5199999999999996 0
2999 31.17272727272727 0.5200000000000005 0
3000 31.66753246753246 0.5199999999999996 0
3001 32.16233766233766 0.5199999999999996 0
3002 32.65714285714285 0.5199999999999996 0
3003 33.15194805194805 0.5200000000000005 0
3004 33.64675324675324 0.5199999999999996 0
3005 34.14155844155844 0.5200000000000005 0
3006 34.63636363636363 0.5200000000000005 0
3007 35.13116883116883 0.5200000000000005 0
3008 35.62597402597402 0.5200000000000005 0
3009 36.12077922077922 0.5199999999999996 0
3010 36.61558441558442 0.5200000000000005 0
3011 37.11038961038961 0.5199999999999996 0
3012 37.60519480519481 0.5200000000000005 0
3013 0.494805194805199 10.52 0.02
3014 0.9896103896103909 10.52 0.02
3015 1.484415584415586 10.52 0.02
3016 1.979220779220782 10.52 0.02
3017 2.474025974025977 10.52 0.02
3018 2.968831168831173 10.52 0.02
3019 3.463636363636363 10.52 0.02
3020 3.958441558441555 10.52 0.02
3021 4.453246753246759 10.52 0.02
3022 4.948051948051948 10.52 0.02
3023 5.44285714285714 10.52 0.02
3024 5.937662337662339 10.52 0.02
3025 6.432467532467532 10.52 0.02
3026 6.927272727272722 10.52 0.02
3027 7.422077922077918 10.52 0.02
3028 7.916883116883106 10.52 0.02
3029 8.411688311688305 10.52 0.02
3030 8.906493506493499 10.52 0.02
3031 9.401298701298696 10.52 0.02
3032 9.896103896103888 10.52 0.02
3033 10.39090909090908 10.52 0.02
3034 10.88571428571428 10.52 0.02
3035 11.38051948051947 10.52 0.02
3036 11.87532467532466 10.52 0.02
3037 12.37012987012985 10.52 0.02
3038 12.86493506493505 10.52 0.02
3039 13.35974025974025 10.52 0.02
3040 13.85454545454544 10.52 0.02
3041 14.34935064935063 10.52 0.02
3042 14.84415584415583 10.52 0.02
3043 15.33896103896102 10.52 0.02
3044 15.83376623376622 10.52 0.02
3045 16.32857142857141 10.52 0.02
3046 16.8233766233766 10.52 0.02
3047 17.31818181818179 10.52 0.02
3048 17.81298701298699 10.52 0.02
3049 18.30779220779219 10.52 0.02
3050 18.80259740259738 10.52 0.02
3051 19.29740259740258 10.52 0.02
3052 19.79220779220777 10.52 0.02
3053 20.28701298701296 10.52 0.02
3054 20.78181818181816 10.52 0.02
3055 21.27662337662336 10.52 0.02
3056 21.77142857142855 10.52 0.02
3057 22.26623376623375 10.52 0.02
3058 22.76103896103894 10.52 0.02
3059 23.25584415584414 10.52 0.02
3060 23.75064935064933 10.52 0.02
3061 24.24545454545452 10.52 0.02
3062 24.74025974025972 10.52 0.02
3063 25.23506493506492 10.52 0.02
3064 25.72987012987011 10.52 0.02
3065 26.22467532467531 10.52 0.02
3066 26.71948051948051 10.52 0.02
3067 27.2142857142857 10.52 0.02
3068 27.7090909090909 10.52 0.02
3069 28.20389610389609 10.52 0.02
3070 28.69870129870129 10.52 0.02
3071 29.19350649350648 10.52 0.02
3072 29.68831168831168 10.52 0.02
3073 30.18311688311687 10.52 0.02
3074 30.67792207792207 10.52 0.02
3075 31.17272727272726 10.52 0.02
3076 31.66753246753246 10.52 0.02
3077 32.16233766233765 10.52 0.02
3078 32.65714285714285 10.52 0.02
3079 33.15194805194805 10.52 0.02
3080 33.64675324675324 10.52 0.02
3081 34.14155844155844 10.52 0.02
3082 34.63636363636363 10.52 0.02
3083 35.13116883116883 10.52 0.02
3084 35.62597402597402 10.52 0.02
3085 36.12077922077921 10.52 0.02
3086 36.61558441558441 10.52 0.02
3087 37.1103896103896 10.52 0.02
3088 37.60519480519481 10.52 0.02
3089 0.4948051948051919 10.02 0.02
3090 0.9896103896104052 10.02 0.02
3091 1.484415584415586 10.02 0.02
3092 1.979220779220785 10.02 0.02
3093 2.474025974025974 10.02 0.02
3094 2.968831168831173 10.02 0.02
3095 3.463636363636365 10.02 0.02
3096 3.958441558441562 10.02 0.02
3097 4.453246753246757 10.02 0.02
3098 4.948051948051948 10.02 0.02
3099 5.442857142857143 10.02 0.02
3100 5.937662337662342 10.02 0.02
3101 6.43246753246753 10.02 0.02
3102 6.927272727272721 10.02 0.02
3103 7.42207792207792 10.02 0.02
3104 7.916883116883106 10.02 0.02
3105 8.411688311688303 10.02 0.02
3106 8.906493506493501 10.02 0.02
3107 9.401298701298696 10.02 0.02
3108 9.896103896103886 10.02 0.02
3109 10.39090909090909 10.02 0.02
3110 10.88571428571428 10.02 0.02
3111 11.38051948051947 10.02 0.02
3112 11.87532467532466 10.02 0.02
3113 12.37012987012986 10.02 0.02
3114 12.86493506493505 10.02 0.02
3115 13.35974025974025 10.02 0.02
3116 13.85454545454544 10.02 0.02
3117 14.34935064935063 10.02 0.02
3118 14.84415584415583 10.02 0.02
3119 15.33896103896102 10.02 0.02
3120 15.83376623376622 10.02 0.02
3121 16.32857142857141 10.02 0.02
3122 16.8233766233766 10.02 0.02
3123 17.3181818181818 10.02 0.02
3124 17.81298701298699 10.02 0.02
3125 18.30779220779218 10.02 0.02
3126 18.80259740259738 10.02 0.02
3127 19.29740259740258 10.02 0.02
3128 19.79220779220777 10.02 0.02
3129 20.28701298701296 10.02 0.02
3130 20.78181818181816 10.02 0.02
3131 21.27662337662336 10.02 0.02
3132 21.77142857142855 10.02 0.02
3133 22.26623376623375 10.02 0.02
3134 22.76103896103894 10.02 0.02
3135 23.25584415584413 10.02 0.02
3136 23.75064935064933 10.02 0.02
3137 24.24545454545453 10.02 0.02
3138 24.74025974025972 10.02 0.02
3139 25.23506493506492 10.02 0.02
3140 25.72987012987011 10.02 0.02
3141 26.22467532467531 10.02 0.02
3142 26.71948051948051 10.02 0.02
3143 27.2142857142857 10.02 0.02
3144 27.7090909090909 10.02 0.02
3145 28.20389610389609 10.02 0.02
3146 28.69870129870129 10.02 0.02
3147 29.19350649350648 10.02 0.02
3148 29.68831168831168 10.02 0.02
3149 30.18311688311687 10.02 0.02
3150 30.67792207792207 10.02 0.02
3151 31.17272727272726 10.02 0.02
3152 31.66753246753246 10.02 0.02
3153 32.16233766233766 10.02 0.02
3154 32.65714285714285 10.02 0.02
3155 33.15194805194805 10.02 0.02
3156 33.64675324675324 10.02 0.02
3157 34.14155844155844 10.02 0.02
3158 34.63636363636363 10.02 0.02
3159 35.13116883116883 10.02 0.02
3160 35.62597402597403 10.02 0.02
3161 36.12077922077921 10.02 0.02
3162 36.61558441558442 10.02 0.02
3163 37.11038961038961 10.02 0.02
3164 37.60519480519481 10.02 0.02
3165 0.4948051948051955 9.52 0.02
3166 0.9896103896103909 9.52 0.02
3167 1.484415584415586 9.52 0.02
3168 1.979220779220785 9.52 0.02
3169 2.474025974025977 9.52 0.02
3170 2.968831168831173 9.52 0.02
3171 3.463636363636365 9.52 0.02
3172 3.95844155844156 9.52 0.02
3173 4.453246753246761 9.52 0.02
3174 4.948051948051946 9.52 0.02
3175 5.442857142857143 9.52 0.02
3176 5.937662337662339 9.52 0.02
3177 6.43246753246753 9.52 0.02
3178 6.927272727272724 9.52 0.02
3179 7.422077922077918 9.52 0.02
3180 7.916883116883106 9.52 0.02
3181 8.411688311688302 9.52 0.02
3182 8.906493506493501 9.52 0.02
3183 9.401298701298694 9.52 0.02
3184 9.896103896103888 9.52 0.02
3185 10.39090909090908 9.52 0.02
3186 10.88571428571428 9.52 0.02
3187 11.38051948051947 9.52 0.02
3188 11.87532467532466 9.52 0.02
3189 12.37012987012986 9.52 0.02
3190 12.86493506493505 9.52 0.02
3191 13.35974025974025 9.52 0.02
3192 13.85454545454544 9.52 0.02
3193 14.34935064935063 9.52 0.02
3194 14.84415584415583 9.52 0.02
3195 15.33896103896102 9.52 0.02
3196 15.83376623376622 9.52 0.02
3197 16.32857142857141 9.52 0.02
3198 16.8233766233766 9.52 0.02
3199 17.3181818181818 9.52 0.02
3200 17.81298701298699 9.52 0.02
3201 18.30779220779219 9.52 0.02
3202 18.80259740259738 9.52 0.02
3203 19.29740259740258 9.52 0.02
3204 19.79220779220777 9.52 0.02
3205 20.28701298701296 9.52 0.02
3206 20.78181818181816 9.52 0.02
3207 21.27662337662336 9.52 0.02
3208 21.77142857142855 9.52 0.02
3209 22.26623376623375 9.52 0.02
3210 22.76103896103894 9.52 0.02
3211 23.25584415584414 9.52 0.02
3212 23.75064935064933 9.52 0.02
3213 24.24545454545453 9.52 0.02
3214 24.74025974025972 9.52 0.02
3215 25.23506493506492 9.52 0.02
3216 25.72987012987011 9.52 0.02
3217 26.22467532467531 9.52 0.02
3218 26.71948051948051 9.52 0.02
3219 27.2142857142857 9.52 0.02
3220 27.7090909090909 9.52 0.02
3221 28.20389610389609 9.52 0.02
3222 28.69870129870129 9.52 0.02
3223 29.19350649350648 9.52 0.02
3224 29.68831168831168 9.52 0.02
3225 30.18311688311687 9.52 0.02
3226 30.67792207792207 9.52 0.02
3227 31.17272727272727 9.52 0.02
3228 31.66753246753246 9.52 0.02
3229 32.16233766233766 9.52 0.02
3230 32.65714285714285 9.52 0.02
3231 33.15194805194805 9.52 0.02
3232 33.64675324675324 9.52 0.02
3233 34.14155844155844 9.52 0.02
3234 34.63636363636363 9.52 0.02
3235 35.13116883116883 9.52 0.02
3236 35.62597402597403 9.52 0.02
3237 36.12077922077921 9.52 0.02
3238 36.61558441558441 9.52 0.02
3239 37.1103896103896 9.52 0.02
3240 37.60519480519481 9.52 0.02
3241 0.4948051948051955 9.02 0.02
3242 0.9896103896103909 9.02 0.02
3243 1.484415584415586 9.02 0.02
3244 1.979220779220782 9.02 0.02
3245 2.474025974025974 9.02 0.02
3246 2.968831168831173 9.020000000000001 0.02
3247 3.463636363636367 9.02 0.02
3248 3.95844155844156 9.02 0.02
3249 4.453246753246761 9.02 0.02
3250 4.948051948051949 9.02 0.02
3251 5.442857142857147 9.02 0.02
3252 5.937662337662339 9.02 0.02
3253 6.43246753246753 9.02 0.02
3254 6.927272727272722 9.02 0.02
3255 7.422077922077918 9.02 0.02
3256 7.916883116883106 9.02 0.02
3257 8.411688311688303 9.020000000000001 0.02
3258 8.906493506493501 9.02 0.02
3259 9.401298701298696 9.02 0.02
3260 9.896103896103888 9.02 0.02
3261 10.39090909090908 9.02 0.02
3262 10.88571428571428 9.020000000000001 0.02
3263 11.38051948051947 9.02 0.02
3264 11.87532467532466 9.02 0.02
3265 12.37012987012985 9.02 0.02
3266 12.86493506493505 9.02 0.02
3267 13.35974025974025 9.02 0.02
3268 13.85454545454544 9.02 0.02
3269 14.34935064935063 9.02 0.02
3270 14.84415584415583 9.02 0.02
3271 15.33896103896102 9.02 0.02
3272 15.83376623376622 9.02 0.02
3273 16.32857142857141 9.02 0.02
3274 16.8233766233766 9.02 0.02
3275 17.31818181818179 9.02 0.02
3276 17.81298701298699 9.02 0.02
3277 18.30779220779219 9.02 0.02
3278 18.80259740259738 9.02 0.02
3279 19.29740259740258 9.02 0.02
3280 19.79220779220777 9.02 0.02
3281 20.28701298701296 9.02 0.02
3282 20.78181818181816 9.02 0.02
3283 21.27662337662336 9.02 0.02
3284 21.77142857142855 9.02 0.02
3285 22.26623376623375 9.02 0.02
3286 22.76103896103894 9.02 0.02
3287 23.25584415584414 9.02 0.02
3288 23.75064935064933 9.02 0.02
3289 24.24545454545453 9.02 0.02
3290 24.74025974025972 9.02 0.02
3291 25.23506493506492 9.02 0.02
3292 25.72987012987012 9.02 0.02
3293 26.22467532467531 9.02 0.02
3294 26.71948051948051 9.02 0.02
3295 27.2142857142857 9.02 0.02
3296 27.7090909090909 9.02 0.02
3297 28.20389610389609 9.02 0.02
3298 28.69870129870129 9.02 0.02
3299 29.19350649350648 9.02 0.02
3300 29.68831168831168 9.02 0.02
3301 30.18311688311688 9.02 0.02
3302 30.67792207792207 9.02 0.02
3303 31.17272727272726 9.02 0.02
3304 31.66753246753246 9.02 0.02
3305 32.16233766233765 9.02 0.02
3306 32.65714285714285 9.02 0.02
3307 33.15194805194805 9.02 0.02
3308 33.64675324675324 9.02 0.02
3309 34.14155844155844 9.02 0.02
3310 34.63636363636363 9.02 0.02
3311 35.13116883116884 9.02 0.02
3312 35.62597402597403 9.02 0.02
3313 36.12077922077922 9.02 0.02
3314 36.61558441558442 9.02 0.02
3315 37.11038961038961 9.02 0.02
3316 37.6051948051948 9.02 0.02
3317 0.4948051948051955 8.52 0.02
3318 0.9896103896103909 8.52 0.02
3319 1.484415584415586 8.52 0.02
3320 1.979220779220782 8.52 0.02
3321 2.474025974025974 8.52 0.02
3322 2.968831168831173 8.52 0.02
3323 3.463636363636361 8.52 0.02
3324 3.958441558441562 8.52 0.02
3325 4.453246753246759 8.52 0.02
3326 4.948051948051949 8.52 0.02
3327 5.442857142857143 8.52 0.02
3328 5.937662337662339 8.52 0.02
3329 6.432467532467529 8.52 0.02
3330 6.927272727272722 8.52 0.02
3331 7.422077922077918 8.52 0.02
3332 7.916883116883106 8.52 0.02
3333 8.411688311688303 8.52 0.02
3334 8.906493506493501 8.52 0.02
3335 9.401298701298694 8.52 0.02
3336 9.896103896103888 8.52 0.02
3337 10.39090909090908 8.52 0.02
3338 10.88571428571428 8.52 0.02
3339 11.38051948051947 8.52 0.02
3340 11.87532467532466 8.52 0.02
3341 12.37012987012985 8.52 0.02
3342 12.86493506493505 8.52 0.02
3343 13.35974025974025 8.52 0.02
3344 13.85454545454544 8.52 0.02
3345 14.34935064935063 8.52 0.02
3346 14.84415584415583 8.52 0.02
3347 15.33896103896102 8.52 0.02
3348 15.83376623376622 8.52 0.02
3349 16.32857142857141 8.52 0.02
3350 16.8233766233766 8.52 0.02
3351 17.3181818181818 8.52 0.02
3352 17.81298701298699 8.52 0.02
3353 18.30779220779219 8.52 0.02
3354 18.80259740259738 8.52 0.02
3355 19.29740259740258 8.52 0.02
3356 19.79220779220777 8.52 0.02
3357 20.28701298701296 8.52 0.02
3358 20.78181818181816 8.52 0.02
3359 21.27662337662336 8.52 0.02
3360 21.77142857142855 8.52 0.02
3361 22.26623376623375 8.52 0.02
3362 22.76103896103894 8.52 0.02
3363 23.25584415584413 8.52 0.02
3364 23.75064935064933 8.52 0.02
3365 24.24545454545453 8.52 0.02
3366 24.74025974025972 8.52 0.02
3367 25.23506493506492 8.52 0.02
3368 25.72987012987011 8.52 0.02
3369 26.22467532467531 8.52 0.02
3370 26.71948051948051 8.52 0.02
3371 27.2142857142857 8.52 0.02
3372 27.7090909090909 8.52 0.02
3373 28.20389610389609 8.52 0.02
3374 28.69870129870129 8.52 0.02
3375 29.19350649350648 8.52 0.02
3376 29.68831168831168 8.52 0.02
3377 30.18311688311687 8.52 0.02
3378 30.67792207792207 8.52 0.02
3379 31.17272727272726 8.52 0.02
3380 31.66753246753246 8.52 0.02
3381 32.16233766233766 8.52 0.02
3382 32.65714285714285 8.52 0.02
3383 33.15194805194805 8.52 0.02
3384 33.64675324675324 8.52 0.02
3385 34.14155844155844 8.52 0.02
3386 34.63636363636363 8.52 0.02
3387 35.13116883116884 8.52 0.02
3388 35.62597402597403 8.52 0.02
3389 36.12077922077921 8.52 0.02
3390 36.61558441558442 8.52 0.02
3391 37.11038961038961 8.52 0.02
3392 37.60519480519481 8.52 0.02
3393 0.4948051948051955 8.019999999999998 0.02
3394 0.9896103896103909 8.02 0.02
3395 1.48441558441559 8.02 0.02
3396 1.979220779220785 8.02 0.02
3397 2.474025974025977 8.02 0.02
3398 2.968831168831173 8.02 0.02
3399 3.463636363636363 8.02 0.02
3400 3.95844155844156 8.02 0.02
3401 4.453246753246759 8.02 0.02
3402 4.948051948051944 8.02 0.02
3403 5.442857142857143 8.02 0.02
3404 5.937662337662339 8.02 0.02
3405 6.432467532467532 8.02 0.02
3406 6.927272727272722 8.02 0.02
3407 7.422077922077921 8.02 0.02
3408 7.916883116883104 8.02 0.02
3409 8.411688311688303 8.02 0.02
3410 8.906493506493501 8.02 0.02
3411 9.401298701298698 8.02 0.02
3412 9.896103896103888 8.02 0.02
3413 10.39090909090909 8.02 0.02
3414 10.88571428571428 8.02 0.02
3415 11.38051948051947 8.02 0.02
3416 11.87532467532466 8.02 0.02
3417 12.37012987012985 8.02 0.02
3418 12.86493506493505 8.02 0.02
3419 13.35974025974025 8.02 0.02
3420 13.85454545454544 8.02 0.02
3421 14.34935064935063 8.02 0.02
3422 14.84415584415583 8.02 0.02
3423 15.33896103896102 8.02 0.02
3424 15.83376623376622 8.02 0.02
3425 16.32857142857141 8.02 0.02
3426 16.8233766233766 8.02 0.02
3427 17.3181818181818 8.02 0.02
3428 17.81298701298699 8.02 0.02
3429 18.30779220779219 8.02 0.02
3430 18.80259740259738 8.02 0.02
3431 19.29740259740258 8.02 0.02
3432 19.79220779220777 8.02 0.02
3433 20.28701298701296 8.02 0.02
3434 20.78181818181816 8.02 0.02
3435 21.27662337662336 8.02 0.02
3436 21.77142857142855 8.02 0.02
3437 22.26623376623375 8.02 0.02
3438 22.76103896103894 8.02 0.02
3439 23.25584415584414 8.02 0.02
3440 23.75064935064933 8.02 0.02
3441 24.24545454545453 8.02 0.02
3442 24.74025974025972 8.02 0.02
3443 25.23506493506492 8.02 0.02
3444 25.72987012987012 8.02 0.02
3445 26.22467532467531 8.02 0.02
3446 26.71948051948051 8.02 0.02
3447 27.2142857142857 8.02 0.02
3448 27.7090909090909 8.02 0.02
3449 28.20389610389609 8.02 0.02
3450 28.69870129870129 8.02 0.02
3451 29.19350649350648 8.02 0.02
3452 29.68831168831168 8.02 0.02
3453 30.18311688311687 8.02 0.02
3454 30.67792207792207 8.02 0.02
3455 31.17272727272726 8.02 0.02
3456 31.66753246753246 8.02 0.02
3457 32.16233766233766 8.02 0.02
3458 32.65714285714285 8.02 0.02
3459 33.15194805194805 8.02 0.02
3460 33.64675324675324 8.02 0.02
3461 34.14155844155844 8.02 0.02
3462 34.63636363636363 8.02 0.02
3463 35.13116883116883 8.02 0.02
3464 35.62597402597403 8.02 0.02
3465 36.12077922077921 8.02 0.02
3466 36.61558441558441 8.02 0.02
3467 37.11038961038961 8.02 0.02
3468 37.6051948051948 8.02 0.02
3469 0.4948051948051955 7.52 0.02
3470 0.9896103896103909 7.52 0.02
3471 1.484415584415586 7.52 0.02
3472 1.979220779220785 7.52 0.02
3473 2.474025974025977 7.52 0.02
3474 2.968831168831173 7.52 0.02
3475 3.463636363636365 7.52 0.02
3476 3.958441558441558 7.52 0.02
3477 4.453246753246757 7.52 0.02
3478 4.948051948051944 7.52 0.02
3479 5.442857142857143 7.52 0.02
3480 5.937662337662339 7.52 0.02
3481 6.432467532467527 7.52 0.02
3482 6.927272727272726 7.52 0.02
3483 7.422077922077918 7.52 0.02
3484 7.916883116883104 7.52 0.02
3485 8.411688311688305 7.52 0.02
3486 8.906493506493502 7.52 0.02
3487 9.401298701298698 7.52 0.02
3488 9.89610389610389 7.52 0.02
3489 10.39090909090908 7.52 0.02
3490 10.88571428571428 7.52 0.02
3491 11.38051948051947 7.52 0.02
3492 11.87532467532466 7.52 0.02
3493 12.37012987012985 7.520000000000001 0.02
3494 12.86493506493505 7.52 0.02
3495 13.35974025974025 7.52 0.02
3496 13.85454545454544 7.52 0.02
3497 14.34935064935063 7.52 0.02
3498 14.84415584415583 7.52 0.02
3499 15.33896103896102 7.52 0.02
3500 15.83376623376622 7.52 0.02
3501 16.32857142857141 7.52 0.02
3502 16.8233766233766 7.52 0.02
3503 17.3181818181818 7.520000000000001 0.02
3504 17.81298701298699 7.52 0.02
3505 18.30779220779219 7.52 0.02
3506 18.80259740259738 7.52 0.02
3507 19.29740259740258 7.52 0.02
3508 19.79220779220777 7.52 0.02
3509 20.28701298701296 7.520000000000001 0.02
3510 20.78181818181816 7.52 0.02
3511 21.27662337662336 7.520000000000001 0.02
3512 21.77142857142855 7.52 0.02
3513 22.26623376623375 7.52 0.02
3514 22.76103896103894 7.52 0.02
3515 23.25584415584413 7.52 0.02
3516 23.75064935064933 7.52 0.02
3517 24.24545454545453 7.52 0.02
3518 24.74025974025972 7.520000000000001 0.02
3519 25.23506493506492 7.52 0.02
3520 25.72987012987012 7.52 0.02
3521 26.22467532467531 7.520000000000001 0.02
3522 26.71948051948051 7.52 0.02
3523 27.2142857142857 7.52 0.02
3524 27.7090909090909 7.52 0.02
3525 28.20389610389609 7.520000000000001 0.02
3526 28.69870129870129 7.520000000000001 0.02
3527 29.19350649350648 7.52 0.02
3528 29.68831168831168 7.52 0.02
3529 30.18311688311687 7.520000000000001 0.02
3530 30.67792207792207 7.52 0.02
3531 31.17272727272727 7.520000000000001 0.02
3532 31.66753246753246 7.52 0.02
3533 32.16233766233766 7.52 0.02
3534 32.65714285714284 7.520000000000001 0.02
3535 33.15194805194805 7.52 0.02
3536 33.64675324675324 7.520000000000001 0.02
3537 34.14155844155844 7.52 0.02
3538 34.63636363636363 7.520000000000001 0.02
3539 35.13116883116884 7.520000000000001 0.02
3540 35.62597402597403 7.52 0.02
3541 36.12077922077921 7.52 0.02
3542 36.61558441558442 7.520000000000001 0.02
3543 37.11038961038961 7.520000000000001 0.02
3544 37.60519480519481 7.520000000000001 0.02
3545 0.4948051948051919 7.02 0.02
3546 0.9896103896103909 7.02 0.02
3547 1.484415584415586 7.02 0.02
3548 1.979220779220782 7.02 0.02
3549 2.474025974025977 7.02 0.02
3550 2.968831168831173 7.02 0.02
3551 3.463636363636363 7.02 0.02
3552 3.958441558441562 7.02 0.02
3553 4.453246753246757 7.02 0.02
3554 4.948051948051944 7.02 0.02
3555 5.442857142857143 7.02 0.02
3556 5.937662337662339 7.02 0.02
3557 6.432467532467532 7.02 0.02
3558 6.927272727272722 7.02 0.02
3559 7.422077922077918 7.02 0.02
3560 7.916883116883106 7.02 0.02
3561 8.411688311688305 7.02 0.02
3562 8.906493506493501 7.02 0.02
3563 9.401298701298698 7.02 0.02
3564 9.896103896103888 7.02 0.02
3565 10.39090909090908 7.02 0.02
3566 10.88571428571428 7.02 0.02
3567 11.38051948051947 7.02 0.02
3568 11.87532467532466 7.02 0.02
3569 12.37012987012985 7.02 0.02
3570 12.86493506493505 7.02 0.02
3571 13.35974025974025 7.02 0.02
3572 13.85454545454544 7.02 0.02
3573 14.34935064935063 7.02 0.02
3574 14.84415584415583 7.02 0.02
3575 15.33896103896102 7.02 0.02
3576 15.83376623376622 7.02 0.02
3577 16.3285714285714 7.02 0.02
3578 16.8233766233766 7.02 0.02
3579 17.3181818181818 7.02 0.02
3580 17.81298701298699 7.02 0.02
3581 18.30779220779219 7.02 0.02
3582 18.80259740259738 7.02 0.02
3583 19.29740259740258 7.02 0.02
3584 19.79220779220777 7.02 0.02
3585 20.28701298701296 7.02 0.02
3586 20.78181818181816 7.02 0.02
3587 21.27662337662336 7.02 0.02
3588 21.77142857142855 7.02 0.02
3589 22.26623376623374 7.02 0.02
3590 22.76103896103894 7.02 0.02
3591 23.25584415584414 7.02 0.02
3592 23.75064935064933 7.02 0.02
3593 24.24545454545453 7.02 0.02
3594 24.74025974025972 7.02 0.02
3595 25.23506493506492 7.02 0.02
3596 25.72987012987012 7.02 0.02
3597 26.22467532467531 7.02 0.02
3598 26.71948051948051 7.02 0.02
3599 27.2142857142857 7.02 0.02
3600 27.7090909090909 7.02 0.02
3601 28.20389610389609 7.02 0.02
3602 28.69870129870129 7.02 0.02
3603 29.19350649350648 7.02 0.02
3604 29.68831168831168 7.02 0.02
3605 30.18311688311687 7.02 0.02
3606 30.67792207792207 7.02 0.02
3607 31.17272727272726 7.02 0.02
3608 31.66753246753246 7.02 0.02
3609 32.16233766233765 7.02 0.02
3610 32.65714285714285 7.02 0.02
3611 33.15194805194805 7.02 0.02
3612 33.64675324675324 7.02 0.02
3613 34.14155844155844 7.02 0.02
3614 34.63636363636364 7.02 0.02
3615 35.13116883116883 7.02 0.02
3616 35.62597402597403 7.02 0.02
3617 36.12077922077921 7.02 0.02
3618 36.61558441558442 7.02 0.02
3619 37.11038961038961 7.02 0.02
3620 37.6051948051948 7.02 0.02
3621 0.4948051948051955 6.52 0.02
3622 0.9896103896103874 6.52 0.02
3623 1.484415584415586 6.52 0.02
3624 1.979220779220778 6.52 0.02
3625 2.474025974025981 6.52 0.02
3626 2.968831168831169 6.52 0.02
3627 3.463636363636367 6.52 0.02
3628 3.95844155844156 6.52 0.02
3629 4.453246753246756 6.52 0.02
3630 4.948051948051948 6.52 0.02
3631 5.442857142857147 6.52 0.02
3632 5.937662337662339 6.52 0.02
3633 6.432467532467529 6.52 0.02
3634 6.927272727272722 6.52 0.02
3635 7.422077922077918 6.52 0.02
3636 7.916883116883106 6.52 0.02
3637 8.411688311688303 6.52 0.02
3638 8.906493506493499 6.52 0.02
3639 9.401298701298694 6.52 0.02
3640 9.896103896103888 6.52 0.02
3641 10.39090909090908 6.52 0.02
3642 10.88571428571428 6.52 0.02
3643 11.38051948051947 6.52 0.02
3644 11.87532467532466 6.52 0.02
3645 12.37012987012985 6.52 0.02
3646 12.86493506493505 6.52 0.02
3647 13.35974025974025 6.52 0.02
3648 13.85454545454544 6.52 0.02
3649 14.34935064935063 6.52 0.02
3650 14.84415584415583 6.52 0.02
3651 15.33896103896102 6.52 0.02
3652 15.83376623376622 6.52 0.02
3653 16.32857142857141 6.52 0.02
3654 16.8233766233766 6.52 0.02
3655 17.3181818181818 6.52 0.02
3656 17.81298701298699 6.52 0.02
3657 18.30779220779219 6.52 0.02
3658 18.80259740259738 6.52 0.02
3659 19.29740259740258 6.52 0.02
3660 19.79220779220777 6.52 0.02
3661 20.28701298701296 6.52 0.02
3662 20.78181818181816 6.52 0.02
3663 21.27662337662336 6.52 0.02
3664 21.77142857142855 6.52 0.02
3665 22.26623376623375 6.52 0.02
3666 22.76103896103894 6.52 0.02
3667 23.25584415584414 6.52 0.02
3668 23.75064935064933 6.52 0.02
3669 24.24545454545453 6.52 0.02
3670 24.74025974025972 6.52 0.02
3671 25.23506493506492 6.52 0.02
3672 25.72987012987012 6.52 0.02
3673 26.22467532467531 6.52 0.02
3674 26.71948051948051 6.52 0.02
3675 27.2142857142857 6.52 0.02
3676 27.7090909090909 6.52 0.02
3677 28.20389610389609 6.52 0.02
3678 28.69870129870129 6.52 0.02
3679 29.19350649350648 6.52 0.02
3680 29.68831168831168 6.52 0.02
3681 30.18311688311687 6.52 0.02
3682 30.67792207792207 6.52 0.02
3683 31.17272727272727 6.52 0.02
3684 31.66753246753246 6.52 0.02
3685 32.16233766233766 6.52 0.02
3686 32.65714285714285 6.52 0.02
3687 33.15194805194805 6.52 0.02
3688 33.64675324675325 6.52 0.02
3689 34.14155844155844 6.52 0.02
3690 34.63636363636363 6.52 0.02
3691 35.13116883116884 6.52 0.02
3692 35.62597402597402 6.52 0.02
3693 36.12077922077922 6.52 0.02
3694 36.61558441558442 6.52 0.02
3695 37.1103896103896 6.52 0.02
3696 37.60519480519481 6.52 0.02
3697 0.4948051948052097 6.02 0.02
3698 0.9896103896104052 6.02 0.02
3699 1.484415584415586 6.02 0.02
3700 1.979220779220785 6.02 0.02
3701 2.474025974025974 6.02 0.02
3702 2.968831168831173 6.02 0.02
3703 3.463636363636365 6.02 0.02
3704 3.95844155844156 6.02 0.02
3705 4.453246753246759 6.02 0.02
3706 4.948051948051948 6.02 0.02
3707 5.442857142857143 6.02 0.02
3708 5.937662337662339 6.02 0.02
3709 6.432467532467529 6.02 0.02
3710 6.927272727272722 6.02 0.02
3711 7.422077922077918 6.02 0.02
3712 7.916883116883104 6.02 0.02
3713 8.411688311688303 6.02 0.02
3714 8.906493506493501 6.02 0.02
3715 9.401298701298696 6.02 0.02
3716 9.896103896103888 6.02 0.02
3717 10.39090909090908 6.02 0.02
3718 10.88571428571428 6.02 0.02
3719 11.38051948051947 6.02 0.02
3720 11.87532467532466 6.02 0.02
3721 12.37012987012985 6.02 0.02
3722 12.86493506493505 6.02 0.02
3723 13.35974025974025 6.02 0.02
3724 13.85454545454544 6.02 0.02
3725 14.34935064935063 6.02 0.02
3726 14.84415584415583 6.02 0.02
3727 15.33896103896102 6.02 0.02
3728 15.83376623376622 6.02 0.02
3729 16.32857142857141 6.02 0.02
3730 16.8233766233766 6.02 0.02
3731 17.3181818181818 6.02 0.02
3732 17.81298701298699 6.02 0.02
3733 18.30779220779218 6.02 0.02
3734 18.80259740259738 6.02 0.02
3735 19.29740259740258 6.02 0.02
3736 19.79220779220777 6.02 0.02
3737 20.28701298701296 6.02 0.02
3738 20.78181818181816 6.02 0.02
3739 21.27662337662336 6.02 0.02
3740 21.77142857142855 6.02 0.02
3741 22.26623376623375 6.02 0.02
3742 22.76103896103894 6.02 0.02
3743 23.25584415584413 6.02 0.02
3744 23.75064935064933 6.02 0.02
3745 24.24545454545453 6.02 0.02
3746 24.74025974025972 6.02 0.02
3747 25.23506493506492 6.02 0.02
3748 25.72987012987012 6.02 0.02
3749 26.22467532467531 6.02 0.02
3750 26.71948051948051 6.02 0.02
3751 27.2142857142857 6.02 0.02
3752 27.7090909090909 6.02 0.02
3753 28.20389610389609 6.02 0.02
3754 28.69870129870128 6.02 0.02
3755 29.19350649350648 6.02 0.02
3756 29.68831168831168 6.02 0.02
3757 30.18311688311687 6.02 0.02
3758 30.67792207792207 6.02 0.02
3759 31.17272727272726 6.02 0.02
3760 31.66753246753246 6.02 0.02
3761 32.16233766233766 6.02 0.02
3762 32.65714285714285 6.02 0.02
3763 33.15194805194805 6.02 0.02
3764 33.64675324675324 6.02 0.02
3765 34.14155844155844 6.02 0.02
3766 34.63636363636363 6.02 0.02
3767 35.13116883116884 6.02 0.02
3768 35.62597402597403 6.02 0.02
3769 36.12077922077921 6.02 0.02
3770 36.61558441558442 6.02 0.02
3771 37.1103896103896 6.02 0.02
3772 37.60519480519481 6.02 0.02
3773 0.494805194805199 5.52 0.02
3774 0.9896103896103945 5.52 0.02
3775 1.484415584415586 5.52 0.02
3776 1.979220779220782 5.52 0.02
3777 2.474025974025977 5.52 0.02
3778 2.968831168831173 5.52 0.02
3779 3.463636363636363 5.52 0.02
3780 3.958441558441558 5.52 0.02
3781 4.453246753246759 5.52 0.02
3782 4.948051948051948 5.52 0.02
3783 5.442857142857143 5.52 0.02
3784 5.937662337662339 5.52 0.02
3785 6.43246753246753 5.52 0.02
3786 6.927272727272722 5.52 0.02
3787 7.422077922077918 5.52 0.02
3788 7.916883116883108 5.52 0.02
3789 8.411688311688305 5.52 0.02
3790 8.906493506493501 5.52 0.02
3791 9.401298701298696 5.52 0.02
3792 9.896103896103888 5.52 0.02
3793 10.39090909090908 5.52 0.02
3794 10.88571428571428 5.52 0.02
3795 11.38051948051947 5.52 0.02
3796 11.87532467532466 5.52 0.02
3797 12.37012987012985 5.52 0.02
3798 12.86493506493505 5.52 0.02
3799 13.35974025974025 5.52 0.02
3800 13.85454545454544 5.52 0.02
3801 14.34935064935063 5.52 0.02
3802 14.84415584415583 5.52 0.02
3803 15.33896103896102 5.52 0.02
3804 15.83376623376622 5.52 0.02
3805 16.32857142857141 5.52 0.02
3806 16.8233766233766 5.52 0.02
3807 17.3181818181818 5.52 0.02
3808 17.81298701298699 5.52 0.02
3809 18.30779220779219 5.52 0.02
3810 18.80259740259738 5.52 0.02
3811 19.29740259740258 5.52 0.02
3812 19.79220779220777 5.52 0.02
3813 20.28701298701296 5.52 0.02
3814 20.78181818181816 5.52 0.02
3815 21.27662337662336 5.52 0.02
3816 21.77142857142855 5.52 0.02
3817 22.26623376623375 5.52 0.02
3818 22.76103896103894 5.52 0.02
3819 23.25584415584414 5.52 0.02
3820 23.75064935064933 5.52 0.02
3821 24.24545454545453 5.52 0.02
3822 24.74025974025972 5.52 0.02
3823 25.23506493506492 5.52 0.02
3824 25.72987012987011 5.52 0.02
3825 26.22467532467531 5.52 0.02
3826 26.71948051948051 5.52 0.02
3827 27.2142857142857 5.52 0.02
3828 27.7090909090909 5.52 0.02
3829 28.20389610389609 5.52 0.02
3830 28.69870129870129 5.52 0.02
3831 29.19350649350648 5.52 0.02
3832 29.68831168831168 5.52 0.02
3833 30.18311688311687 5.52 0.02
3834 30.67792207792207 5.52 0.02
3835 31.17272727272726 5.52 0.02
3836 31.66753246753246 5.52 0.02
3837 32.16233766233766 5.52 0.02
3838 32.65714285714285 5.52 0.02
3839 33.15194805194805 5.52 0.02
3840 33.64675324675324 5.52 0.02
3841 34.14155844155844 5.52 0.02
3842 34.63636363636363 5.52 0.02
3843 35.13116883116883 5.52 0.02
3844 35.62597402597402 5.52 0.02
3845 36.12077922077921 5.52 0.02
3846 36.61558441558442 5.52 0.02
3847 37.11038961038961 5.52 0.02
3848 37.60519480519481 5.52 0.02
3849 0.4948051948051955 5.02 0.02
3850 0.9896103896103909 5.02 0.02
3851 1.48441558441559 5.019999999999999 0.02
3852 1.979220779220785 5.02 0.02
3853 2.474025974025977 5.019999999999999 0.02
3854 2.968831168831173 5.019999999999999 0.02
3855 3.463636363636365 5.02 0.02
3856 3.95844155844156 5.02 0.02
3857 4.453246753246759 5.019999999999999 0.02
3858 4.948051948051948 5.019999999999999 0.02
3859 5.442857142857143 5.019999999999999 0.02
3860 5.937662337662339 5.02 0.02
3861 6.432467532467529 5.02 0.02
3862 6.927272727272722 5.02 0.02
3863 7.422077922077918 5.02 0.02
3864 7.916883116883104 5.019999999999999 0.02
3865 8.411688311688303 5.02 0.02
3866 8.906493506493501 5.02 0.02
3867 9.401298701298696 5.019999999999999 0.02
3868 9.896103896103888 5.02 0.02
3869 10.39090909090908 5.02 0.02
3870 10.88571428571428 5.019999999999999 0.02
3871 11.38051948051947 5.019999999999999 0.02
3872 11.87532467532466 5.019999999999999 0.02
3873 12.37012987012985 5.02 0.02
3874 12.86493506493505 5.019999999999999 0.02
3875 13.35974025974025 5.02 0.02
3876 13.85454545454544 5.02 0.02
3877 14.34935064935063 5.019999999999999 0.02
3878 14.84415584415583 5.019999999999999 0.02
3879 15.33896103896102 5.019999999999999 0.02
3880 15.83376623376622 5.019999999999999 0.02
3881 16.32857142857141 5.02 0.02
3882 16.8233766233766 5.02 0.02
3883 17.3181818181818 5.02 0.02
3884 17.81298701298699 5.02 0.02
3885 18.30779220779219 5.02 0.02
3886 18.80259740259738 5.019999999999999 0.02
3887 19.29740259740258 5.02 0.02
3888 19.79220779220777 5.02 0.02
3889 20.28701298701296 5.02 0.02
3890 20.78181818181816 5.02 0.02
3891 21.27662337662336 5.02 0.02
3892 21.77142857142855 5.02 0.02
3893 22.26623376623375 5.02 0.02
3894 22.76103896103894 5.019999999999999 0.02
3895 23.25584415584414 5.02 0.02
3896 23.75064935064933 5.02 0.02
3897 24.24545454545453 5.02 0.02
3898 24.74025974025972 5.019999999999999 0.02
3899 25.23506493506492 5.02 0.02
3900 25.72987012987012 5.019999999999999 0.02
3901 26.22467532467531 5.02 0.02
3902 26.71948051948051 5.02 0.02
3903 27.2142857142857 5.02 0.02
3904 27.7090909090909 5.02 0.02
3905 28.20389610389609 5.019999999999999 0.02
3906 28.69870129870129 5.02 0.02
3907 29.19350649350648 5.02 0.02
3908 29.68831168831168 5.02 0.02
3909 30.18311688311687 5.02 0.02
3910 30.67792207792207 5.019999999999999 0.02
3911 31.17272727272726 5.019999999999999 0.02
3912 31.66753246753246 5.02 0.02
3913 32.16233766233766 5.02 0.02
3914 32.65714285714285 5.02 0.02
3915 33.15194805194805 5.02 0.02
3916 33.64675324675324 5.019999999999999 0.02
3917 34.14155844155844 5.02 0.02
3918 34.63636363636363 5.02 0.02
3919 35.13116883116883 5.019999999999999 0.02
3920 35.62597402597403 5.019999999999999 0.02
3921 36.12077922077921 5.02 0.02
3922 36.61558441558441 5.02 0.02
3923 37.11038961038961 5.02 0.02
3924 37.60519480519481 5.02 0.02
3925 0.4948051948051955 4.52 0.02
3926 0.9896103896103909 4.52 0.02
3927 1.484415584415586 4.52 0.02
3928 1.979220779220782 4.52 0.02
3929 2.474025974025977 4.52 0.02
3930 2.968831168831169 4.52 0.02
3931 3.463636363636363 4.52 0.02
3932 3.95844155844156 4.52 0.02
3933 4.453246753246759 4.52 0.02
3934 4.948051948051948 4.52 0.02
3935 5.442857142857143 4.52 0.02
3936 5.937662337662339 4.52 0.02
3937 6.43246753246753 4.52 0.02
3938 6.927272727272722 4.52 0.02
3939 7.422077922077918 4.52 0.02
3940 7.916883116883106 4.52 0.02
3941 8.411688311688305 4.52 0.02
3942 8.906493506493499 4.52 0.02
3943 9.401298701298696 4.52 0.02
3944 9.896103896103888 4.52 0.02
3945 10.39090909090908 4.52 0.02
3946 10.88571428571428 4.52 0.02
3947 11.38051948051947 4.52 0.02
3948 11.87532467532466 4.52 0.02
3949 12.37012987012986 4.52 0.02
3950 12.86493506493505 4.52 0.02
3951 13.35974025974025 4.52 0.02
3952 13.85454545454544 4.52 0.02
3953 14.34935064935063 4.52 0.02
3954 14.84415584415583 4.52 0.02
3955 15.33896103896102 4.52 0.02
3956 15.83376623376622 4.52 0.02
3957 16.32857142857141 4.52 0.02
3958 16.8233766233766 4.52 0.02
3959 17.31818181818179 4.52 0.02
3960 17.81298701298699 4.52 0.02
3961 18.30779220779219 4.52 0.02
3962 18.80259740259738 4.52 0.02
3963 19.29740259740258 4.52 0.02
3964 19.79220779220777 4.52 0.02
3965 20.28701298701296 4.52 0.02
3966 20.78181818181816 4.52 0.02
3967 21.27662337662336 4.52 0.02
3968 21.77142857142855 4.52 0.02
3969 22.26623376623375 4.52 0.02
3970 22.76103896103894 4.52 0.02
3971 23.25584415584414 4.52 0.02
3972 23.75064935064933 4.52 0.02
3973 24.24545454545453 4.52 0.02
3974 24.74025974025972 4.52 0.02
3975 25.23506493506492 4.52 0.02
3976 25.72987012987012 4.52 0.02
3977 26.22467532467531 4.52 0.02
3978 26.71948051948051 4.52 0.02
3979 27.2142857142857 4.52 0.02
3980 27.70909090909089 4.52 0.02
3981 28.20389610389609 4.52 0.02
3982 28.69870129870129 4.52 0.02
3983 29.19350649350648 4.52 0.02
3984 29.68831168831168 4.52 0.02
3985 30.18311688311687 4.52 0.02
3986 30.67792207792207 4.52 0.02
3987 31.17272727272727 4.52 0.02
3988 31.66753246753246 4.52 0.02
3989 32.16233766233765 4.52 0.02
3990 32.65714285714285 4.52 0.02
3991 33.15194805194805 4.52 0.02
3992 33.64675324675324 4.52 0.02
3993 34.14155844155844 4.52 0.02
3994 34.63636363636363 4.52 0.02
3995 35.13116883116884 4.52 0.02
3996 35.62597402597402 4.52 0.02
3997 36.12077922077921 4.52 0.02
3998 36.61558441558442 4.52 0.02
3999 37.1103896103896 4.52 0.02
4000 37.60519480519481 4.52 0.02
4001 0.4948051948051919 4.019999999999999 0.02
4002 0.9896103896103909 4.02 0.02
4003 1.484415584415586 4.02 0.02
4004 1.979220779220782 4.02 0.02
4005 2.474025974025977 4.02 0.02
4006 2.968831168831173 4.02 0.02
4007 3.463636363636367 4.02 0.02
4008 3.95844155844156 4.019999999999999 0.02
4009 4.453246753246759 4.02 0.02
4010 4.948051948051944 4.02 0.02
4011 5.442857142857143 4.02 0.02
4012 5.937662337662339 4.02 0.02
4013 6.432467532467532 4.02 0.02
4014 6.927272727272722 4.02 0.02
4015 7.422077922077918 4.02 0.02
4016 7.916883116883104 4.02 0.02
4017 8.411688311688305 4.019999999999999 0.02
4018 8.906493506493501 4.02 0.02
4019 9.401298701298698 4.02 0.02
4020 9.896103896103888 4.02 0.02
4021 10.39090909090908 4.02 0.02
4022 10.88571428571428 4.02 0.02
4023 11.38051948051947 4.02 0.02
4024 11.87532467532466 4.02 0.02
4025 12.37012987012985 4.02 0.02
4026 12.86493506493505 4.02 0.02
4027 13.35974025974025 4.02 0.02
4028 13.85454545454544 4.02 0.02
4029 14.34935064935063 4.02 0.02
4030 14.84415584415583 4.02 0.02
4031 15.33896103896102 4.02 0.02
4032 15.83376623376622 4.02 0.02
4033 16.3285714285714 4.02 0.02
4034 16.8233766233766 4.02 0.02
4035 17.3181818181818 4.02 0.02
4036 17.81298701298699 4.02 0.02
4037 18.30779220779219 4.02 0.02
4038 18.80259740259738 4.02 0.02
4039 19.29740259740258 4.02 0.02
4040 19.79220779220777 4.02 0.02
4041 20.28701298701296 4.02 0.02
4042 20.78181818181816 4.02 0.02
4043 21.27662337662336 4.02 0.02
4044 21.77142857142855 4.02 0.02
4045 22.26623376623374 4.02 0.02
4046 22.76103896103894 4.02 0.02
4047 23.25584415584414 4.02 0.02
4048 23.75064935064933 4.02 0.02
4049 24.24545454545453 4.02 0.02
4050 24.74025974025972 4.02 0.02
4051 25.23506493506492 4.02 0.02
4052 25.72987012987012 4.02 0.02
4053 26.22467532467531 4.02 0.02
4054 26.71948051948051 4.02 0.02
4055 27.2142857142857 4.02 0.02
4056 27.7090909090909 4.02 0.02
4057 28.20389610389609 4.02 0.02
4058 28.69870129870129 4.02 0.02
4059 29.19350649350648 4.02 0.02
4060 29.68831168831168 4.02 0.02
4061 30.18311688311687 4.02 0.02
4062 30.67792207792207 4.02 0.02
4063 31.17272727272726 4.02 0.02
4064 31.66753246753246 4.02 0.02
4065 32.16233766233765 4.02 0.02
4066 32.65714285714285 4.02 0.02
4067 33.15194805194805 4.02 0.02
4068 33.64675324675324 4.02 0.02
4069 34.14155844155844 4.02 0.02
4070 34.63636363636364 4.02 0.02
4071 35.13116883116883 4.02 0.02
4072 35.62597402597402 4.02 0.02
4073 36.12077922077921 4.02 0.02
4074 36.61558441558442 4.02 0.02
4075 37.11038961038961 4.02 0.02
4076 37.6051948051948 4.02 0.02
4077 0.4948051948051955 3.52 0.02
4078 0.9896103896103909 3.519999999999999 0.02
4079 1.484415584415586 3.519999999999999 0.02
4080 1.979220779220785 3.52 0.02
4081 2.474025974025977 3.519999999999999 0.02
4082 2.968831168831173 3.519999999999999 0.02
4083 3.463636363636365 3.519999999999999 0.02
4084 3.95844155844156 3.52 0.02
4085 4.453246753246759 3.519999999999999 0.02
4086 4.948051948051944 3.519999999999999 0.02
4087 5.442857142857145 3.519999999999999 0.02
4088 5.937662337662339 3.519999999999999 0.02
4089 6.43246753246753 3.519999999999999 0.02
4090 6.927272727272721 3.519999999999999 0.02
4091 7.422077922077918 3.519999999999999 0.02
4092 7.916883116883106 3.519999999999999 0.02
4093 8.411688311688305 3.519999999999999 0.02
4094 8.906493506493497 3.519999999999999 0.02
4095 9.401298701298698 3.519999999999999 0.02
4096 9.896103896103888 3.519999999999999 0.02
4097 10.39090909090908 3.519999999999999 0.02
4098 10.88571428571428 3.519999999999999 0.02
4099 11.38051948051947 3.519999999999999 0.02
4100 11.87532467532466 3.519999999999999 0.02
4101 12.37012987012985 3.52 0.02
4102 12.86493506493505 3.519999999999999 0.02
4103 13.35974025974025 3.519999999999999 0.02
4104 13.85454545454544 3.519999999999999 0.02
4105 14.34935064935063 3.519999999999999 0.02
4106 14.84415584415583 3.519999999999999 0.02
4107 15.33896103896102 3.52 0.02
4108 15.83376623376622 3.519999999999999 0.02
4109 16.32857142857141 3.519999999999999 0.02
4110 16.8233766233766 3.519999999999999 0.02
4111 17.3181818181818 3.519999999999999 0.02
4112 17.81298701298699 3.519999999999999 0.02
4113 18.30779220779219 3.52 0.02
4114 18.80259740259738 3.519999999999999 0.02
4115 19.29740259740258 3.519999999999999 0.02
4116 19.79220779220777 3.519999999999999 0.02
4117 20.28701298701296 3.519999999999999 0.02
4118 20.78181818181816 3.519999999999999 0.02
4119 21.27662337662336 3.52 0.02
4120 21.77142857142855 3.519999999999999 0.02
4121 22.26623376623374 3.52 0.02
4122 22.76103896103894 3.519999999999999 0.02
4123 23.25584415584414 3.52 0.02
4124 23.75064935064933 3.52 0.02
4125 24.24545454545453 3.519999999999999 0.02
4126 24.74025974025972 3.52 0.02
4127 25.23506493506492 3.519999999999999 0.02
4128 25.72987012987011 3.52 0.02
4129 26.22467532467531 3.52 0.02
4130 26.71948051948051 3.519999999999999 0.02
4131 27.2142857142857 3.519999999999999 0.02
4132 27.7090909090909 3.519999999999999 0.02
4133 28.20389610389609 3.52 0.02
4134 28.69870129870129 3.52 0.02
4135 29.19350649350648 3.52 0.02
4136 29.68831168831168 3.519999999999999 0.02
4137 30.18311688311687 3.52 0.02
4138 30.67792207792207 3.52 0.02
4139 31.17272727272726 3.52 0.02
4140 31.66753246753246 3.52 0.02
4141 32.16233766233766 3.52 0.02
4142 32.65714285714285 3.52 0.02
4143 33.15194805194805 3.52 0.02
4144 33.64675324675324 3.52 0.02
4145 34.14155844155844 3.52 0.02
4146 34.63636363636363 3.52 0.02
4147 35.13116883116883 3.52 0.02
4148 35.62597402597402 3.52 0.02
4149 36.12077922077921 3.52 0.02
4150 36.61558441558442 3.52 0.02
4151 37.11038961038961 3.52 0.02
4152 37.60519480519481 3.52 0.02
4153 0.4948051948051955 3.020000000000001 0.02
4154 0.9896103896103909 3.02 0.02
4155 1.48441558441559 3.02 0.02
4156 1.979220779220785 3.019999999999999 0.02
4157 2.474025974025977 3.02 0.02
4158 2.968831168831173 3.02 0.02
4159 3.463636363636367 3.019999999999999 0.02
4160 3.95844155844156 3.02 0.02
4161 4.453246753246759 3.02 0.02
4162 4.948051948051944 3.02 0.02
4163 5.442857142857145 3.02 0.02
4164 5.937662337662339 3.02 0.02
4165 6.432467532467532 3.019999999999999 0.02
4166 6.927272727272722 3.02 0.02
4167 7.42207792207792 3.02 0.02
4168 7.916883116883104 3.02 0.02
4169 8.411688311688303 3.02 0.02
4170 8.906493506493501 3.02 0.02
4171 9.401298701298698 3.02 0.02
4172 9.896103896103888 3.02 0.02
4173 10.39090909090909 3.02 0.02
4174 10.88571428571428 3.02 0.02
4175 11.38051948051947 3.02 0.02
4176 11.87532467532466 3.02 0.02
4177 12.37012987012985 3.02 0.02
4178 12.86493506493505 3.02 0.02
4179 13.35974025974025 3.02 0.02
4180 13.85454545454544 3.02 0.02
4181 14.34935064935063 3.02 0.02
4182 14.84415584415583 3.02 0.02
4183 15.33896103896102 3.02 0.02
4184 15.83376623376622 3.02 0.02
4185 16.32857142857141 3.02 0.02
4186 16.8233766233766 3.02 0.02
4187 17.3181818181818 3.02 0.02
4188 17.81298701298699 3.02 0.02
4189 18.30779220779219 3.02 0.02
4190 18.80259740259738 3.02 0.02
4191 19.29740259740258 3.02 0.02
4192 19.79220779220777 3.02 0.02
4193 20.28701298701296 3.02 0.02
4194 20.78181818181816 3.02 0.02
4195 21.27662337662336 3.02 0.02
4196 21.77142857142855 3.02 0.02
4197 22.26623376623375 3.02 0.02
4198 22.76103896103894 3.02 0.02
4199 23.25584415584414 3.02 0.02
4200 23.75064935064933 3.02 0.02
4201 24.24545454545453 3.02 0.02
4202 24.74025974025972 3.02 0.02
4203 25.23506493506492 3.02 0.02
4204 25.72987012987012 3.02 0.02
4205 26.22467532467531 3.02 0.02
4206 26.71948051948051 3.02 0.02
4207 27.2142857142857 3.02 0.02
4208 27.7090909090909 3.02 0.02
4209 28.20389610389609 3.02 0.02
4210 28.69870129870129 3.02 0.02
4211 29.19350649350648 3.02 0.02
4212 29.68831168831168 3.02 0.02
4213 30.18311688311687 3.02 0.02
4214 30.67792207792207 3.02 0.02
4215 31.17272727272726 3.02 0.02
4216 31.66753246753246 3.02 0.02
4217 32.16233766233766 3.02 0.02
4218 32.65714285714285 3.02 0.02
4219 33.15194805194805 3.02 0.02
4220 33.64675324675324 3.02 0.02
4221 34.14155844155844 3.02 0.02
4222 34.63636363636363 3.02 0.02
4223 35.13116883116883 3.02 0.02
4224 35.62597402597403 3.02 0.02
4225 36.12077922077921 3.02 0.02
4226 36.61558441558441 3.02 0.02
4227 37.11038961038961 3.02 0.02
4228 37.6051948051948 3.02 0.02
4229 0.4948051948051955 2.52 0.02
4230 0.9896103896103909 2.52 0.02
4231 1.484415584415586 2.52 0.02
4232 1.979220779220782 2.519999999999998 0.02
4233 2.474025974025977 2.519999999999999 0.02
4234 2.968831168831173 2.519999999999999 0.02
4235 3.463636363636365 2.52 0.02
4236 3.95844155844156 2.519999999999999 0.02
4237 4.453246753246759 2.519999999999999 0.02
4238 4.948051948051948 2.52 0.02
4239 5.442857142857143 2.52 0.02
4240 5.937662337662339 2.52 0.02
4241 6.43246753246753 2.519999999999999 0.02
4242 6.927272727272722 2.52 0.02
4243 7.422077922077918 2.519999999999999 0.02
4244 7.916883116883104 2.519999999999999 0.02
4245 8.411688311688305 2.519999999999999 0.02
4246 8.906493506493502 2.519999999999999 0.02
4247 9.401298701298696 2.52 0.02
4248 9.896103896103888 2.52 0.02
4249 10.39090909090908 2.52 0.02
4250 10.88571428571428 2.52 0.02
4251 11.38051948051947 2.519999999999999 0.02
4252 11.87532467532466 2.52 0.02
4253 12.37012987012986 2.52 0.02
4254 12.86493506493505 2.519999999999999 0.02
4255 13.35974025974025 2.52 0.02
4256 13.85454545454544 2.519999999999999 0.02
4257 14.34935064935063 2.52 0.02
4258 14.84415584415583 2.52 0.02
4259 15.33896103896102 2.519999999999999 0.02
4260 15.83376623376622 2.52 0.02
4261 16.32857142857141 2.519999999999999 0.02
4262 16.8233766233766 2.52 0.02
4263 17.3181818181818 2.52 0.02
4264 17.81298701298699 2.519999999999999 0.02
4265 18.30779220779219 2.52 0.02
4266 18.80259740259738 2.52 0.02
4267 19.29740259740258 2.52 0.02
4268 19.79220779220777 2.52 0.02
4269 20.28701298701296 2.519999999999999 0.02
4270 20.78181818181816 2.519999999999999 0.02
4271 21.27662337662336 2.52 0.02
4272 21.77142857142855 2.519999999999999 0.02
4273 22.26623376623374 2.52 0.02
4274 22.76103896103894 2.519999999999999 0.02
4275 23.25584415584413 2.52 0.02
4276 23.75064935064933 2.52 0.02
4277 24.24545454545453 2.519999999999999 0.02
4278 24.74025974025972 2.52 0.02
4279 25.23506493506492 2.52 0.02
4280 25.72987012987011 2.52 0.02
4281 26.22467532467531 2.52 0.02
4282 26.71948051948051 2.519999999999999 0.02
4283 27.2142857142857 2.52 0.02
4284 27.70909090909089 2.52 0.02
4285 28.20389610389609 2.52 0.02
4286 28.69870129870129 2.52 0.02
4287 29.19350649350648 2.519999999999999 0.02
4288 29.68831168831168 2.52 0.02
4289 30.18311688311687 2.52 0.02
4290 30.67792207792207 2.52 0.02
4291 31.17272727272726 2.52 0.02
4292 31.66753246753246 2.519999999999999 0.02
4293 32.16233766233765 2.52 0.02
4294 32.65714285714285 2.52 0.02
4295 33.15194805194805 2.52 0.02
4296 33.64675324675324 2.52 0.02
4297 34.14155844155844 2.52 0.02
4298 34.63636363636363 2.519999999999999 0.02
4299 35.13116883116883 2.52 0.02
4300 35.62597402597403 2.52 0.02
4301 36.12077922077921 2.519999999999999 0.02
4302 36.61558441558442 2.52 0.02
4303 37.11038961038961 2.519999999999999 0.02
4304 37.60519480519481 2.52 0.02
4305 0.4948051948051955 2.020000000000001 0.02
4306 0.9896103896103909 2.02 0.02
4307 1.484415584415586 2.02 0.02
4308 1.979220779220782 2.02 0.02
4309 2.474025974025977 2.02 0.02
4310 2.968831168831173 2.02 0.02
4311 3.463636363636365 2.02 0.02
4312 3.95844155844156 2.02 0.02
4313 4.453246753246759 2.02 0.02
4314 4.948051948051948 2.020000000000001 0.02
4315 5.442857142857143 2.02 0.02
4316 5.937662337662339 2.02 0.02
4317 6.432467532467529 2.02 0.02
4318 6.927272727272724 2.02 0.02
4319 7.422077922077918 2.02 0.02
4320 7.916883116883104 2.02 0.02
4321 8.411688311688303 2.019999999999999 0.02
4322 8.906493506493501 2.02 0.02
4323 9.401298701298694 2.02 0.02
4324 9.89610389610389 2.02 0.02
4325 10.39090909090909 2.02 0.02
4326 10.88571428571427 2.02 0.02
4327 11.38051948051947 2.020000000000001 0.02
4328 11.87532467532466 2.02 0.02
4329 12.37012987012985 2.02 0.02
4330 12.86493506493505 2.02 0.02
4331 13.35974025974025 2.02 0.02
4332 13.85454545454544 2.02 0.02
4333 14.34935064935063 2.02 0.02
4334 14.84415584415583 2.019999999999999 0.02
4335 15.33896103896102 2.02 0.02
4336 15.83376623376622 2.02 0.02
4337 16.32857142857141 2.02 0.02
4338 16.8233766233766 2.02 0.02
4339 17.3181818181818 2.02 0.02
4340 17.81298701298699 2.02 0.02
4341 18.30779220779219 2.02 0.02
4342 18.80259740259738 2.02 0.02
4343 19.29740259740258 2.02 0.02
4344 19.79220779220777 2.02 0.02
4345 20.28701298701296 2.02 0.02
4346 20.78181818181816 2.02 0.02
4347 21.27662337662336 2.02 0.02
4348 21.77142857142855 2.02 0.02
4349 22.26623376623375 2.02 0.02
4350 22.76103896103894 2.02 0.02
4351 23.25584415584413 2.02 0.02
4352 23.75064935064933 2.02 0.02
4353 24.24545454545453 2.02 0.02
4354 24.74025974025972 2.02 0.02
4355 25.23506493506492 2.02 0.02
4356 25.72987012987012 2.019999999999999 0.02
4357 26.22467532467531 2.02 0.02
4358 26.71948051948051 2.02 0.02
4359 27.2142857142857 2.02 0.02
4360 27.7090909090909 2.02 0.02
4361 28.20389610389609 2.02 0.02
4362 28.69870129870129 2.02 0.02
4363 29.19350649350648 2.02 0.02
4364 29.68831168831168 2.02 0.02
4365 30.18311688311687 2.02 0.02
4366 30.67792207792207 2.02 0.02
4367 31.17272727272727 2.02 0.02
4368 31.66753246753246 2.02 0.02
4369 32.16233766233766 2.02 0.02
4370 32.65714285714285 2.02 0.02
4371 33.15194805194805 2.02 0.02
4372 33.64675324675324 2.02 0.02
4373 34.14155844155844 2.02 0.02
4374 34.63636363636363 2.020000000000001 0.02
4375 35.13116883116883 2.02 0.02
4376 35.62597402597402 2.02 0.02
4377 36.12077922077922 2.02 0.02
4378 36.61558441558442 2.02 0.02
4379 37.11038961038961 2.02 0.02
4380 37.60519480519481 2.02 0.02
4381 0.4948051948051955 1.52 0.02
4382 0.9896103896103909 1.52 0.02
4383 1.484415584415586 1.52 0.02
4384 1.979220779220785 1.52 0.02
4385 2.474025974025977 1.52 0.02
4386 2.968831168831173 1.52 0.02
4387 3.463636363636365 1.52 0.02
4388 3.95844155844156 1.52 0.02
4389 4.453246753246759 1.52 0.02
4390 4.948051948051948 1.52 0.02
4391 5.442857142857143 1.52 0.02
4392 5.937662337662339 1.52 0.02
4393 6.43246753246753 1.52 0.02
4394 6.927272727272724 1.52 0.02
4395 7.422077922077918 1.52 0.02
4396 7.916883116883106 1.52 0.02
4397 8.411688311688303 1.52 0.02
4398 8.906493506493501 1.52 0.02
4399 9.401298701298694 1.52 0.02
4400 9.896103896103888 1.52 0.02
4401 10.39090909090908 1.52 0.02
4402 10.88571428571428 1.52 0.02
4403 11.38051948051947 1.52 0.02
4404 11.87532467532466 1.52 0.02
4405 12.37012987012985 1.52 0.02
4406 12.86493506493505 1.52 0.02
4407 13.35974025974025 1.52 0.02
4408 13.85454545454544 1.52 0.02
4409 14.34935064935063 1.52 0.02
4410 14.84415584415583 1.52 0.02
4411 15.33896103896102 1.52 0.02
4412 15.83376623376622 1.52 0.02
4413 16.32857142857141 1.52 0.02
4414 16.8233766233766 1.52 0.02
4415 17.3181818181818 1.52 0.02
4416 17.81298701298699 1.52 0.02
4417 18.30779220779219 1.52 0.02
4418 18.80259740259738 1.519999999999999 0.02
4419 19.29740259740258 1.52 0.02
4420 19.79220779220777 1.52 0.02
4421 20.28701298701296 1.52 0.02
4422 20.78181818181816 1.52 0.02
4423 21.27662337662336 1.52 0.02
4424 21.77142857142855 1.52 0.02
4425 22.26623376623375 1.52 0.02
4426 22.76103896103894 1.52 0.02
4427 23.25584415584414 1.52 0.02
4428 23.75064935064933 1.52 0.02
4429 24.24545454545453 1.52 0.02
4430 24.74025974025972 1.52 0.02
4431 25.23506493506492 1.52 0.02
4432 25.72987012987011 1.52 0.02
4433 26.22467532467531 1.52 0.02
4434 26.71948051948051 1.52 0.02
4435 27.2142857142857 1.519999999999999 0.02
4436 27.7090909090909 1.52 0.02
4437 28.20389610389609 1.52 0.02
4438 28.69870129870129 1.52 0.02
4439 29.19350649350648 1.52 0.02
4440 29.68831168831168 1.52 0.02
4441 30.18311688311687 1.52 0.02
4442 30.67792207792207 1.52 0.02
4443 31.17272727272727 1.52 0.02
4444 31.66753246753246 1.52 0.02
4445 32.16233766233766 1.519999999999999 0.02
4446 32.65714285714285 1.52 0.02
4447 33.15194805194805 1.52 0.02
4448 33.64675324675324 1.52 0.02
4449 34.14155844155844 1.52 0.02
4450 34.63636363636363 1.52 0.02
4451 35.13116883116884 1.52 0.02
4452 35.62597402597402 1.52 0.02
4453 36.12077922077921 1.52 0.02
4454 36.61558441558442 1.52 0.02
4455 37.1103896103896 1.52 0.02
4456 37.60519480519481 1.52 0.02
4457 0.4948051948051919 1.019999999999999 0.02
4458 0.9896103896103909 1.02 0.02
4459 1.484415584415586 1.019999999999998 0.02
4460 1.979220779220785 1.02 0.02
4461 2.474025974025977 1.02 0.02
4462 2.968831168831173 1.02 0.02
4463 3.463636363636365 1.019999999999999 0.02
4464 3.95844155844156 1.019999999999999 0.02
4465 4.453246753246759 1.019999999999999 0.02
4466 4.948051948051948 1.019999999999999 0.02
4467 5.442857142857143 1.02 0.02
4468 5.937662337662339 1.019999999999997 0.02
4469 6.43246753246753 1.019999999999997 0.02
4470 6.927272727272721 1.019999999999998 0.02
4471 7.42207792207792 1.02 0.02
4472 7.916883116883108 1.019999999999999 0.02
4473 8.411688311688303 1.02 0.02
4474 8.906493506493501 1.019999999999999 0.02
4475 9.401298701298694 1.02 0.02
4476 9.896103896103886 1.019999999999999 0.02
4477 10.39090909090909 1.02 0.02
4478 10.88571428571428 1.02 0.02
4479 11.38051948051947 1.02 0.02
4480 11.87532467532466 1.02 0.02
4481 12.37012987012985 1.02 0.02
4482 12.86493506493505 1.019999999999999 0.02
4483 13.35974025974025 1.02 0.02
4484 13.85454545454544 1.02 0.02
4485 14.34935064935063 1.019999999999999 0.02
4486 14.84415584415583 1.019999999999999 0.02
4487 15.33896103896102 1.019999999999999 0.02
4488 15.83376623376622 1.02 0.02
4489 16.32857142857141 1.019999999999999 0.02
4490 16.8233766233766 1.02 0.02
4491 17.3181818181818 1.02 0.02
4492 17.81298701298699 1.02 0.02
4493 18.30779220779219 1.02 0.02
4494 18.80259740259738 1.019999999999999 0.02
4495 19.29740259740258 1.02 0.02
4496 19.79220779220777 1.02 0.02
4497 20.28701298701296 1.02 0.02
4498 20.78181818181816 1.02 0.02
4499 21.27662337662336 1.02 0.02
4500 21.77142857142855 1.02 0.02
4501 22.26623376623375 1.019999999999999 0.02
4502 22.76103896103894 1.019999999999999 0.02
4503 23.25584415584413 1.02 0.02
4504 23.75064935064933 1.02 0.02
4505 24.24545454545453 1.019999999999999 0.02
4506 24.74025974025972 1.019999999999999 0.02
4507 25.23506493506492 1.019999999999999 0.02
4508 25.72987012987011 1.02 0.02
4509 26.22467532467531 1.02 0.02
4510 26.71948051948051 1.02 0.02
4511 27.2142857142857 1.019999999999999 0.02
4512 27.7090909090909 1.02 0.02
4513 28.20389610389609 1.019999999999999 0.02
4514 28.69870129870129 1.02 0.02
4515 29.19350649350648 1.02 0.02
4516 29.68831168831168 1.02 0.02
4517 30.18311688311687 1.02 0.02
4518 30.67792207792207 1.02 0.02
4519 31.17272727272726 1.02 0.02
4520 31.66753246753246 1.02 0.02
4521 32.16233766233766 1.019999999999999 0.02
4522 32.65714285714285 1.019999999999999 0.02
4523 33.15194805194805 1.02 0.02
4524 33.64675324675324 1.02 0.02
4525 34.14155844155844 1.019999999999999 0.02
4526 34.63636363636363 1.019999999999999 0.02
4527 35.13116883116883 1.02 0.02
4528 35.62597402597402 1.02 0.02
4529 36.12077922077921 1.02 0.02
4530 36.61558441558442 1.02 0.02
4531 37.11038961038961 1.02 0.02
4532 37.60519480519481 1.019999999999999 0.02
4533 0.4948051948051955 0.5200000000000014 0.02
4534 0.9896103896103909 0.5199999999999996 0.02
4535 1.484415584415586 0.5200000000000014 0.02
4536 1.979220779220782 0.5200000000000005 0.02
4537 2.474025974025977 0.5200000000000005 0.02
4538 2.968831168831173 0.5200000000000005 0.02
4539 3.463636363636365 0.5199999999999978 0.02
4540 3.958441558441564 0.5199999999999996 0.02
4541 4.453246753246759 0.5199999999999996 0.02
4542 4.948051948051948 0.5199999999999996 0.02
4543 5.442857142857143 0.5199999999999996 0.02
4544 5.937662337662339 0.5199999999999996 0.02
4545 6.432467532467532 0.5199999999999978 0.02
4546 6.927272727272722 0.5200000000000014 0.02
4547 7.422077922077918 0.5200000000000005 0.02
4548 7.916883116883104 0.5200000000000005 0.02
4549 8.411688311688303 0.5199999999999996 0.02
4550 8.906493506493499 0.5199999999999996 0.02
4551 9.401298701298696 0.5199999999999996 0.02
4552 9.89610389610389 0.5200000000000005 0.02
4553 10.39090909090908 0.5200000000000005 0.02
4554 10.88571428571428 0.5200000000000014 0.02
4555 11.38051948051947 0.5199999999999996 0.02
4556 11.87532467532466 0.5200000000000005 0.02
4557 12.37012987012985 0.5199999999999996 0.02
4558 12.86493506493505 0.5199999999999996 0.02
4559 13.35974025974025 0.5200000000000014 0.02
4560 13.85454545454544 0.5199999999999996 0.02
4561 14.34935064935063 0.5200000000000005 0.02
4562 14.84415584415583 0.5199999999999996 0.02
4563 15.33896103896102 0.5199999999999996 0.02
4564 15.83376623376622 0.5200000000000005 0.02
4565 16.32857142857141 0.5200000000000005 0.02
4566 16.8233766233766 0.5199999999999996 0.02
4567 17.31818181818179 0.5199999999999996 0.02
4568 17.81298701298699 0.5200000000000005 0.02
4569 18.30779220779219 0.5200000000000005 0.02
4570 18.80259740259738 0.5200000000000005 0.02
4571 19.29740259740258 0.5199999999999996 0.02
4572 19.79220779220777 0.5199999999999996 0.02
4573 20.28701298701296 0.5199999999999996 0.02
4574 20.78181818181816 0.5200000000000005 0.02
4575 21.27662337662336 0.5199999999999996 0.02
4576 21.77142857142855 0.5200000000000014 0.02
4577 22.26623376623375 0.5199999999999996 0.02
4578 22.76103896103894 0.5200000000000005 0.02
4579 23.25584415584414 0.5199999999999996 0.02
4580 23.75064935064933 0.5199999999999996 0.02
4581 24.24545454545453 0.5200000000000005 0.02
4582 24.74025974025972 0.5200000000000005 0.02
4583 25.23506493506492 0.5199999999999996 0.02
4584 25.72987012987011 0.5199999999999996 0.02
4585 26.22467532467531 0.5199999999999996 0.02
4586 26.71948051948051 0.5200000000000005 0.02
4587 27.2142857142857 0.5200000000000005 0.02
4588 27.7090909090909 0.5199999999999996 0.02
4589 28.20389610389609 0.5200000000000005 0.02
4590 28.69870129870129 0.5199999999999996 0.02
4591 29.19350649350648 0.5200000000000005 0.02
4592 29.68831168831168 0.5200000000000005 0.02
4593 30.18311688311687 0.5199999999999996 0.02
4594 30.67792207792207 0.5199999999999996 0.02
4595 31.17272727272727 0.5200000000000005 0.02
4596 31.66753246753246 0.5199999999999996 0.02
4597 32.16233766233766 0.5199999999999996 0.02
4598 32.65714285714285 0.5199999999999996 0.02
4599 33.15194805194805 0.5200000000000005 0.02
4600 33.64675324675324 0.5199999999999996 0.02
4601 34.14155844155844 0.5200000000000005 0.02
4602 34.63636363636363 0.5200000000000005 0.02
4603 35.13116883116883 0.5200000000000005 0.02
4604 35.62597402597402 0.5200000000000005 0.02
4605 36.12077922077922 0.5199999999999996 0.02
4606 36.61558441558442 0.5200000000000005 0.02
4607 37.11038961038961 0.5199999999999996 0.02
4608 37.60519480519481 0.5200000000000005 0.02
4609 0.494805194805199 10.52 0.12
4610 0.9896103896103909 10.52 0.12
4611 1.484415584415586 10.52 0.12
4612 1.979220779220782 10.52 0.12
4613 2.474025974025977 10.52 0.12
4614 2.968831168831173 10.52 0.12
4615 3.463636363636363 10.52 0.12
4616 3.958441558441555 10.52 0.12
4617 4.453246753246759 10.52 0.12
4618 4.948051948051948 10.52 0.12
4619 5.44285714285714 10.52 0.12
4620 5.937662337662339 10.52 0.12
4621 6.432467532467532 10.52 0.12
4622 6.927272727272722 10.52 0.12
4623 7.422077922077918 10.52 0.12
4624 7.916883116883106 10.52 0.12
4625 8.411688311688305 10.52 0.12
4626 8.906493506493499 10.52 0.12
4627 9.401298701298696 10.52 0.12
4628 9.896103896103888 10.52 0.12
4629 10.39090909090908 10.52 0.12
4630 10.88571428571428 10.52 0.12
4631 11.38051948051947 10.52 0.12
4632 11.87532467532466 10.52 0.12
4633 12.37012987012985 10.52 0.12
4634 12.86493506493505 10.52 0.12
4635 13.35974025974025 10.52 0.12
4636 13.85454545454544 10.52 0.12
4637 14.34935064935063 10.52 0.12
4638 14.84415584415583 10.52 0.12
4639 15.33896103896102 10.52 0.12
4640 15.83376623376622 10.52 0.12
4641 16.32857142857141 10.52 0.12
4642 16.8233766233766 10.52 0.12
4643 17.31818181818179 10.52 0.12
4644 17.81298701298699 10.52 0.12
4645 18.30779220779219 10.52 0.12
4646 18.80259740259738 10.52 0.12
4647 19.29740259740258 10.52 0.12
4648 19.79220779220777 10.52 0.12
4649 20.28701298701296 10.52 0.12
4650 20.78181818181816 10.52 0.12
4651 21.27662337662336 10.52 0.12
4652 21.77142857142855 10.52 0.12
4653 22.26623376623375 10.52 0.12
4654 22.76103896103894 10.52 0.12
4655 23.25584415584414 10.52 0.12
4656 23.75064935064933 10.52 0.12
4657 24.24545454545452 10.52 0.12
4658 24.74025974025972 10.52 0.12
4659 25.23506493506492 10.52 0.12
4660 25.72987012987011 10.52 0.12
4661 26.22467532467531 10.52 0.12
4662 26.71948051948051 10.52 0.12
4663 27.2142857142857 10.52 0.12
4664 27.7090909090909 10.52 0.12
4665 28.20389610389609 10.52 0.12
4666 28.69870129870129 10.52 0.12
4667 29.19350649350648 10.52 0.12
4668 29.68831168831168 10.52 0.12
4669 30.18311688311687 10.52 0.12
4670 30.67792207792207 10.52 0.12
4671 31.17272727272726 10.52 0.12
4672 31.66753246753246 10.52 0.12
4673 32.16233766233765 10.52 0.12
4674 32.65714285714285 10.52 0.12
4675 33.15194805194805 10.52 0.12
4676 33.64675324675324 10.52 0.12
4677 34.14155844155844 10.52 0.12
4678 34.63636363636363 10.52 0.12
4679 35.13116883116883 10.52 0.12
4680 35.62597402597402 10.52 0.12
4681 36.12077922077921 10.52 0.12
4682 36.61558441558441 10.52 0.12
4683 37.1103896103896 10.52 0.12
4684 37.60519480519481 10.52 0.12
4685 0.4948051948051919 10.02 0.12
4686 0.9896103896104052 10.02 0.12
4687 1.484415584415586 10.02 0.12
4688 1.979220779220785 10.02 0.12
4689 2.474025974025974 10.02 0.12
4690 2.968831168831173 10.02 0.12
4691 3.463636363636365 10.02 0.12
4692 3.958441558441562 10.02 0.12
4693 4.453246753246757 10.02 0.12
4694 4.948051948051948 10.02 0.12
4695 5.442857142857143 10.02 0.12
4696 5.937662337662342 10.02 0.12
4697 6.43246753246753 10.02 0.12
4698 6.927272727272721 10.02 0.12
4699 7.42207792207792 10.02 0.12
4700 7.916883116883106 10.02 0.12
4701 8.411688311688303 10.02 0.12
4702 8.906493506493501 10.02 0.12
4703 9.401298701298696 10.02 0.12
4704 9.896103896103886 10.02 0.12
4705 10.39090909090909 10.02 0.12
4706 10.88571428571428 10.02 0.12
4707 11.38051948051947 10.02 0.12
4708 11.87532467532466 10.02 0.12
4709 12.37012987012986 10.02 0.12
4710 12.86493506493505 10.02 0.12
4711 13.35974025974025 10.02 0.12
4712 13.85454545454544 10.02 0.12
4713 14.34935064935063 10.02 0.12
4714 14.84415584415583 10.02 0.12
4715 15.33896103896102 10.02 0.12
4716 15.83376623376622 10.02 0.12
4717 16.32857142857141 10.02 0.12
4718 16.8233766233766 10.02 0.12
4719 17.3181818181818 10.02 0.12
4720 17.81298701298699 10.02 0.12
4721 18.30779220779218 10.02 0.12
4722 18.80259740259738 10.02 0.12
4723 19.29740259740258 10.02 0.12
4724 19.79220779220777 10.02 0.12
4725 20.28701298701296 10.02 0.12
4726 20.78181818181816 10.02 0.12
4727 21.27662337662336 10.02 0.12
4728 21.77142857142855 10.02 0.12
4729 22.26623376623375 10.02 0.12
4730 22.76103896103894 10.02 0.12
4731 23.25584415584413 10.02 0.12
4732 23.75064935064933 10.02 0.12
4733 24.24545454545453 10.02 0.12
4734 24.74025974025972 10.02 0.12
4735 25.23506493506492 10.02 0.12
4736 25.72987012987011 10.02 0.12
4737 26.22467532467531 10.02 0.12
4738 26.71948051948051 10.02 0.12
4739 27.2142857142857 10.02 0.12
4740 27.7090909090909 10.02 0.12
4741 28.20389610389609 10.02 0.12
4742 28.69870129870129 10.02 0.12
4743 29.19350649350648 10.02 0.12
4744 29.68831168831168 10.02 0.12
4745 30.18311688311687 10.02 0.12
4746 30.67792207792207 10.02 0.12
4747 31.17272727272726 10.02 0.12
4748 31.66753246753246 10.02 0.12
4749 32.16233766233766 10.02 0.12
4750 32.65714285714285 10.02 0.12
4751 33.15194805194805 10.02 0.12
4752 33.64675324675324 10.02 0.12
4753 34.14155844155844 10.02 0.12
4754 34.63636363636363 10.02 0.12
4755 35.13116883116883 10.02 0.12
4756 35.62597402597403 10.02 0.12
4757 36.12077922077921 10.02 0.12
4758 36.61558441558442 10.02 0.12
4759 37.11038961038961 10.02 0.12
4760 37.60519480519481 10.02 0.12
4761 0.4948051948051955 9.52 0.12
4762 0.9896103896103909 9.52 0.12
4763 1.484415584415586 9.52 0.12
4764 1.979220779220785 9.52 0.12
4765 2.474025974025977 9.52 0.12
4766 2.968831168831173 9.52 0.12
4767 3.463636363636365 9.52 0.12
4768 3.95844155844156 9.52 0.12
4769 4.453246753246761 9.52 0.12
4770 4.948051948051946 9.52 0.12
4771 5.442857142857143 9.52 0.12
4772 5.937662337662339 9.52 0.12
4773 6.43246753246753 9.52 0.12
4774 6.927272727272724 9.52 0.12
4775 7.422077922077918 9.52 0.12
4776 7.916883116883106 9.52 0.12
4777 8.411688311688302 9.52 0.12
4778 8.906493506493501 9.52 0.12
4779 9.401298701298694 9.52 0.12
4780 9.896103896103888 9.52 0.12
4781 10.39090909090908 9.52 0.12
4782 10.88571428571428 9.52 0.12
4783 11.38051948051947 9.52 0.12
4784 11.87532467532466 9.52 0.12
4785 12.37012987012986 9.52 0.12
4786 12.86493506493505 9.52 0.12
4787 13.35974025974025 9.52 0.12
4788 13.85454545454544 9.52 0.12
4789 14.34935064935063 9.52 0.12
4790 14.84415584415583 9.52 0.12
4791 15.33896103896102 9.52 0.12
4792 15.83376623376622 9.52 0.12
4793 16.32857142857141 9.52 0.12
4794 16.8233766233766 9.52 0.12
4795 17.3181818181818 9.52 0.12
4796 17.81298701298699 9.52 0.12
4797 18.30779220779219 9.52 0.12
4798 18.80259740259738 9.52 0.12
4799 19.29740259740258 9.52 0.12
4800 19.79220779220777 9.52 0.12
4801 20.28701298701296 9.52 0.12
4802 20.78181818181816 9.52 0.12
4803 21.27662337662336 9.52 0.12
4804 21.77142857142855 9.52 0.12
4805 22.26623376623375 9.52 0.12
4806 22.76103896103894 9.52 0.12
4807 23.25584415584414 9.52 0.12
4808 23.75064935064933 9.52 0.12
4809 24.24545454545453 9.52 0.12
4810 24.74025974025972 9.52 0.12
4811 25.23506493506492 9.52 0.12
4812 25.72987012987011 9.52 0.12
4813 26.22467532467531 9.52 0.12
4814 26.71948051948051 9.52 0.12
4815 27.2142857142857 9.52 0.12
4816 27.7090909090909 9.52 0.12
4817 28.20389610389609 9.52 0.12
4818 28.69870129870129 9.52 0.12
4819 29.19350649350648 9.52 0.12
4820 29.68831168831168 9.52 0.12
4821 30.18311688311687 9.52 0.12
4822 30.67792207792207 9.52 0.12
4823 31.17272727272727 9.52 0.12
4824 31.66753246753246 9.52 0.12
4825 32.16233766233766 9.52 0.12
4826 32.65714285714285 9.52 0.12
4827 33.15194805194805 9.52 0.12
4828 33.64675324675324 9.52 0.12
4829 34.14155844155844 9.52 0.12
4830 34.63636363636363 9.52 0.12
4831 35.13116883116883 9.52 0.12
4832 35.62597402597403 9.52 0.12
4833 36.12077922077921 9.52 0.12
4834 36.61558441558441 9.52 0.12
4835 37.1103896103896 9.52 0.12
4836 37.60519480519481 9.52 0.12
4837 0.4948051948051955 9.02 0.12
4838 0.9896103896103909 9.02 0.12
4839 1.484415584415586 9.02 0.12
4840 1.979220779220782 9.02 0.12
4841 2.474025974025974 9.02 0.12
4842 2.968831168831173 9.020000000000001 0.12
4843 3.463636363636367 9.02 0.12
4844 3.95844155844156 9.02 0.12
4845 4.453246753246761 9.02 0.12
4846 4.948051948051949 9.02 0.12
4847 5.442857142857147 9.02 0.12
4848 5.937662337662339 9.02 0.12
4849 6.43246753246753 9.02 0.12
4850 6.927272727272722 9.02 0.12
4851 7.422077922077918 9.02 0.12
4852 7.916883116883106 9.02 0.12
4853 8.411688311688303 9.020000000000001 0.12
4854 8.906493506493501 9.02 0.12
4855 9.401298701298696 9.02 0.12
4856 9.896103896103888 9.02 0.12
4857 10.39090909090908 9.02 0.12
4858 10.88571428571428 9.020000000000001 0.12
4859 11.38051948051947 9.02 0.12
4860 11.87532467532466 9.02 0.12
4861 12.37012987012985 9.02 0.12
4862 12.86493506493505 9.02 0.12
4863 13.35974025974025 9.02 0.12
4864 13.85454545454544 9.02 0.12
4865 14.34935064935063 9.02 0.12
4866 14.84415584415583 9.02 0.12
4867 15.33896103896102 9.02 0.12
4868 15.83376623376622 9.02 0.12
4869 16.32857142857141 9.02 0.12
4870 16.8233766233766 9.02 0.12
4871 17.31818181818179 9.02 0.12
4872 17.81298701298699 9.02 0.12
4873 18.30779220779219 9.02 0.12
4874 18.80259740259738 9.02 0.12
4875 19.29740259740258 9.02 0.12
4876 19.79220779220777 9.02 0.12
4877 20.28701298701296 9.02 0.12
4878 20.78181818181816 9.02 0.12
4879 21.27662337662336 9.02 0.12
4880 21.77142857142855 9.02 0.12
4881 22.26623376623375 9.02 0.12
4882 22.76103896103894 9.02 0.12
4883 23.25584415584414 9.02 0.12
4884 23.75064935064933 9.02 0.12
4885 24.24545454545453 9.02 0.12
4886 24.74025974025972 9.02 0.12
4887 25.23506493506492 9.02 0.12
4888 25.72987012987012 9.02 0.12
4889 26.22467532467531 9.02 0.12
4890 26.71948051948051 9.02 0.12
4891 27.2142857142857 9.02 0.12
4892 27.7090909090909 9.02 0.12
4893 28.20389610389609 9.02 0.12
4894 28.69870129870129 9.02 0.12
4895 29.19350649350648 9.02 0.12
4896 29.68831168831168 9.02 0.12
4897 30.18311688311688 9.02 0.12
4898 30.67792207792207 9.02 0.12
4899 31.17272727272726 9.02 0.12
4900 31.66753246753246 9.02 0.12
4901 32.16233766233765 9.02 0.12
4902 32.65714285714285 9.02 0.12
4903 33.15194805194805 9.02 0.12
4904 33.64675324675324 9.02 0.12
4905 34.14155844155844 9.02 0.12
4906 34.63636363636363 9.02 0.12
4907 35.13116883116884 9.02 0.12
4908 35.62597402597403 9.02 0.12
4909 36.12077922077922 9.02 0.12
4910 36.61558441558442 9.02 0.12
4911 37.11038961038961 9.02 0.12
4912 37.6051948051948 9.02 0.12
4913 0.4948051948051955 8.52 0.12
4914 0.9896103896103909 8.52 0.12
4915 1.484415584415586 8.52 0.12
4916 1.979220779220782 8.52 0.12
4917 2.474025974025974 8.52 0.12
4918 2.968831168831173 8.52 0.12
4919 3.463636363636361 8.52 0.12
4920 3.958441558441562 8.52 0.12
4921 4.453246753246759 8.52 0.12
4922 4.948051948051949 8.52 0.12
4923 5.442857142857143 8.52 0.12
4924 5.937662337662339 8.52 0.12
4925 6.432467532467529 8.52 0.12
4926 6.927272727272722 8.52 0.12
4927 7.422077922077918 8.52 0.12
4928 7.916883116883106 8.52 0.12
4929 8.411688311688303 8.52 0.12
4930 8.906493506493501 8.52 0.12
4931 9.401298701298694 8.52 0.12
4932 9.896103896103888 8.52 0.12
4933 10.39090909090908 8.52 0.12
4934 10.88571428571428 8.52 0.12
4935 11.38051948051947 8.52 0.12
4936 11.87532467532466 8.52 0.12
4937 12.37012987012985 8.52 0.12
4938 12.86493506493505 8.52 0.12
4939 13.35974025974025 8.52 0.12
4940 13.85454545454544 8.52 0.12
4941 14.34935064935063 8.52 0.12
4942 14.84415584415583 8.52 0.12
4943 15.33896103896102 8.52 0.12
4944 15.83376623376622 8.52 0.12
4945 16.32857142857141 8.52 0.12
4946 16.8233766233766 8.52 0.12
4947 17.3181818181818 8.52 0.12
4948 17.81298701298699 8.52 0.12
4949 18.30779220779219 8.52 0.12
4950 18.80259740259738 8.52 0.12
4951 19.29740259740258 8.52 0.12
4952 19.79220779220777 8.52 0.12
4953 20.28701298701296 8.52 0.12
4954 20.78181818181816 8.52 0.12
4955 21.27662337662336 8.52 0.12
4956 21.77142857142855 8.52 0.12
4957 22.26623376623375 8.52 0.12
4958 22.76103896103894 8.52 0.12
4959 23.25584415584413 8.52 0.12
4960 23.75064935064933 8.52 0.12
4961 24.24545454545453 8.52 0.12
4962 24.74025974025972 8.52 0.12
4963 25.23506493506492 8.52 0.12
4964 25.72987012987011 8.52 0.12
4965 26.22467532467531 8.52 0.12
4966 26.71948051948051 8.52 0.12
4967 27.2142857142857 8.52 0.12
4968 27.7090909090909 8.52 0.12
4969 28.20389610389609 8.52 0.12
4970 28.69870129870129 8.52 0.12
4971 29.19350649350648 8.52 0.12
4972 29.68831168831168 8.52 0.12
4973 30.18311688311687 8.52 0.12
4974 30.67792207792207 8.52 0.12
4975 31.17272727272726 8.52 0.12
4976 31.66753246753246 8.52 0.12
4977 32.16233766233766 8.52 0.12
4978 32.65714285714285 8.52 0.12
4979 33.15194805194805 8.52 0.12
4980 33.64675324675324 8.52 0.12
4981 34.14155844155844 8.52 0.12
4982 34.63636363636363 8.52 0.12
4983 35.13116883116884 8.52 0.12
4984 35.62597402597403 8.52 0.12
4985 36.12077922077921 8.52 0.12
4986 36.61558441558442 8.52 0.12
4987 37.11038961038961 8.52 0.12
4988 37.60519480519481 8.52 0.12
4989 0.4948051948051955 8.019999999999998 0.12
4990 0.9896103896103909 8.02 0.12
4991 1.48441558441559 8.02 0.12
4992 1.979220779220785 8.02 0.12
4993 2.474025974025977 8.02 0.12
4994 2.968831168831173 8.02 0.12
4995 3.463636363636363 8.02 0.12
4996 3.95844155844156 8.02 0.12
4997 4.453246753246759 8.02 0.12
4998 4.948051948051944 8.02 0.12
4999 5.442857142857143 8.02 0.12
5000 5.937662337662339 8.02 0.12
5001 6.432467532467532 8.02 0.12
5002 6.927272727272722 8.02 0.12
5003 7.422077922077921 8.02 0.12
5004 7.916883116883104 8.02 0.12
5005 8.411688311688303 8.02 0.12
5006 8.906493506493501 8.02 0.12
5007 9.401298701298698 8.02 0.12
5008 9.896103896103888 8.02 0.12
5009 10.39090909090909 8.02 0.12
5010 10.88571428571428 8.02 0.12
5011 11.38051948051947 8.02 0.12
5012 11.87532467532466 8.02 0.12
5013 12.37012987012985 8.02 0.12
5014 12.86493506493505 8.02 0.12
5015 13.35974025974025 8.02 0.12
5016 13.85454545454544 8.02 0.12
5017 14.34935064935063 8.02 0.12
5018 14.84415584415583 8.02 0.12
5019 15.33896103896102 8.02 0.12
5020 15.83376623376622 8.02 0.12
5021 16.32857142857141 8.02 0.12
5022 16.8233766233766 8.02 0.12
5023 17.3181818181818 8.02 0.12
5024 17.81298701298699 8.02 0.12
5025 18.30779220779219 8.02 0.12
5026 18.80259740259738 8.02 0.12
5027 19.29740259740258 8.02 0.12
5028 19.79220779220777 8.02 0.12
5029 20.28701298701296 8.02 0.12
5030 20.78181818181816 8.02 0.12
5031 21.27662337662336 8.02 0.12
5032 21.77142857142855 8.02 0.12
5033 22.26623376623375 8.02 0.12
5034 22.76103896103894 8.02 0.12
5035 23.25584415584414 8.02 0.12
5036 23.75064935064933 8.02 0.12
5037 24.24545454545453 8.02 0.12
5038 24.74025974025972 8.02 0.12
5039 25.23506493506492 8.02 0.12
5040 25.72987012987012 8.02 0.12
5041 26.22467532467531 8.02 0.12
5042 26.71948051948051 8.02 0.12
5043 27.2142857142857 8.02 0.12
5044 27.7090909090909 8.02 0.12
5045 28.20389610389609 8.02 0.12
5046 28.69870129870129 8.02 0.12
5047 29.19350649350648 8.02 0.12
5048 29.68831168831168 8.02 0.12
5049 30.18311688311687 8.02 0.12
5050 30.67792207792207 8.02 0.12
5051 31.17272727272726 8.02 0.12
5052 31.66753246753246 8.02 0.12
5053 32.16233766233766 8.02 0.12
5054 32.65714285714285 8.02 0.12
5055 33.15194805194805 8.02 0.12
5056 33.64675324675324 8.02 0.12
5057 34.14155844155844 8.02 0.12
5058 34.63636363636363 8.02 0.12
5059 35.13116883116883 8.02 0.12
5060 35.62597402597403 8.02 0.12
5061 36.12077922077921 8.02 0.12
5062 36.61558441558441 8.02 0.12
5063 37.11038961038961 8.02 0.12
5064 37.6051948051948 8.02 0.12
5065 0.4948051948051955 7.52 0.12
5066 0.9896103896103909 7.52 0.12
5067 1.484415584415586 7.52 0.12
5068 1.979220779220785 7.52 0.12
5069 2.474025974025977 7.52 0.12
5070 2.968831168831173 7.52 0.12
5071 3.463636363636365 7.52 0.12
5072 3.958441558441558 7.52 0.12
5073 4.453246753246757 7.52 0.12
5074 4.948051948051944 7.52 0.12
5075 5.442857142857143 7.52 0.12
5076 5.937662337662339 7.52 0.12
5077 6.432467532467527 7.52 0.12
5078 6.927272727272726 7.52 0.12
5079 7.422077922077918 7.52 0.12
5080 7.916883116883104 7.52 0.12
5081 8.411688311688305 7.52 0.12
5082 8.906493506493502 7.52 0.12
5083 9.401298701298698 7.52 0.12
5084 9.89610389610389 7.52 0.12
5085 10.39090909090908 7.52 0.12
5086 10.88571428571428 7.52 0.12
5087 11.38051948051947 7.52 0.12
5088 11.87532467532466 7.52 0.12
5089 12.37012987012985 7.520000000000001 0.12
5090 12.86493506493505 7.52 0.12
5091 13.35974025974025 7.52 0.12
5092 13.85454545454544 7.52 0.12
5093 14.34935064935063 7.52 0.12
5094 14.84415584415583 7.52 0.12
5095 15.33896103896102 7.52 0.12
5096 15.83376623376622 7.52 0.12
5097 16.32857142857141 7.52 0.12
5098 16.8233766233766 7.52 0.12
5099 17.3181818181818 7.520000000000001 0.12
5100 17.81298701298699 7.52 0.12
5101 18.30779220779219 7.52 0.12
5102 18.80259740259738 7.52 0.12
5103 19.29740259740258 7.52 0.12
5104 19.79220779220777 7.52 0.12
5105 20.28701298701296 7.520000000000001 0.12
5106 20.78181818181816 7.52 0.12
5107 21.27662337662336 7.520000000000001 0.12
5108 21.77142857142855 7.52 0.12
5109 22.26623376623375 7.52 0.12
5110 22.76103896103894 7.52 0.12
5111 23.25584415584413 7.52 0.12
5112 23.75064935064933 7.52 0.12
5113 24.24545454545453 7.52 0.12
5114 24.74025974025972 7.520000000000001 0.12
5115 25.23506493506492 7.52 0.12
5116 25.72987012987012 7.52 0.12
5117 26.22467532467531 7.520000000000001 0.12
5118 26.71948051948051 7.52 0.12
5119 27.2142857142857 7.52 0.12
5120 27.7090909090909 7.52 0.12
5121 28.20389610389609 7.520000000000001 0.12
5122 28.69870129870129 7.520000000000001 0.12
5123 29.19350649350648 7.52 0.12
5124 29.68831168831168 7.52 0.12
5125 30.18311688311687 7.520000000000001 0.12
5126 30.67792207792207 7.52 0.12
5127 31.17272727272727 7.520000000000001 0.12
5128 31.66753246753246 7.52 0.12
5129 32.16233766233766 7.52 0.12
5130 32.65714285714284 7.520000000000001 0.12
5131 33.15194805194805 7.52 0.12
5132 33.64675324675324 7.520000000000001 0.12
5133 34.14155844155844 7.52 0.12
5134 34.63636363636363 7.520000000000001 0.12
5135 35.13116883116884 7.520000000000001 0.12
5136 35.62597402597403 7.52 0.12
5137 36.12077922077921 7.52 0.12
5138 36.61558441558442 7.520000000000001 0.12
5139 37.11038961038961 7.520000000000001 0.12
5140 37.60519480519481 7.520000000000001 0.12
5141 0.4948051948051919 7.02 0.12
5142 0.9896103896103909 7.02 0.12
5143 1.484415584415586 7.02 0.12
5144 1.979220779220782 7.02 0.12
5145 2.474025974025977 7.02 0.12
5146 2.968831168831173 7.02 0.12
5147 3.463636363636363 7.02 0.12
5148 3.958441558441562 7.02 0.12
5149 4.453246753246757 7.02 0.12
5150 4.948051948051944 7.02 0.12
5151 5.442857142857143 7.02 0.12
5152 5.937662337662339 7.02 0.12
5153 6.432467532467532 7.02 0.12
5154 6.927272727272722 7.02 0.12
5155 7.422077922077918 7.02 0.12
5156 7.916883116883106 7.02 0.12
5157 8.411688311688305 7.02 0.12
5158 8.906493506493501 7.02 0.12
5159 9.401298701298698 7.02 0.12
5160 9.896103896103888 7.02 0.12
5161 10.39090909090908 7.02 0.12
5162 10.88571428571428 7.02 0.12
5163 11.38051948051947 7.02 0.12
5164 11.87532467532466 7.02 0.12
5165 12.37012987012985 7.02 0.12
5166 12.86493506493505 7.02 0.12
5167 13.35974025974025 7.02 0.12
5168 13.85454545454544 7.02 0.12
5169 14.34935064935063 7.02 0.12
5170 14.84415584415583 7.02 0.12
5171 15.33896103896102 7.02 0.12
5172 15.83376623376622 7.02 0.12
5173 16.3285714285714 7.02 0.12
5174 16.8233766233766 7.02 0.12
5175 17.3181818181818 7.02 0.12
5176 17.81298701298699 7.02 0.12
5177 18.30779220779219 7.02 0.12
5178 18.80259740259738 7.02 0.12
5179 19.29740259740258 7.02 0.12
5180 19.79220779220777 7.02 0.12
5181 20.28701298701296 7.02 0.12
5182 20.78181818181816 7.02 0.12
5183 21.27662337662336 7.02 0.12
5184 21.77142857142855 7.02 0.12
5185 22.26623376623374 7.02 0.12
5186 22.76103896103894 7.02 0.12
5187 23.25584415584414 7.02 0.12
5188 23.75064935064933 7.02 0.12
5189 24.24545454545453 7.02 0.12
5190 24.74025974025972 7.02 0.12
5191 25.23506493506492 7.02 0.12
5192 25.72987012987012 7.02 0.12
5193 26.22467532467531 7.02 0.12
5194 26.71948051948051 7.02 0.12
5195 27.2142857142857 7.02 0.12
5196 27.7090909090909 7.02 0.12
5197 28.20389610389609 7.02 0.12
5198 28.69870129870129 7.02 0.12
5199 29.19350649350648 7.02 0.12
5200 29.68831168831168 7.02 0.12
5201 30.18311688311687 7.02 0.12
5202 30.67792207792207 7.02 0.12
5203 31.17272727272726 7.02 0.12
5204 31.66753246753246 7.02 0.12
5205 32.16233766233765 7.02 0.12
5206 32.65714285714285 7.02 0.12
5207 33.15194805194805 7.02 0.12
5208 33.64675324675324 7.02 0.12
5209 34.14155844155844 7.02 0.12
5210 34.63636363636364 7.02 0.12
5211 35.13116883116883 7.02 0.12
5212 35.62597402597403 7.02 0.12
5213 36.12077922077921 7.02 0.12
5214 36.61558441558442 7.02 0.12
5215 37.11038961038961 7.02 0.12
5216 37.6051948051948 7.02 0.12
5217 0.4948051948051955 6.52 0.12
5218 0.9896103896103874 6.52 0.12
5219 1.484415584415586 6.52 0.12
5220 1.979220779220778 6.52 0.12
5221 2.474025974025981 6.52 0.12
5222 2.968831168831169 6.52 0.12
5223 3.463636363636367 6.52 0.12
5224 3.95844155844156 6.52 0.12
5225 4.453246753246756 6.52 0.12
5226 4.948051948051948 6.52 0.12
5227 5.442857142857147 6.52 0.12
5228 5.937662337662339 6.52 0.12
5229 6.432467532467529 6.52 0.12
5230 6.927272727272722 6.52 0.12
5231 7.422077922077918 6.52 0.12
5232 7.916883116883106 6.52 0.12
5233 8.411688311688303 6.52 0.12
5234 8.906493506493499 6.52 0.12
5235 9.401298701298694 6.52 0.12
5236 9.896103896103888 6.52 0.12
5237 10.39090909090908 6.52 0.12
5238 10.88571428571428 6.52 0.12
5239 11.38051948051947 6.52 0.12
5240 11.87532467532466 6.52 0.12
5241 12.37012987012985 6.52 0.12
5242 12.86493506493505 6.52 0.12
5243 13.35974025974025 6.52 0.12
5244 13.85454545454544 6.52 0.12
5245 14.34935064935063 6.52 0.12
5246 14.84415584415583 6.52 0.12
5247 15.33896103896102 6.52 0.12
5248 15.83376623376622 6.52 0.12
5249 16.32857142857141 6.52 0.12
5250 16.8233766233766 6.52 0.12
5251 17.3181818181818 6.52 0.12
5252 17.81298701298699 6.52 0.12
5253 18.30779220779219 6.52 0.12
5254 18.80259740259738 6.52 0.12
5255 19.29740259740258 6.52 0.12
5256 19.79220779220777 6.52 0.12
5257 20.28701298701296 6.52 0.12
5258 20.78181818181816 6.52 0.12
5259 21.27662337662336 6.52 0.12
5260 21.77142857142855 6.52 0.12
5261 22.26623376623375 6.52 0.12
5262 22.76103896103894 6.52 0.12
5263 23.25584415584414 6.52 0.12
5264 23.75064935064933 6.52 0.12
5265 24.24545454545453 6.52 0.12
5266 24.74025974025972 6.52 0.12
5267 25.23506493506492 6.52 0.12
5268 25.72987012987012 6.52 0.12
5269 26.22467532467531 6.52 0.12
5270 26.71948051948051 6.52 0.12
5271 27.2142857142857 6.52 0.12
5272 27.7090909090909 6.52 0.12
5273 28.20389610389609 6.52 0.12
5274 28.69870129870129 6.52 0.12
5275 29.19350649350648 6.52 0.12
5276 29.68831168831168 6.52 0.12
5277 30.18311688311687 6.52 0.12
5278 30.67792207792207 6.52 0.12
5279 31.17272727272727 6.52 0.12
5280 31.66753246753246 6.52 0.12
5281 32.16233766233766 6.52 0.12
5282 32.65714285714285 6.52 0.12
5283 33.15194805194805 6.52 0.12
5284 33.64675324675325 6.52 0.12
5285 34.14155844155844 6.52 0.12
5286 34.63636363636363 6.52 0.12
5287 35.13116883116884 6.52 0.12
5288 35.62597402597402 6.52 0.12
5289 36.12077922077922 6.52 0.12
5290 36.61558441558442 6.52 0.12
5291 37.1103896103896 6.52 0.12
5292 37.60519480519481 6.52 0.12
5293 0.4948051948052097 6.02 0.12
5294 0.9896103896104052 6.02 0.12
5295 1.484415584415586 6.02 0.12
5296 1.979220779220785 6.02 0.12
5297 2.474025974025974 6.02 0.12
5298 2.968831168831173 6.02 0.12
5299 3.463636363636365 6.02 0.12
5300 3.95844155844156 6.02 0.12
5301 4.453246753246759 6.02 0.12
5302 4.948051948051948 6.02 0.12
5303 5.442857142857143 6.02 0.12
5304 5.937662337662339 6.02 0.12
5305 6.432467532467529 6.02 0.12
5306 6.927272727272722 6.02 0.12
5307 7.422077922077918 6.02 0.12
5308 7.916883116883104 6.02 0.12
5309 8.411688311688303 6.02 0.12
5310 8.906493506493501 6.02 0.12
5311 9.401298701298696 6.02 0.12
5312 9.896103896103888 6.02 0.12
5313 10.39090909090908 6.02 0.12
5314 10.88571428571428 6.02 0.12
5315 11.38051948051947 6.02 0.12
5316 11.87532467532466 6.02 0.12
5317 12.37012987012985 6.02 0.12
5318 12.86493506493505 6.02 0.12
5319 13.35974025974025 6.02 0.12
5320 13.85454545454544 6.02 0.12
5321 14.34935064935063 6.02 0.12
5322 14.84415584415583 6.02 0.12
5323 15.33896103896102 6.02 0.12
5324 15.83376623376622 6.02 0.12
5325 16.32857142857141 6.02 0.12
5326 16.8233766233766 6.02 0.12
5327 17.3181818181818 6.02 0.12
5328 17.81298701298699 6.02 0.12
5329 18.30779220779218 6.02 0.12
5330 18.80259740259738 6.02 0.12
5331 19.29740259740258 6.02 0.12
5332 19.79220779220777 6.02 0.12
5333 20.28701298701296 6.02 0.12
5334 20.78181818181816 6.02 0.12
5335 21.27662337662336 6.02 0.12
5336 21.77142857142855 6.02 0.12
5337 22.26623376623375 6.02 0.12
5338 22.76103896103894 6.02 0.12
5339 23.25584415584413 6.02 0.12
5340 23.75064935064933 6.02 0.12
5341 24.24545454545453 6.02 0.12
5342 24.74025974025972 6.02 0.12
5343 25.23506493506492 6.02 0.12
5344 25.72987012987012 6.02 0.12
5345 26.22467532467531 6.02 0.12
5346 26.71948051948051 6.02 0.12
5347 27.2142857142857 6.02 0.12
5348 27.7090909090909 6.02 0.12
5349 28.20389610389609 6.02 0.12
5350 28.69870129870128 6.02 0.12
5351 29.19350649350648 6.02 0.12
5352 29.68831168831168 6.02 0.12
5353 30.18311688311687 6.02 0.12
5354 30.67792207792207 6.02 0.12
5355 31.17272727272726 6.02 0.12
5356 31.66753246753246 6.02 0.12
5357 32.16233766233766 6.02 0.12
5358 32.65714285714285 6.02 0.12
5359 33.15194805194805 6.02 0.12
5360 33.64675324675324 6.02 0.12
5361 34.14155844155844 6.02 0.12
5362 34.63636363636363 6.02 0.12
5363 35.13116883116884 6.02 0.12
5364 35.62597402597403 6.02 0.12
5365 36.12077922077921 6.02 0.12
5366 36.61558441558442 6.02 0.12
5367 37.1103896103896 6.02 0.12
5368 37.60519480519481 6.02 0.12
5369 0.494805194805199 5.52 0.12
5370 0.9896103896103945 5.52 0.12
5371 1.484415584415586 5.52 0.12
5372 1.979220779220782 5.52 0.12
5373 2.474025974025977 5.52 0.12
5374 2.968831168831173 5.52 0.12
5375 3.463636363636363 5.52 0.12
5376 3.958441558441558 5.52 0.12
5377 4.453246753246759 5.52 0.12
5378 4.948051948051948 5.52 0.12
5379 5.442857142857143 5.52 0.12
5380 5.937662337662339 5.52 0.12
5381 6.43246753246753 5.52 0.12
5382 6.927272727272722 5.52 0.12
5383 7.422077922077918 5.52 0.12
5384 7.916883116883108 5.52 0.12
5385 8.411688311688305 5.52 0.12
5386 8.906493506493501 5.52 0.12
5387 9.401298701298696 5.52 0.12
5388 9.896103896103888 5.52 0.12
5389 10.39090909090908 5.52 0.12
5390 10.88571428571428 5.52 0.12
5391 11.38051948051947 5.52 0.12
5392 11.87532467532466 5.52 0.12
5393 12.37012987012985 5.52 0.12
5394 12.86493506493505 5.52 0.12
5395 13.35974025974025 5.52 0.12
5396 13.85454545454544 5.52 0.12
5397 14.34935064935063 5.52 0.12
5398 14.84415584415583 5.52 0.12
5399 15.33896103896102 5.52 0.12
5400 15.83376623376622 5.52 0.12
5401 16.32857142857141 5.52 0.12
5402 16.8233766233766 5.52 0.12
5403 17.3181818181818 5.52 0.12
5404 17.81298701298699 5.52 0.12
5405 18.30779220779219 5.52 0.12
5406 18.80259740259738 5.52 0.12
5407 19.29740259740258 5.52 0.12
5408 19.79220779220777 5.52 0.12
5409 20.28701298701296 5.52 0.12
5410 20.78181818181816 5.52 0.12
5411 21.27662337662336 5.52 0.12
5412 21.77142857142855 5.52 0.12
5413 22.26623376623375 5.52 0.12
5414 22.76103896103894 5.52 0.12
5415 23.25584415584414 5.52 0.12
5416 23.75064935064933 5.52 0.12
5417 24.24545454545453 5.52 0.12
5418 24.74025974025972 5.52 0.12
5419 25.23506493506492 5.52 0.12
5420 25.72987012987011 5.52 0.12
5421 26.22467532467531 5.52 0.12
5422 26.71948051948051 5.52 0.12
5423 27.2142857142857 5.52 0.12
5424 27.7090909090909 5.52 0.12
5425 28.20389610389609 5.52 0.12
5426 28.69870129870129 5.52 0.12
5427 29.19350649350648 5.52 0.12
5428 29.68831168831168 5.52 0.12
5429 30.18311688311687 5.52 0.12
5430 30.67792207792207 5.52 0.12
5431 31.17272727272726 5.52 0.12
5432 31.66753246753246 5.52 0.12
5433 32.16233766233766 5.52 0.12
5434 32.65714285714285 5.52 0.12
5435 33.15194805194805 5.52 0.12
5436 33.64675324675324 5.52 0.12
5437 34.14155844155844 5.52 0.12
5438 34.63636363636363 5.52 0.12
5439 35.13116883116883 5.52 0.12
5440 35.62597402597402 5.52 0.12
5441 36.12077922077921 5.52 0.12
5442 36.61558441558442 5.52 0.12
5443 37.11038961038961 5.52 0.12
5444 37.60519480519481 5.52 0.12
5445 0.4948051948051955 5.02 0.12
5446 0.9896103896103909 5.02 0.12
5447 1.48441558441559 5.019999999999999 0.12
5448 1.979220779220785 5.02 0.12
5449 2.474025974025977 5.019999999999999 0.12
5450 2.968831168831173 5.019999999999999 0.12
5451 3.463636363636365 5.02 0.12
5452 3.95844155844156 5.02 0.12
5453 4.453246753246759 5.019999999999999 0.12
5454 4.948051948051948 5.019999999999999 0.12
5455 5.442857142857143 5.019999999999999 0.12
5456 5.937662337662339 5.02 0.12
5457 6.432467532467529 5.02 0.12
5458 6.927272727272722 5.02 0.12
5459 7.422077922077918 5.02 0.12
5460 7.916883116883104 5.019999999999999 0.12
5461 8.411688311688303 5.02 0.12
5462 8.906493506493501 5.02 0.12
5463 9.401298701298696 5.019999999999999 0.12
5464 9.896103896103888 5.02 0.12
5465 10.39090909090908 5.02 0.12
5466 10.88571428571428 5.019999999999999 0.12
5467 11.38051948051947 5.019999999999999 0.12
5468 11.87532467532466 5.019999999999999 0.12
5469 12.37012987012985 5.02 0.12
5470 12.86493506493505 5.019999999999999 0.12
5471 13.35974025974025 5.02 0.12
5472 13.85454545454544 5.02 0.12
5473 14.34935064935063 5.019999999999999 0.12
5474 14.84415584415583 5.019999999999999 0.12
5475 15.33896103896102 5.019999999999999 0.12
5476 15.83376623376622 5.019999999999999 0.12
5477 16.32857142857141 5.02 0.12
5478 16.8233766233766 5.02 0.12
5479 17.3181818181818 5.02 0.12
5480 17.81298701298699 5.02 0.12
5481 18.30779220779219 5.02 0.12
5482 18.80259740259738 5.019999999999999 0.12
5483 19.29740259740258 5.02 0.12
5484 19.79220779220777 5.02 0.12
5485 20.28701298701296 5.02 0.12
5486 20.78181818181816 5.02 0.12
5487 21.27662337662336 5.02 0.12
5488 21.77142857142855 5.02 0.12
5489 22.26623376623375 5.02 0.12
5490 22.76103896103894 5.019999999999999 0.12
5491 23.25584415584414 5.02 0.12
5492 23.75064935064933 5.02 0.12
5493 24.24545454545453 5.02 0.12
5494 24.74025974025972 5.019999999999999 0.12
5495 25.23506493506492 5.02 0.12
5496 25.72987012987012 5.019999999999999 0.12
5497 26.22467532467531 5.02 0.12
5498 26.71948051948051 5.02 0.12
5499 27.2142857142857 5.02 0.12
5500 27.7090909090909 5.02 0.12
5501 28.20389610389609 5.019999999999999 0.12
5502 28.69870129870129 5.02 0.12
5503 29.19350649350648 5.02 0.12
5504 29.68831168831168 5.02 0.12
5505 30.18311688311687 5.02 0.12
5506 30.67792207792207 5.019999999999999 0.12
5507 31.17272727272726 5.019999999999999 0.12
5508 31.66753246753246 5.02 0.12
5509 32.16233766233766 5.02 0.12
5510 32.65714285714285 5.02 0.12
5511 33.15194805194805 5.02 0.12
5512 33.64675324675324 5.019999999999999 0.12
5513 34.14155844155844 5.02 0.12
5514 34.63636363636363 5.02 0.12
5515 35.13116883116883 5.019999999999999 0.12
5516 35.62597402597403 5.019999999999999 0.12
5517 36.12077922077921 5.02 0.12
5518 36.61558441558441 5.02 0.12
5519 37.11038961038961 5.02 0.12
5520 37.60519480519481 5.02 0.12
5521 0.4948051948051955 4.52 0.12
5522 0.9896103896103909 4.52 0.12
5523 1.484415584415586 4.52 0.12
5524 1.979220779220782 4.52 0.12
5525 2.474025974025977 4.52 0.12
5526 2.968831168831169 4.52 0.12
5527 3.463636363636363 4.52 0.12
5528 3.95844155844156 4.52 0.12
5529 4.453246753246759 4.52 0.12
5530 4.948051948051948 4.52 0.12
5531 5.442857142857143 4.52 0.12
5532 5.937662337662339 4.52 0.12
5533 6.43246753246753 4.52 0.12
5534 6.927272727272722 4.52 0.12
5535 7.422077922077918 4.52 0.12
5536 7.916883116883106 4.52 0.12
5537 8.411688311688305 4.52 0.12
5538 8.906493506493499 4.52 0.12
5539 9.401298701298696 4.52 0.12
5540 9.896103896103888 4.52 0.12
5541 10.39090909090908 4.52 0.12
5542 10.88571428571428 4.52 0.12
5543 11.38051948051947 4.52 0.12
5544 11.87532467532466 4.52 0.12
5545 12.37012987012986 4.52 0.12
5546 12.86493506493505 4.52 0.12
5547 13.35974025974025 4.52 0.12
5548 13.85454545454544 4.52 0.12
5549 14.34935064935063 4.52 0.12
5550 14.84415584415583 4.52 0.12
5551 15.33896103896102 4.52 0.12
5552 15.83376623376622 4.52 0.12
5553 16.32857142857141 4.52 0.12
5554 16.8233766233766 4.52 0.12
5555 17.31818181818179 4.52 0.12
5556 17.81298701298699 4.52 0.12
5557 18.30779220779219 4.52 0.12
5558 18.80259740259738 4.52 0.12
5559 19.29740259740258 4.52 0.12
5560 19.79220779220777 4.52 0.12
5561 20.28701298701296 4.52 0.12
5562 20.78181818181816 4.52 0.12
5563 21.27662337662336 4.52 0.12
5564 21.77142857142855 4.52 0.12
5565 22.26623376623375 4.52 0.12
5566 22.76103896103894 4.52 0.12
5567 23.25584415584414 4.52 0.12
5568 23.75064935064933 4.52 0.12
5569 24.24545454545453 4.52 0.12
5570 24.74025974025972 4.52 0.12
5571 25.23506493506492 4.52 0.12
5572 25.72987012987012 4.52 0.12
5573 26.22467532467531 4.52 0.12
5574 26.71948051948051 4.52 0.12
5575 27.2142857142857 4.52 0.12
5576 27.70909090909089 4.52 0.12
5577 28.20389610389609 4.52 0.12
5578 28.69870129870129 4.52 0.12
5579 29.19350649350648 4.52 0.12
5580 29.68831168831168 4.52 0.12
5581 30.18311688311687 4.52 0.12
5582 30.67792207792207 4.52 0.12
5583 31.17272727272727 4.52 0.12
5584 31.66753246753246 4.52 0.12
5585 32.16233766233765 4.52 0.12
5586 32.65714285714285 4.52 0.12
5587 33.15194805194805 4.52 0.12
5588 33.64675324675324 4.52 0.12
5589 34.14155844155844 4.52 0.12
5590 34.63636363636363 4.52 0.12
5591 35.13116883116884 4.52 0.12
5592 35.62597402597402 4.52 0.12
5593 36.12077922077921 4.52 0.12
5594 36.61558441558442 4.52 0.12
5595 37.1103896103896 4.52 0.12
5596 37.60519480519481 4.52 0.12
5597 0.4948051948051919 4.019999999999999 0.12
5598 0.9896103896103909 4.02 0.12
5599 1.484415584415586 4.02 0.12
5600 1.979220779220782 4.02 0.12
5601 2.474025974025977 4.02 0.12
5602 2.968831168831173 4.02 0.12
5603 3.463636363636367 4.02 0.12
5604 3.95844155844156 4.019999999999999 0.12
5605 4.453246753246759 4.02 0.12
5606 4.948051948051944 4.02 0.12
5607 5.442857142857143 4.02 0.12
5608 5.937662337662339 4.02 0.12
5609 6.432467532467532 4.02 0.12
5610 6.927272727272722 4.02 0.12
5611 7.422077922077918 4.02 0.12
5612 7.916883116883104 4.02 0.12
5613 8.411688311688305 4.019999999999999 0.12
5614 8.906493506493501 4.02 0.12
5615 9.401298701298698 4.02 0.12
5616 9.896103896103888 4.02 0.12
5617 10.39090909090908 4.02 0.12
5618 10.88571428571428 4.02 0.12
5619 11.38051948051947 4.02 0.12
5620 11.87532467532466 4.02 0.12
5621 12.37012987012985 4.02 0.12
5622 12.86493506493505 4.02 0.12
5623 13.35974025974025 4.02 0.12
5624 13.85454545454544 4.02 0.12
5625 14.34935064935063 4.02 0.12
5626 14.84415584415583 4.02 0.12
5627 15.33896103896102 4.02 0.12
5628 15.83376623376622 4.02 0.12
5629 16.3285714285714 4.02 0.12
5630 16.8233766233766 4.02 0.12
5631 17.3181818181818 4.02 0.12
5632 17.81298701298699 4.02 0.12
5633 18.30779220779219 4.02 0.12
5634 18.80259740259738 4.02 0.12
5635 19.29740259740258 4.02 0.12
5636 19.79220779220777 4.02 0.12
5637 20.28701298701296 4.02 0.12
5638 20.78181818181816 4.02 0.12
5639 21.27662337662336 4.02 0.12
5640 21.77142857142855 4.02 0.12
5641 22.26623376623374 4.02 0.12
5642 22.76103896103894 4.02 0.12
5643 23.25584415584414 4.02 0.12
5644 23.75064935064933 4.02 0.12
5645 24.24545454545453 4.02 0.12
5646 24.74025974025972 4.02 0.12
5647 25.23506493506492 4.02 0.12
5648 25.72987012987012 4.02 0.12
5649 26.22467532467531 4.02 0.12
5650 26.71948051948051 4.02 0.12
5651 27.2142857142857 4.02 0.12
5652 27.7090909090909 4.02 0.12
5653 28.20389610389609 4.02 0.12
5654 28.69870129870129 4.02 0.12
5655 29.19350649350648 4.02 0.12
5656 29.68831168831168 4.02 0.12
5657 30.18311688311687 4.02 0.12
5658 30.67792207792207 4.02 0.12
5659 31.17272727272726 4.02 0.12
5660 31.66753246753246 4.02 0.12
5661 32.16233766233765 4.02 0.12
5662 32.65714285714285 4.02 0.12
5663 33.15194805194805 4.02 0.12
5664 33.64675324675324 4.02 0.12
5665 34.14155844155844 4.02 0.12
5666 34.63636363636364 4.02 0.12
5667 35.13116883116883 4.02 0.12
5668 35.62597402597402 4.02 0.12
5669 36.12077922077921 4.02 0.12
5670 36.61558441558442 4.02 0.12
5671 37.11038961038961 4.02 0.12
5672 37.6051948051948 4.02 0.12
5673 0.4948051948051955 3.52 0.12
5674 0.9896103896103909 3.519999999999999 0.12
5675 1.484415584415586 3.519999999999999 0.12
5676 1.979220779220785 3.52 0.12
5677 2.474025974025977 3.519999999999999 0.12
5678 2.968831168831173 3.519999999999999 0.12
5679 3.463636363636365 3.519999999999999 0.12
5680 3.95844155844156 3.52 0.12
5681 4.453246753246759 3.519999999999999 0.12
5682 4.948051948051944 3.519999999999999 0.12
5683 5.442857142857145 3.519999999999999 0.12
5684 5.937662337662339 3.519999999999999 0.12
5685 6.43246753246753 3.519999999999999 0.12
5686 6.927272727272721 3.519999999999999 0.12
5687 7.422077922077918 3.519999999999999 0.12
5688 7.916883116883106 3.519999999999999 0.12
5689 8.411688311688305 3.519999999999999 0.12
5690 8.906493506493497 3.519999999999999 0.12
5691 9.401298701298698 3.519999999999999 0.12
5692 9.896103896103888 3.519999999999999 0.12
5693 10.39090909090908 3.519999999999999 0.12
5694 10.88571428571428 3.519999999999999 0.12
5695 11.38051948051947 3.519999999999999 0.12
5696 11.87532467532466 3.519999999999999 0.12
5697 12.37012987012985 3.52 0.12
5698 12.86493506493505 3.519999999999999 0.12
5699 13.35974025974025 3.519999999999999 0.12
5700 13.85454545454544 3.519999999999999 0.12
5701 14.34935064935063 3.519999999999999 0.12
5702 14.84415584415583 3.519999999999999 0.12
5703 15.33896103896102 3.52 0.12
5704 15.83376623376622 3.519999999999999 0.12
5705 16.32857142857141 3.519999999999999 0.12
5706 16.8233766233766 3.519999999999999 0.12
5707 17.3181818181818 3.519999999999999 0.12
5708 17.81298701298699 3.519999999999999 0.12
5709 18.30779220779219 3.52 0.12
5710 18.80259740259738 3.519999999999999 0.12
5711 19.29740259740258 3.519999999999999 0.12
5712 19.79220779220777 3.519999999999999 0.12
5713 20.28701298701296 3.519999999999999 0.12
5714 20.78181818181816 3.519999999999999 0.12
5715 21.27662337662336 3.52 0.12
5716 21.77142857142855 3.519999999999999 0.12
5717 22.26623376623374 3.52 0.12
5718 22.76103896103894 3.519999999999999 0.12
5719 23.25584415584414 3.52 0.12
5720 23.75064935064933 3.52 0.12
5721 24.24545454545453 3.519999999999999 0.12
5722 24.74025974025972 3.52 0.12
5723 25.23506493506492 3.519999999999999 0.12
5724 25.72987012987011 3.52 0.12
5725 26.22467532467531 3.52 0.12
5726 26.71948051948051 3.519999999999999 0.12
5727 27.2142857142857 3.519999999999999 0.12
5728 27.7090909090909 3.519999999999999 0.12
5729 28.20389610389609 3.52 0.12
5730 28.69870129870129 3.52 0.12
5731 29.19350649350648 3.52 0.12
5732 29.68831168831168 3.519999999999999 0.12
5733 30.18311688311687 3.52 0.12
5734 30.67792207792207 3.52 0.12
5735 31.17272727272726 3.52 0.12
5736 31.66753246753246 3.52 0.12
5737 32.16233766233766 3.52 0.12
5738 32.65714285714285 3.52 0.12
5739 33.15194805194805 3.52 0.12
5740 33.64675324675324 3.52 0.12
5741 34.14155844155844 3.52 0.12
5742 34.63636363636363 3.52 0.12
5743 35.13116883116883 3.52 0.12
5744 35.62597402597402 3.52 0.12
5745 36.12077922077921 3.52 0.12
5746 36.61558441558442 3.52 0.12
5747 37.11038961038961 3.52 0.12
5748 37.60519480519481 3.52 0.12
5749 0.4948051948051955 3.020000000000001 0.12
5750 0.9896103896103909 3.02 0.12
5751 1.48441558441559 3.02 0.12
5752 1.979220779220785 3.019999999999999 0.12
5753 2.474025974025977 3.02 0.12
5754 2.968831168831173 3.02 0.12
5755 3.463636363636367 3.019999999999999 0.12
5756 3.95844155844156 3.02 0.12
5757 4.453246753246759 3.02 0.12
5758 4.948051948051944 3.02 0.12
5759 5.442857142857145 3.02 0.12
5760 5.937662337662339 3.02 0.12
5761 6.432467532467532 3.019999999999999 0.12
5762 6.927272727272722 3.02 0.12
5763 7.42207792207792 3.02 0.12
5764 7.916883116883104 3.02 0.12
5765 8.411688311688303 3.02 0.12
5766 8.906493506493501 3.02 0.12
5767 9.401298701298698 3.02 0.12
5768 9.896103896103888 3.02 0.12
5769 10.39090909090909 3.02 0.12
5770 10.88571428571428 3.02 0.12
5771 11.38051948051947 3.02 0.12
5772 11.87532467532466 3.02 0.12
5773 12.37012987012985 3.02 0.12
5774 12.86493506493505 3.02 0.12
5775 13.35974025974025 3.02 0.12
5776 13.85454545454544 3.02 0.12
5777 14.34935064935063 3.02 0.12
5778 14.84415584415583 3.02 0.12
5779 15.33896103896102 3.02 0.12
5780 15.83376623376622 3.02 0.12
5781 16.32857142857141 3.02 0.12
5782 16.8233766233766 3.02 0.12
5783 17.3181818181818 3.02 0.12
5784 17.81298701298699 3.02 0.12
5785 18.30779220779219 3.02 0.12
5786 18.80259740259738 3.02 0.12
5787 19.29740259740258 3.02 0.12
5788 19.79220779220777 3.02 0.12
5789 20.28701298701296 3.02 0.12
5790 20.78181818181816 3.02 0.12
5791 21.27662337662336 3.02 0.12
5792 21.77142857142855 3.02 0.12
5793 22.26623376623375 3.02 0.12
5794 22.76103896103894 3.02 0.12
5795 23.25584415584414 3.02 0.12
5796 23.75064935064933 3.02 0.12
5797 24.24545454545453 3.02 0.12
5798 24.74025974025972 3.02 0.12
5799 25.23506493506492 3.02 0.12
5800 25.72987012987012 3.02 0.12
5801 26.22467532467531 3.02 0.12
5802 26.71948051948051 3.02 0.12
5803 27.2142857142857 3.02 0.12
5804 27.7090909090909 3.02 0.12
5805 28.20389610389609 3.02 0.12
5806 28.69870129870129 3.02 0.12
5807 29.19350649350648 3.02 0.12
5808 29.68831168831168 3.02 0.12
5809 30.18311688311687 3.02 0.12
5810 30.67792207792207 3.02 0.12
5811 31.17272727272726 3.02 0.12
5812 31.66753246753246 3.02 0.12
5813 32.16233766233766 3.02 0.12
5814 32.65714285714285 3.02 0.12
5815 33.15194805194805 3.02 0.12
5816 33.64675324675324 3.02 0.12
5817 34.14155844155844 3.02 0.12
5818 34.63636363636363 3.02 0.12
5819 35.13116883116883 3.02 0.12
5820 35.62597402597403 3.02 0.12
5821 36.12077922077921 3.02 0.12
5822 36.61558441558441 3.02 0.12
5823 37.11038961038961 3.02 0.12
5824 37.6051948051948 3.02 0.12
5825 0.4948051948051955 2.52 0.12
5826 0.9896103896103909 2.52 0.12
5827 1.484415584415586 2.52 0.12
5828 1.979220779220782 2.519999999999998 0.12
5829 2.474025974025977 2.519999999999999 0.12
5830 2.968831168831173 2.519999999999999 0.12
5831 3.463636363636365 2.52 0.12
5832 3.95844155844156 2.519999999999999 0.12
5833 4.453246753246759 2.519999999999999 0.12
5834 4.948051948051948 2.52 0.12
5835 5.442857142857143 2.52 0.12
5836 5.937662337662339 2.52 0.12
5837 6.43246753246753 2.519999999999999 0.12
5838 6.927272727272722 2.52 0.12
5839 7.422077922077918 2.519999999999999 0.12
5840 7.916883116883104 2.519999999999999 0.12
5841 8.411688311688305 2.519999999999999 0.12
5842 8.906493506493502 2.519999999999999 0.12
5843 9.401298701298696 2.52 0.12
5844 9.896103896103888 2.52 0.12
5845 10.39090909090908 2.52 0.12
5846 10.88571428571428 2.52 0.12
5847 11.38051948051947 2.519999999999999 0.12
5848 11.87532467532466 2.52 0.12
5849 12.37012987012986 2.52 0.12
5850 12.86493506493505 2.519999999999999 0.12
5851 13.35974025974025 2.52 0.12
5852 13.85454545454544 2.519999999999999 0.12
5853 14.34935064935063 2.52 0.12
5854 14.84415584415583 2.52 0.12
5855 15.33896103896102 2.519999999999999 0.12
5856 15.83376623376622 2.52 0.12
5857 16.32857142857141 2.519999999999999 0.12
5858 16.8233766233766 2.52 0.12
5859 17.3181818181818 2.52 0.12
5860 17.81298701298699 2.519999999999999 0.12
5861 18.30779220779219 2.52 0.12
5862 18.80259740259738 2.52 0.12
5863 19.29740259740258 2.52 0.12
5864 19.79220779220777 2.52 0.12
5865 20.28701298701296 2.519999999999999 0.12
5866 20.78181818181816 2.519999999999999 0.12
5867 21.27662337662336 2.52 0.12
5868 21.77142857142855 2.519999999999999 0.12
5869 22.26623376623374 2.52 0.12
5870 22.76103896103894 2.519999999999999 0.12
5871 23.25584415584413 2.52 0.12
5872 23.75064935064933 2.52 0.12
5873 24.24545454545453 2.519999999999999 0.12
5874 24.74025974025972 2.52 0.12
5875 25.23506493506492 2.52 0.12
5876 25.72987012987011 2.52 0.12
5877 26.22467532467531 2.52 0.12
5878 26.71948051948051 2.519999999999999 0.12
5879 27.2142857142857 2.52 0.12
5880 27.70909090909089 2.52 0.12
5881 28.20389610389609 2.52 0.12
5882 28.69870129870129 2.52 0.12
5883 29.19350649350648 2.519999999999999 0.12
5884 29.68831168831168 2.52 0.12
5885 30.18311688311687 2.52 0.12
5886 30.67792207792207 2.52 0.12
5887 31.17272727272726 2.52 0.12
5888 31.66753246753246 2.519999999999999 0.12
5889 32.16233766233765 2.52 0.12
5890 32.65714285714285 2.52 0.12
5891 33.15194805194805 2.52 0.12
5892 33.64675324675324 2.52 0.12
5893 34.14155844155844 2.52 0.12
5894 34.63636363636363 2.519999999999999 0.12
5895 35.13116883116883 2.52 0.12
5896 35.62597402597403 2.52 0.12
5897 36.12077922077921 2.519999999999999 0.12
5898 36.61558441558442 2.52 0.12
5899 37.11038961038961 2.519999999999999 0.12
5900 37.60519480519481 2.52 0.12
5901 0.4948051948051955 2.020000000000001 0.12
5902 0.9896103896103909 2.02 0.12
5903 1.484415584415586 2.02 0.12
5904 1.979220779220782 2.02 0.12
5905 2.474025974025977 2.02 0.12
5906 2.968831168831173 2.02 0.12
5907 3.463636363636365 2.02 0.12
5908 3.95844155844156 2.02 0.12
5909 4.453246753246759 2.02 0.12
5910 4.948051948051948 2.020000000000001 0.12
5911 5.442857142857143 2.02 0.12
5912 5.937662337662339 2.02 0.12
5913 6.432467532467529 2.02 0.12
5914 6.927272727272724 2.02 0.12
5915 7.422077922077918 2.02 0.12
5916 7.916883116883104 2.02 0.12
5917 8.411688311688303 2.019999999999999 0.12
5918 8.906493506493501 2.02 0.12
5919 9.401298701298694 2.02 0.12
5920 9.89610389610389 2.02 0.12
5921 10.39090909090909 2.02 0.12
5922 10.88571428571427 2.02 0.12
5923 11.38051948051947 2.020000000000001 0.12
5924 11.87532467532466 2.02 0.12
5925 12.37012987012985 2.02 0.12
5926 12.86493506493505 2.02 0.12
5927 13.35974025974025 2.02 0.12
5928 13.85454545454544 2.02 0.12
5929 14.34935064935063 2.02 0.12
5930 14.84415584415583 2.019999999999999 0.12
5931 15.33896103896102 2.02 0.12
5932 15.83376623376622 2.02 0.12
5933 16.32857142857141 2.02 0.12
5934 16.8233766233766 2.02 0.12
5935 17.3181818181818 2.02 0.12
5936 17.81298701298699 2.02 0.12
5937 18.30779220779219 2.02 0.12
5938 18.80259740259738 2.02 0.12
5939 19.29740259740258 2.02 0.12
5940 19.79220779220777 2.02 0.12
5941 20.28701298701296 2.02 0.12
5942 20.78181818181816 2.02 0.12
5943 21.27662337662336 2.02 0.12
5944 21.77142857142855 2.02 0.12
5945 22.26623376623375 2.02 0.12
5946 22.76103896103894 2.02 0.12
5947 23.25584415584413 2.02 0.12
5948 23.75064935064933 2.02 0.12
5949 24.24545454545453 2.02 0.12
5950 24.74025974025972 2.02 0.12
5951 25.23506493506492 2.02 0.12
5952 25.72987012987012 2.019999999999999 0.12
5953 26.22467532467531 2.02 0.12
5954 26.71948051948051 2.02 0.12
5955 27.2142857142857 2.02 0.12
5956 27.7090909090909 2.02 0.12
5957 28.20389610389609 2.02 0.12
5958 28.69870129870129 2.02 0.12
5959 29.19350649350648 2.02 0.12
5960 29.68831168831168 2.02 0.12
5961 30.18311688311687 2.02 0.12
5962 30.67792207792207 2.02 0.12
5963 31.17272727272727 2.02 0.12
5964 31.66753246753246 2.02 0.12
5965 32.16233766233766 2.02 0.12
5966 32.65714285714285 2.02 0.12
5967 33.15194805194805 2.02 0.12
5968 33.64675324675324 2.02 0.12
5969 34.14155844155844 2.02 0.12
5970 34.63636363636363 2.020000000000001 0.12
5971 35.13116883116883 2.02 0.12
5972 35.62597402597402 2.02 0.12
5973 36.12077922077922 2.02 0.12
5974 36.61558441558442 2.02 0.12
5975 37.11038961038961 2.02 0.12
5976 37.60519480519481 2.02 0.12
5977 0.4948051948051955 1.52 0.12
5978 0.9896103896103909 1.52 0.12
5979 1.484415584415586 1.52 0.12
5980 1.979220779220785 1.52 0.12
5981 2.474025974025977 1.52 0.12
5982 2.968831168831173 1.52 0.12
5983 3.463636363636365 1.52 0.12
5984 3.95844155844156 1.52 0.12
5985 4.453246753246759 1.52 0.12
5986 4.948051948051948 1.52 0.12
5987 5.442857142857143 1.52 0.12
5988 5.937662337662339 1.52 0.12
5989 6.43246753246753 1.52 0.12
5990 6.927272727272724 1.52 0.12
5991 7.422077922077918 1.52 0.12
5992 7.916883116883106 1.52 0.12
5993 8.411688311688303 1.52 0.12
5994 8.906493506493501 1.52 0.12
5995 9.401298701298694 1.52 0.12
5996 9.896103896103888 1.52 0.12
5997 10.39090909090908 1.52 0.12
5998 10.88571428571428 1.52 0.12
5999 11.38051948051947 1.52 0.12
6000 11.87532467532466 1.52 0.12
6001 12.37012987012985 1.52 0.12
6002 12.86493506493505 1.52 0.12
6003 13.35974025974025 1.52 0.12
6004 13.85454545454544 1.52 0.12
6005 14.34935064935063 1.52 0.12
6006 14.84415584415583 1.52 0.12
6007 15.33896103896102 1.52 0.12
6008 15.83376623376622 1.52 0.12
6009 16.32857142857141 1.52 0.12
6010 16.8233766233766 1.52 0.12
6011 17.3181818181818 1.52 0.12
6012 17.81298701298699 1.52 0.12
6013 18.30779220779219 1.52 0.12
6014 18.80259740259738 1.519999999999999 0.12
6015 19.29740259740258 1.52 0.12
6016 19.79220779220777 1.52 0.12
6017 20.28701298701296 1.52 0.12
6018 20.78181818181816 1.52 0.12
6019 21.27662337662336 1.52 0.12
6020 21.77142857142855 1.52 0.12
6021 22.26623376623375 1.52 0.12
6022 22.76103896103894 1.52 0.12
6023 23.25584415584414 1.52 0.12
6024 23.75064935064933 1.52 0.12
6025 24.24545454545453 1.52 0.12
6026 24.74025974025972 1.52 0.12
6027 25.23506493506492 1.52 0.12
6028 25.72987012987011 1.52 0.12
6029 26.22467532467531 1.52 0.12
6030 26.71948051948051 1.52 0.12
6031 27.2142857142857 1.519999999999999 0.12
6032 27.7090909090909 1.52 0.12
6033 28.20389610389609 1.52 0.12
6034 28.69870129870129 1.52 0.12
6035 29.19350649350648 1.52 0.12
6036 29.68831168831168 1.52 0.12
6037 30.18311688311687 1.52 0.12
6038 30.67792207792207 1.52 0.12
6039 31.17272727272727 1.52 0.12
6040 31.66753246753246 1.52 0.12
6041 32.16233766233766 1.519999999999999 0.12
6042 32.65714285714285 1.52 0.12
6043 33.15194805194805 1.52 0.12
6044 33.64675324675324 1.52 0.12
6045 34.14155844155844 1.52 0.12
6046 34.63636363636363 1.52 0.12
6047 35.13116883116884 1.52 0.12
6048 35.62597402597402 1.52 0.12
6049 36.12077922077921 1.52 0.12
6050 36.61558441558442 1.52 0.12
6051 37.1103896103896 1.52 0.12
6052 37.60519480519481 1.52 0.12
6053 0.4948051948051919 1.019999999999999 0.12
6054 0.9896103896103909 1.02 0.12
6055 1.484415584415586 1.019999999999998 0.12
6056 1.979220779220785 1.02 0.12
6057 2.474025974025977 1.02 0.12
6058 2.968831168831173 1.02 0.12
6059 3.463636363636365 1.019999999999999 0.12
6060 3.95844155844156 1.019999999999999 0.12
6061 4.453246753246759 1.019999999999999 0.12
6062 4.948051948051948 1.019999999999999 0.12
6063 5.442857142857143 1.02 0.12
6064 5.937662337662339 1.019999999999997 0.12
6065 6.43246753246753 1.019999999999997 0.12
6066 6.927272727272721 1.019999999999998 0.12
6067 7.42207792207792 1.02 0.12
6068 7.916883116883108 1.019999999999999 0.12
6069 8.411688311688303 1.02 0.12
6070 8.906493506493501 1.019999999999999 0.12
6071 9.401298701298694 1.02 0.12
6072 9.896103896103886 1.019999999999999 0.12
6073 10.39090909090909 1.02 0.12
6074 10.88571428571428 1.02 0.12
6075 11.38051948051947 1.02 0.12
6076 11.87532467532466 1.02 0.12
6077 12.37012987012985 1.02 0.12
6078 12.86493506493505 1.019999999999999 0.12
6079 13.35974025974025 1.02 0.12
6080 13.85454545454544 1.02 0.12
6081 14.34935064935063 1.019999999999999 0.12
6082 14.84415584415583 1.019999999999999 0.12
6083 15.33896103896102 1.019999999999999 0.12
6084 15.83376623376622 1.02 0.12
6085 16.32857142857141 1.019999999999999 0.12
6086 16.8233766233766 1.02 0.12
6087 17.3181818181818 1.02 0.12
6088 17.81298701298699 1.02 0.12
6089 18.30779220779219 1.02 0.12
6090 18.80259740259738 1.019999999999999 0.12
6091 19.29740259740258 1.02 0.12
6092 19.79220779220777 1.02 0.12
6093 20.28701298701296 1.02 0.12
6094 20.78181818181816 1.02 0.12
6095 21.27662337662336 1.02 0.12
6096 21.77142857142855 1.02 0.12
6097 22.26623376623375 1.019999999999999 0.12
6098 22.76103896103894 1.019999999999999 0.12
6099 23.25584415584413 1.02 0.12
6100 23.75064935064933 1.02 0.12
6101 24.24545454545453 1.019999999999999 0.12
6102 24.74025974025972 1.019999999999999 0.12
6103 25.23506493506492 1.019999999999999 0.12
6104 25.72987012987011 1.02 0.12
6105 26.22467532467531 1.02 0.12
6106 26.71948051948051 1.02 0.12
6107 27.2142857142857 1.019999999999999 0.12
6108 27.7090909090909 1.02 0.12
6109 28.20389610389609 1.019999999999999 0.12
6110 28.69870129870129 1.02 0.12
6111 29.19350649350648 1.02 0.12
6112 29.68831168831168 1.02 0.12
6113 30.18311688311687 1.02 0.12
6114 30.67792207792207 1.02 0.12
6115 31.17272727272726 1.02 0.12
6116 31.66753246753246 1.02 0.12
6117 32.16233766233766 1.019999999999999 0.12
6118 32.65714285714285 1.019999999999999 0.12
6119 33.15194805194805 1.02 0.12
6120 33.64675324675324 1.02 0.12
6121 34.14155844155844 1.019999999999999 0.12
6122 34.63636363636363 1.019999999999999 0.12
6123 35.13116883116883 1.02 0.12
6124 35.62597402597402 1.02 0.12
6125 36.12077922077921 1.02 0.12
6126 36.61558441558442 1.02 0.12
6127 37.11038961038961 1.02 0.12
6128 37.60519480519481 1.019999999999999 0.12
6129 0.4948051948051955 0.5200000000000014 0.12
6130 0.9896103896103909 0.5199999999999996 0.12
6131 1.484415584415586 0.5200000000000014 0.12
6132 1.979220779220782 0.5200000000000005 0.12
6133 2.474025974025977 0.5200000000000005 0.12
6134 2.968831168831173 0.5200000000000005 0.12
6135 3.463636363636365 0.5199999999999978 0.12
6136 3.958441558441564 0.5199999999999996 0.12
6137 4.453246753246759 0.5199999999999996 0.12
6138 4.948051948051948 0.5199999999999996 0.12
6139 5.442857142857143 0.5199999999999996 0.12
6140 5.937662337662339 0.5199999999999996 0.12
6141 6.432467532467532 0.5199999999999978 0.12
6142 6.927272727272722 0.5200000000000014 0.12
6143 7.422077922077918 0.5200000000000005 0.12
6144 7.916883116883104 0.5200000000000005 0.12
6145 8.411688311688303 0.5199999999999996 0.12
6146 8.906493506493499 0.5199999999999996 0.12
6147 9.401298701298696 0.5199999999999996 0.12
6148 9.89610389610389 0.5200000000000005 0.12
6149 10.39090909090908 0.5200000000000005 0.12
6150 10.88571428571428 0.5200000000000014 0.12
6151 11.38051948051947 0.5199999999999996 0.12
6152 11.87532467532466 0.5200000000000005 0.12
6153 12.37012987012985 0.5199999999999996 0.12
6154 12.86493506493505 0.5199999999999996 0.12
6155 13.35974025974025 0.5200000000000014 0.12
6156 13.85454545454544 0.5199999999999996 0.12
6157 14.34935064935063 0.5200000000000005 0.12
6158 14.84415584415583 0.5199999999999996 0.12
6159 15.33896103896102 0.5199999999999996 0.12
6160 15.83376623376622 0.5200000000000005 0.12
6161 16.32857142857141 0.5200000000000005 0.12
6162 16.8233766233766 0.5199999999999996 0.12
6163 17.31818181818179 0.5199999999999996 0.12
6164 17.81298701298699 0.5200000000000005 0.12
6165 18.30779220779219 0.5200000000000005 0.12
6166 18.80259740259738 0.5200000000000005 0.12
6167 19.29740259740258 0.5199999999999996 0.12
6168 19.79220779220777 0.5199999999999996 0.12
6169 20.28701298701296 0.5199999999999996 0.12
6170 20.78181818181816 0.5200000000000005 0.12
6171 21.27662337662336 0.5199999999999996 0.12
6172 21.77142857142855 0.5200000000000014 0.12
6173 22.26623376623375 0.5199999999999996 0.12
6174 22.76103896103894 0.5200000000000005 0.12
6175 23.25584415584414 0.5199999999999996 0.12
6176 23.75064935064933 0.5199999999999996 0.12
6177 24.24545454545453 0.5200000000000005 0.12
6178 24.74025974025972 0.5200000000000005 0.12
6179 25.23506493506492 0.5199999999999996 0.12
6180 25.72987012987011 0.5199999999999996 0.12
6181 26.22467532467531 0.5199999999999996 0.12
6182 26.71948051948051 0.5200000000000005 0.12
6183 27.2142857142857 0.5200000000000005 0.12
6184 27.7090909090909 0.5199999999999996 0.12
6185 28.20389610389609 0.5200000000000005 0.12
6186 28.69870129870129 0.5199999999999996 0.12
6187 29.19350649350648 0.5200000000000005 0.12
6188 29.68831168831168 0.5200000000000005 0.12
6189 30.18311688311687 0.5199999999999996 0.12
6190 30.67792207792207 0.5199999999999996 0.12
6191 31.17272727272727 0.5200000000000005 0.12
6192 31.66753246753246 0.5199999999999996 0.12
6193 32.16233766233766 0.5199999999999996 0.12
6194 32.65714285714285 0.5199999999999996 0.12
6195 33.15194805194805 0.5200000000000005 0.12
6196 33.64675324675324 0.5199999999999996 0.12
6197 34.14155844155844 0.5200000000000005 0.12
6198 34.63636363636363 0.5200000000000005 0.12
6199 35.13116883116883 0.5200000000000005 0.12
6200 35.62597402597402 0.5200000000000005 0.12
6201 36.12077922077922 0.5199999999999996 0.12
6202 36.61558441558442 0.5200000000000005 0.12
6203 37.11038961038961 0.5199999999999996 0.12
6204 37.60519480519481 0.5200000000000005 0.12
6205 0.494805194805199 10.52 0.14
6206 0.9896103896103909 10.52 0.14
6207 1.484415584415586 10.52 0.14
6208 1.979220779220782 10.52 0.14
6209 2.474025974025977 10.52 0.14
6210 2.968831168831173 10.52 0.14
6211 3.463636363636363 10.52 0.14
6212 3.958441558441555 10.52 0.14
6213 4.453246753246759 10.52 0.14
6214 4.948051948051948 10.52 0.14
6215 5.44285714285714 10.52 0.14
6216 5.937662337662339 10.52 0.14
6217 6.432467532467532 10.52 0.14
6218 6.927272727272722 10.52 0.14
6219 7.422077922077918 10.52 0.14
6220 7.916883116883106 10.52 0.14
6221 8.411688311688305 10.52 0.14
6222 8.906493506493499 10.52 0.14
6223 9.401298701298696 10.52 0.14
6224 9.896103896103888 10.52 0.14
6225 10.39090909090908 10.52 0.14
6226 10.88571428571428 10.52 0.14
6227 11.38051948051947 10.52 0.14
6228 11.87532467532466 10.52 0.14
6229 12.37012987012985 10.52 0.14
6230 12.86493506493505 10.52 0.14
6231 13.35974025974025 10.52 0.14
6232 13.85454545454544 10.52 0.14
6233 14.34935064935063 10.52 0.14
6234 14.84415584415583 10.52 0.14
6235 15.33896103896102 10.52 0.14
6236 15.83376623376622 10.52 0.14
6237 16.32857142857141 10.52 0.14
6238 16.8233766233766 10.52 0.14
6239 17.31818181818179 10.52 0.14
6240 17.81298701298699 10.52 0.14
6241 18.30779220779219 10.52 0.14
6242 18.80259740259738 10.52 0.14
6243 19.29740259740258 10.52 0.14
6244 19.79220779220777 10.52 0.14
6245 20.28701298701296 10.52 0.14
6246 20.78181818181816 10.52 0.14
6247 21.27662337662336 10.52 0.14
6248 21.77142857142855 10.52 0.14
6249 22.26623376623375 10.52 0.14
6250 22.76103896103894 10.52 0.14
6251 23.25584415584414 10.52 0.14
6252 23.75064935064933 10.52 0.14
6253 24.24545454545452 10.52 0.14
6254 24.74025974025972 10.52 0.14
6255 25.23506493506492 10.52 0.14
6256 25.72987012987011 10.52 0.14
6257 26.22467532467531 10.52 0.14
6258 26.71948051948051 10.52 0.14
6259 27.2142857142857 10.52 0.14
6260 27.7090909090909 10.52 0.14
6261 28.20389610389609 10.52 0.14
6262 28.69870129870129 10.52 0.14
6263 29.19350649350648 10.52 0.14
6264 29.68831168831168 10.52 0.14
6265 30.18311688311687 10.52 0.14
6266 30.67792207792207 10.52 0.14
6267 31.17272727272726 10.52 0.14
6268 31.66753246753246 10.52 0.14
6269 32.16233766233765 10.52 0.14
6270 32.65714285714285 10.52 0.14
6271 33.15194805194805 10.52 0.14
6272 33.64675324675324 10.52 0.14
6273 34.14155844155844 10.52 0.14
6274 34.63636363636363 10.52 0.14
6275 35.13116883116883 10.52 0.14
6276 35.62597402597402 10.52 0.14
6277 36.12077922077921 10.52 0.14
6278 36.61558441558441 10.52 0.14
6279 37.1103896103896 10.52 0.14
6280 37.60519480519481 10.52 0.14
6281 0.4948051948051919 10.02 0.14
6282 0.9896103896104052 10.02 0.14
6283 1.484415584415586 10.02 0.14
6284 1.979220779220785 10.02 0.14
6285 2.474025974025974 10.02 0.14
6286 2.968831168831173 10.02 0.14
6287 3.463636363636365 10.02 0.14
6288 3.958441558441562 10.02 0.14
6289 4.453246753246757 10.02 0.14
6290 4.948051948051948 10.02 0.14
6291 5.442857142857143 10.02 0.14
6292 5.937662337662342 10.02 0.14
6293 6.43246753246753 10.02 0.14
6294 6.927272727272721 10.02 0.14
6295 7.42207792207792 10.02 0.14
6296 7.916883116883106 10.02 0.14
6297 8.411688311688303 10.02 0.14
6298 8.906493506493501 10.02 0.14
6299 9.401298701298696 10.02 0.14
6300 9.896103896103886 10.02 0.14
6301 10.39090909090909 10.02 0.14
6302 10.88571428571428 10.02 0.14
6303 11.38051948051947 10.02 0.14
6304 11.87532467532466 10.02 0.14
6305 12.37012987012986 10.02 0.14
6306 12.86493506493505 10.02 0.14
6307 13.35974025974025 10.02 0.14
6308 13.85454545454544 10.02 0.14
6309 14.34935064935063 10.02 0.14
6310 14.84415584415583 10.02 0.14
6311 15.33896103896102 10.02 0.14
6312 15.83376623376622 10.02 0.14
6313 16.32857142857141 10.02 0.14
6314 16.8233766233766 10.02 0.14
6315 17.3181818181818 10.02 0.14
6316 17.81298701298699 10.02 0.14
6317 18.30779220779218 10.02 0.14
6318 18.80259740259738 10.02 0.14
6319 19.29740259740258 10.02 0.14
6320 19.79220779220777 10.02 0.14
6321 20.28701298701296 10.02 0.14
6322 20.78181818181816 10.02 0.14
6323 21.27662337662336 10.02 0.14
6324 21.77142857142855 10.02 0.14
6325 22.26623376623375 10.02 0.14
6326 22.76103896103894 10.02 0.14
6327 23.25584415584413 10.02 0.14
6328 23.75064935064933 10.02 0.14
6329 24.24545454545453 10.02 0.14
6330 24.74025974025972 10.02 0.14
6331 25.23506493506492 10.02 0.14
6332 25.72987012987011 10.02 0.14
6333 26.22467532467531 10.02 0.14
6334 26.71948051948051 10.02 0.14
6335 27.2142857142857 10.02 0.14
6336 27.7090909090909 10.02 0.14
6337 28.20389610389609 10.02 0.14
6338 28.69870129870129 10.02 0.14
6339 29.19350649350648 10.02 0.14
6340 29.68831168831168 10.02 0.14
6341 30.18311688311687 10.02 0.14
6342 30.67792207792207 10.02 0.14
6343 31.17272727272726 10.02 0.14
6344 31.66753246753246 10.02 0.14
6345 32.16233766233766 10.02 0.14
6346 32.65714285714285 10.02 0.14
6347 33.15194805194805 10.02 0.14
6348 33.64675324675324 10.02 0.14
6349 34.14155844155844 10.02 0.14
6350 34.63636363636363 10.02 0.14
6351 35.13116883116883 10.02 0.14
6352 35.62597402597403 10.02 0.14
6353 36.12077922077921 10.02 0.14
6354 36.61558441558442 10.02 0.14
6355 37.11038961038961 10.02 0.14
6356 37.60519480519481 10.02 0.14
6357 0.4948051948051955 9.52 0.14
6358 0.9896103896103909 9.52 0.14
6359 1.484415584415586 9.52 0.14
6360 1.979220779220785 9.52 0.14
6361 2.474025974025977 9.52 0.14
6362 2.968831168831173 9.52 0.14
6363 3.463636363636365 9.52 0.14
6364 3.95844155844156 9.52 0.14
6365 4.453246753246761 9.52 0.14
6366 4.948051948051946 9.52 0.14
6367 5.442857142857143 9.52 0.14
6368 5.937662337662339 9.52 0.14
6369 6.43246753246753 9.52 0.14
6370 6.927272727272724 9.52 0.14
6371 7.422077922077918 9.52 0.14
6372 7.916883116883106 9.52 0.14
6373 8.411688311688302 9.52 0.14
6374 8.906493506493501 9.52 0.14
6375 9.401298701298694 9.52 0.14
6376 9.896103896103888 9.52 0.14
6377 10.39090909090908 9.52 0.14
6378 10.88571428571428 9.52 0.14
6379 11.38051948051947 9.52 0.14
6380 11.87532467532466 9.52 0.14
6381 12.37012987012986 9.52 0.14
6382 12.86493506493505 9.52 0.14
6383 13.35974025974025 9.52 0.14
6384 13.85454545454544 9.52 0.14
6385 14.34935064935063 9.52 0.14
6386 14.84415584415583 9.52 0.14
6387 15.33896103896102 9.52 0.14
6388 15.83376623376622 9.52 0.14
6389 16.32857142857141 9.52 0.14
6390 16.8233766233766 9.52 0.14
6391 17.3181818181818 9.52 0.14
6392 17.81298701298699 9.52 0.14
6393 18.30779220779219 9.52 0.14
6394 18.80259740259738 9.52 0.14
6395 19.29740259740258 9.52 0.14
6396 19.79220779220777 9.52 0.14
6397 20.28701298701296 9.52 0.14
6398 20.78181818181816 9.52 0.14
6399 21.27662337662336 9.52 0.14
6400 21.77142857142855 9.52 0.14
6401 22.26623376623375 9.52 0.14
6402 22.76103896103894 9.52 0.14
6403 23.25584415584414 9.52 0.14
6404 23.75064935064933 9.52 0.14
6405 24.24545454545453 9.52 0.14
6406 24.74025974025972 9.52 0.14
6407 25.23506493506492 9.52 0.14
6408 25.72987012987011 9.52 0.14
6409 26.22467532467531 9.52 0.14
6410 26.71948051948051 9.52 0.14
6411 27.2142857142857 9.52 0.14
6412 27.7090909090909 9.52 0.14
6413 28.20389610389609 9.52 0.14
6414 28.69870129870129 9.52 0.14
6415 29.19350649350648 9.52 0.14
6416 29.68831168831168 9.52 0.14
6417 30.18311688311687 9.52 0.14
6418 30.67792207792207 9.52 0.14
6419 31.17272727272727 9.52 0.14
6420 31.66753246753246 9.52 0.14
6421 32.16233766233766 9.52 0.14
6422 32.65714285714285 9.52 0.14
6423 33.15194805194805 9.52 0.14
6424 33.64675324675324 9.52 0.14
6425 34.14155844155844 9.52 0.14
6426 34.63636363636363 9.52 0.14
6427 35.13116883116883 9.52 0.14
6428 35.62597402597403 9.52 0.14
6429 36.12077922077921 9.52 0.14
6430 36.61558441558441 9.52 0.14
6431 37.1103896103896 9.52 0.14
6432 37.60519480519481 9.52 0.14
6433 0.4948051948051955 9.02 0.14
6434 0.9896103896103909 9.02 0.14
6435 1.484415584415586 9.02 0.14
6436 1.979220779220782 9.02 0.14
6437 2.474025974025974 9.02 0.14
6438 2.968831168831173 9.020000000000001 0.14
6439 3.463636363636367 9.02 0.14
6440 3.95844155844156 9.02 0.14
6441 4.453246753246761 9.02 0.14
6442 4.948051948051949 9.02 0.14
6443 5.442857142857147 9.02 0.14
6444 5.937662337662339 9.02 0.14
6445 6.43246753246753 9.02 0.14
6446 6.927272727272722 9.02 0.14
6447 7.422077922077918 9.02 0.14
6448 7.916883116883106 9.02 0.14
6449 8.411688311688303 9.020000000000001 0.14
6450 8.906493506493501 9.02 0.14
6451 9.401298701298696 9.02 0.14
6452 9.896103896103888 9.02 0.14
6453 10.39090909090908 9.02 0.14
6454 10.88571428571428 9.020000000000001 0.14
6455 11.38051948051947 9.02 0.14
6456 11.87532467532466 9.02 0.14
6457 12.37012987012985 9.02 0.14
6458 12.86493506493505 9.02 0.14
6459 13.35974025974025 9.02 0.14
6460 13.85454545454544 9.02 0.14
6461 14.34935064935063 9.02 0.14
6462 14.84415584415583 9.02 0.14
6463 15.33896103896102 9.02 0.14
6464 15.83376623376622 9.02 0.14
6465 16.32857142857141 9.02 0.14
6466 16.8233766233766 9.02 0.14
6467 17.31818181818179 9.02 0.14
6468 17.81298701298699 9.02 0.14
6469 18.30779220779219 9.02 0.14
6470 18.80259740259738 9.02 0.14
6471 19.29740259740258 9.02 0.14
6472 19.79220779220777 9.02 0.14
6473 20.28701298701296 9.02 0.14
6474 20.78181818181816 9.02 0.14
6475 21.27662337662336 9.02 0.14
6476 21.77142857142855 9.02 0.14
6477 22.26623376623375 9.02 0.14
6478 22.76103896103894 9.02 0.14
6479 23.25584415584414 9.02 0.14
6480 23.75064935064933 9.02 0.14
6481 24.24545454545453 9.02 0.14
6482 24.74025974025972 9.02 0.14
6483 25.23506493506492 9.02 0.14
6484 25.72987012987012 9.02 0.14
6485 26.22467532467531 9.02 0.14
6486 26.71948051948051 9.02 0.14
6487 27.2142857142857 9.02 0.14
6488 27.7090909090909 9.02 0.14
6489 28.20389610389609 9.02 0.14
6490 28.69870129870129 9.02 0.14
6491 29.19350649350648 9.02 0.14
6492 29.68831168831168 9.02 0.14
6493 30.18311688311688 9.02 0.14
6494 30.67792207792207 9.02 0.14
6495 31.17272727272726 9.02 0.14
6496 31.66753246753246 9.02 0.14
6497 32.16233766233765 9.02 0.14
6498 32.65714285714285 9.02 0.14
6499 33.15194805194805 9.02 0.14
6500 33.64675324675324 9.02 0.14
6501 34.14155844155844 9.02 0.14
6502 34.63636363636363 9.02 0.14
6503 35.13116883116884 9.02 0.14
6504 35.62597402597403 9.02 0.14
6505 36.12077922077922 9.02 0.14
6506 36.61558441558442 9.02 0.14
6507 37.11038961038961 9.02 0.14
6508 37.6051948051948 9.02 0.14
6509 0.4948051948051955 8.52 0.14
6510 0.9896103896103909 8.52 0.14
6511 1.484415584415586 8.52 0.14
6512 1.979220779220782 8.52 0.14
6513 2.474025974025974 8.52 0.14
6514 2.968831168831173 8.52 0.14
6515 3.463636363636361 8.52 0.14
6516 3.958441558441562 8.52 0.14
6517 4.453246753246759 8.52 0.14
6518 4.948051948051949 8.52 0.14
6519 5.442857142857143 8.52 0.14
6520 5.937662337662339 8.52 0.14
6521 6.432467532467529 8.52 0.14
6522 6.927272727272722 8.52 0.14
6523 7.422077922077918 8.52 0.14
6524 7.916883116883106 8.52 0.14
6525 8.411688311688303 8.52 0.14
6526 8.906493506493501 8.52 0.14
6527 9.401298701298694 8.52 0.14
6528 9.896103896103888 8.52 0.14
6529 10.39090909090908 8.52 0.14
6530 10.88571428571428 8.52 0.14
6531 11.38051948051947 8.52 0.14
6532 11.87532467532466 8.52 0.14
6533 12.37012987012985 8.52 0.14
6534 12.86493506493505 8.52 0.14
6535 13.35974025974025 8.52 0.14
6536 13.85454545454544 8.52 0.14
6537 14.34935064935063 8.52 0.14
6538 14.84415584415583 8.52 0.14
6539 15.33896103896102 8.52 0.14
6540 15.83376623376622 8.52 0.14
6541 16.32857142857141 8.52 0.14
6542 16.8233766233766 8.52 0.14
6543 17.3181818181818 8.52 0.14
6544 17.81298701298699 8.52 0.14
6545 18.30779220779219 8.52 0.14
6546 18.80259740259738 8.52 0.14
6547 19.29740259740258 8.52 0.14
6548 19.79220779220777 8.52 0.14
6549 20.28701298701296 8.52 0.14
6550 20.78181818181816 8.52 0.14
6551 21.27662337662336 8.52 0.14
6552 21.77142857142855 8.52 0.14
6553 22.26623376623375 8.52 0.14
6554 22.76103896103894 8.52 0.14
6555 23.25584415584413 8.52 0.14
6556 23.75064935064933 8.52 0.14
6557 24.24545454545453 8.52 0.14
6558 24.74025974025972 8.52 0.14
6559 25.23506493506492 8.52 0.14
6560 25.72987012987011 8.52 0.14
6561 26.22467532467531 8.52 0.14
6562 26.71948051948051 8.52 0.14
6563 27.2142857142857 8.52 0.14
6564 27.7090909090909 8.52 0.14
6565 28.20389610389609 8.52 0.14
6566 28.69870129870129 8.52 0.14
6567 29.19350649350648 8.52 0.14
6568 29.68831168831168 8.52 0.14
6569 30.18311688311687 8.52 0.14
6570 30.67792207792207 8.52 0.14
6571 31.17272727272726 8.52 0.14
6572 31.66753246753246 8.52 0.14
6573 32.16233766233766 8.52 0.14
6574 32.65714285714285 8.52 0.14
6575 33.15194805194805 8.52 0.14
6576 33.64675324675324 8.52 0.14
6577 34.14155844155844 8.52 0.14
6578 34.63636363636363 8.52 0.14
6579 35.13116883116884 8.52 0.14
6580 35.62597402597403 8.52 0.14
6581 36.12077922077921 8.52 0.14
6582 36.61558441558442 8.52 0.14
6583 37.11038961038961 8.52 0.14
6584 37.60519480519481 8.52 0.14
6585 0.4948051948051955 8.019999999999998 0.14
6586 0.9896103896103909 8.02 0.14
6587 1.48441558441559 8.02 0.14
6588 1.979220779220785 8.02 0.14
6589 2.474025974025977 8.02 0.14
6590 2.968831168831173 8.02 0.14
6591 3.463636363636363 8.02 0.14
6592 3.95844155844156 8.02 0.14
6593 4.453246753246759 8.02 0.14
6594 4.948051948051944 8.02 0.14
6595 5.442857142857143 8.02 0.14
6596 5.937662337662339 8.02 0.14
6597 6.432467532467532 8.02 0.14
6598 6.927272727272722 8.02 0.14
6599 7.422077922077921 8.02 0.14
6600 7.916883116883104 8.02 0.14
6601 8.411688311688303 8.02 0.14
6602 8.906493506493501 8.02 0.14
6603 9.401298701298698 8.02 0.14
6604 9.896103896103888 8.02 0.14
6605 10.39090909090909 8.02 0.14
6606 10.88571428571428 8.02 0.14
6607 11.38051948051947 8.02 0.14
6608 11.87532467532466 8.02 0.14
6609 12.37012987012985 8.02 0.14
6610 12.86493506493505 8.02 0.14
6611 13.35974025974025 8.02 0.14
6612 13.85454545454544 8.02 0.14
6613 14.34935064935063 8.02 0.14
6614 14.84415584415583 8.02 0.14
6615 15.33896103896102 8.02 0.14
6616 15.83376623376622 8.02 0.14
6617 16.32857142857141 8.02 0.14
6618 16.8233766233766 8.02 0.14
6619 17.3181818181818 8.02 0.14
6620 17.81298701298699 8.02 0.14
6621 18.30779220779219 8.02 0.14
6622 18.80259740259738 8.02 0.14
6623 19.29740259740258 8.02 0.14
6624 19.79220779220777 8.02 0.14
6625 20.28701298701296 8.02 0.14
6626 20.78181818181816 8.02 0.14
6627 21.27662337662336 8.02 0.14
6628 21.77142857142855 8.02 0.14
6629 22.26623376623375 8.02 0.14
6630 22.76103896103894 8.02 0.14
6631 23.25584415584414 8.02 0.14
6632 23.75064935064933 8.02 0.14
6633 24.24545454545453 8.02 0.14
6634 24.74025974025972 8.02 0.14
6635 25.23506493506492 8.02 0.14
6636 25.72987012987012 8.02 0.14
6637 26.22467532467531 8.02 0.14
6638 26.71948051948051 8.02 0.14
6639 27.2142857142857 8.02 0.14
6640 27.7090909090909 8.02 0.14
6641 28.20389610389609 8.02 0.14
6642 28.69870129870129 8.02 0.14
6643 29.19350649350648 8.02 0.14
6644 29.68831168831168 8.02 0.14
6645 30.18311688311687 8.02 0.14
6646 30.67792207792207 8.02 0.14
6647 31.17272727272726 8.02 0.14
6648 31.66753246753246 8.02 0.14
6649 32.16233766233766 8.02 0.14
6650 32.65714285714285 8.02 0.14
6651 33.15194805194805 8.02 0.14
6652 33.64675324675324 8.02 0.14
6653 34.14155844155844 8.02 0.14
6654 34.63636363636363 8.02 0.14
6655 35.13116883116883 8.02 0.14
6656 35.62597402597403 8.02 0.14
6657 36.12077922077921 8.02 0.14
6658 36.61558441558441 8.02 0.14
6659 37.11038961038961 8.02 0.14
6660 37.6051948051948 8.02 0.14
6661 0.4948051948051955 7.52 0.14
6662 0.9896103896103909 7.52 0.14
6663 1.484415584415586 7.52 0.14
6664 1.979220779220785 7.52 0.14
6665 2.474025974025977 7.52 0.14
6666 2.968831168831173 7.52 0.14
6667 3.463636363636365 7.52 0.14
6668 3.958441558441558 7.52 0.14
6669 4.453246753246757 7.52 0.14
6670 4.948051948051944 7.52 0.14
6671 5.442857142857143 7.52 0.14
6672 5.937662337662339 7.52 0.14
6673 6.432467532467527 7.52 0.14
6674 6.927272727272726 7.52 0.14
6675 7.422077922077918 7.52 0.14
6676 7.916883116883104 7.52 0.14
6677 8.411688311688305 7.52 0.14
6678 8.906493506493502 7.52 0.14
6679 9.401298701298698 7.52 0.14
6680 9.89610389610389 7.52 0.14
6681 10.39090909090908 7.52 0.14
6682 10.88571428571428 7.52 0.14
6683 11.38051948051947 7.52 0.14
6684 11.87532467532466 7.52 0.14
6685 12.37012987012985 7.520000000000001 0.14
6686 12.86493506493505 7.52 0.14
6687 13.35974025974025 7.52 0.14
6688 13.85454545454544 7.52 0.14
6689 14.34935064935063 7.52 0.14
6690 14.84415584415583 7.52 0.14
6691 15.33896103896102 7.52 0.14
6692 15.83376623376622 7.52 0.14
6693 16.32857142857141 7.52 0.14
6694 16.8233766233766 7.52 0.14
6695 17.3181818181818 7.520000000000001 0.14
6696 17.81298701298699 7.52 0.14
6697 18.30779220779219 7.52 0.14
6698 18.80259740259738 7.52 0.14
6699 19.29740259740258 7.52 0.14
6700 19.79220779220777 7.52 0.14
6701 20.28701298701296 7.520000000000001 0.14
6702 20.78181818181816 7.52 0.14
6703 21.27662337662336 7.520000000000001 0.14
6704 21.77142857142855 7.52 0.14
6705 22.26623376623375 7.52 0.14
6706 22.76103896103894 7.52 0.14
6707 23.25584415584413 7.52 0.14
6708 23.75064935064933 7.52 0.14
6709 24.24545454545453 7.52 0.14
6710 24.74025974025972 7.520000000000001 0.14
6711 25.23506493506492 7.52 0.14
6712 25.72987012987012 7.52 0.14
6713 26.22467532467531 7.520000000000001 0.14
6714 26.71948051948051 7.52 0.14
6715 27.2142857142857 7.52 0.14
6716 27.7090909090909 7.52 0.14
6717 28.20389610389609 7.520000000000001 0.14
6718 28.69870129870129 7.520000000000001 0.14
6719 29.19350649350648 7.52 0.14
6720 29.68831168831168 7.52 0.14
6721 30.18311688311687 7.520000000000001 0.14
6722 30.67792207792207 7.52 0.14
6723 31.17272727272727 7.520000000000001 0.14
6724 31.66753246753246 7.52 0.14
6725 32.16233766233766 7.52 0.14
6726 32.65714285714284 7.520000000000001 0.14
6727 33.15194805194805 7.52 0.14
6728 33.64675324675324 7.520000000000001 0.14
6729 34.14155844155844 7.52 0.14
6730 34.63636363636363 7.520000000000001 0.14
6731 35.13116883116884 7.520000000000001 0.14
6732 35.62597402597403 7.52 0.14
6733 36.12077922077921 7.52 0.14
6734 36.61558441558442 7.520000000000001 0.14
6735 37.11038961038961 7.520000000000001 0.14
6736 37.60519480519481 7.520000000000001 0.14
6737 0.4948051948051919 7.02 0.14
6738 0.9896103896103909 7.02 0.14
6739 1.484415584415586 7.02 0.14
6740 1.979220779220782 7.02 0.14
6741 2.474025974025977 7.02 0.14
6742 2.968831168831173 7.02 0.14
6743 3.463636363636363 7.02 0.14
6744 3.958441558441562 7.02 0.14
6745 4.453246753246757 7.02 0.14
6746 4.948051948051944 7.02 0.14
6747 5.442857142857143 7.02 0.14
6748 5.937662337662339 7.02 0.14
6749 6.432467532467532 7.02 0.14
6750 6.927272727272722 7.02 0.14
6751 7.422077922077918 7.02 0.14
6752 7.916883116883106 7.02 0.14
6753 8.411688311688305 7.02 0.14
6754 8.906493506493501 7.02 0.14
6755 9.401298701298698 7.02 0.14
6756 9.896103896103888 7.02 0.14
6757 10.39090909090908 7.02 0.14
6758 10.88571428571428 7.02 0.14
6759 11.38051948051947 7.02 0.14
6760 11.87532467532466 7.02 0.14
6761 12.37012987012985 7.02 0.14
6762 12.86493506493505 7.02 0.14
6763 13.35974025974025 7.02 0.14
6764 13.85454545454544 7.02 0.14
6765 14.34935064935063 7.02 0.14
6766 14.84415584415583 7.02 0.14
6767 15.33896103896102 7.02 0.14
6768 15.83376623376622 7.02 0.14
6769 16.3285714285714 7.02 0.14
6770 16.8233766233766 7.02 0.14
6771 17.3181818181818 7.02 0.14
6772 17.81298701298699 7.02 0.14
6773 18.30779220779219 7.02 0.14
6774 18.80259740259738 7.02 0.14
6775 19.29740259740258 7.02 0.14
6776 19.79220779220777 7.02 0.14
6777 20.28701298701296 7.02 0.14
6778 20.78181818181816 7.02 0.14
6779 21.27662337662336 7.02 0.14
6780 21.77142857142855 7.02 0.14
6781 22.26623376623374 7.02 0.14
6782 22.76103896103894 7.02 0.14
6783 23.25584415584414 7.02 0.14
6784 23.75064935064933 7.02 0.14
6785 24.24545454545453 7.02 0.14
6786 24.74025974025972 7.02 0.14
6787 25.23506493506492 7.02 0.14
6788 25.72987012987012 7.02 0.14
6789 26.22467532467531 7.02 0.14
6790 26.71948051948051 7.02 0.14
6791 27.2142857142857 7.02 0.14
6792 27.7090909090909 7.02 0.14
6793 28.20389610389609 7.02 0.14
6794 28.69870129870129 7.02 0.14
6795 29.19350649350648 7.02 0.14
6796 29.68831168831168 7.02 0.14
6797 30.18311688311687 7.02 0.14
6798 30.67792207792207 7.02 0.14
6799 31.17272727272726 7.02 0.14
6800 31.66753246753246 7.02 0.14
6801 32.16233766233765 7.02 0.14
6802 32.65714285714285 7.02 0.14
6803 33.15194805194805 7.02 0.14
6804 33.64675324675324 7.02 0.14
6805 34.14155844155844 7.02 0.14
6806 34.63636363636364 7.02 0.14
6807 35.13116883116883 7.02 0.14
6808 35.62597402597403 7.02 0.14
6809 36.12077922077921 7.02 0.14
6810 36.61558441558442 7.02 0.14
6811 37.11038961038961 7.02 0.14
6812 37.6051948051948 7.02 0.14
6813 0.4948051948051955 6.52 0.14
6814 0.9896103896103874 6.52 0.14
6815 1.484415584415586 6.52 0.14
6816 1.979220779220778 6.52 0.14
6817 2.474025974025981 6.52 0.14
6818 2.968831168831169 6.52 0.14
6819 3.463636363636367 6.52 0.14
6820 3.95844155844156 6.52 0.14
6821 4.453246753246756 6.52 0.14
6822 4.948051948051948 6.52 0.14
6823 5.442857142857147 6.52 0.14
6824 5.937662337662339 6.52 0.14
6825 6.432467532467529 6.52 0.14
6826 6.927272727272722 6.52 0.14
6827 7.422077922077918 6.52 0.14
6828 7.916883116883106 6.52 0.14
6829 8.411688311688303 6.52 0.14
6830 8.906493506493499 6.52 0.14
6831 9.401298701298694 6.52 0.14
6832 9.896103896103888 6.52 0.14
6833 10.39090909090908 6.52 0.14
6834 10.88571428571428 6.52 0.14
6835 11.38051948051947 6.52 0.14
6836 11.87532467532466 6.52 0.14
6837 12.37012987012985 6.52 0.14
6838 12.86493506493505 6.52 0.14
6839 13.35974025974025 6.52 0.14
6840 13.85454545454544 6.52 0.14
6841 14.34935064935063 6.52 0.14
6842 14.84415584415583 6.52 0.14
6843 15.33896103896102 6.52 0.14
6844 15.83376623376622 6.52 0.14
6845 16.32857142857141 6.52 0.14
6846 16.8233766233766 6.52 0.14
6847 17.3181818181818 6.52 0.14
6848 17.81298701298699 6.52 0.14
6849 18.30779220779219 6.52 0.14
6850 18.80259740259738 6.52 0.14
6851 19.29740259740258 6.52 0.14
6852 19.79220779220777 6.52 0.14
6853 20.28701298701296 6.52 0.14
6854 20.78181818181816 6.52 0.14
6855 21.27662337662336 6.52 0.14
6856 21.77142857142855 6.52 0.14
6857 22.26623376623375 6.52 0.14
6858 22.76103896103894 6.52 0.14
6859 23.25584415584414 6.52 0.14
6860 23.75064935064933 6.52 0.14
6861 24.24545454545453 6.52 0.14
6862 24.74025974025972 6.52 0.14
6863 25.23506493506492 6.52 0.14
6864 25.72987012987012 6.52 0.14
6865 26.22467532467531 6.52 0.14
6866 26.71948051948051 6.52 0.14
6867 27.2142857142857 6.52 0.14
6868 27.7090909090909 6.52 0.14
6869 28.20389610389609 6.52 0.14
6870 28.69870129870129 6.52 0.14
6871 29.19350649350648 6.52 0.14
6872 29.68831168831168 6.52 0.14
6873 30.18311688311687 6.52 0.14
6874 30.67792207792207 6.52 0.14
6875 31.17272727272727 6.52 0.14
6876 31.66753246753246 6.52 0.14
6877 32.16233766233766 6.52 0.14
6878 32.65714285714285 6.52 0.14
6879 33.15194805194805 6.52 0.14
6880 33.64675324675325 6.52 0.14
6881 34.14155844155844 6.52 0.14
6882 34.63636363636363 6.52 0.14
6883 35.13116883116884 6.52 0.14
6884 35.62597402597402 6.52 0.14
6885 36.12077922077922 6.52 0.14
6886 36.61558441558442 6.52 0.14
6887 37.1103896103896 6.52 0.14
6888 37.60519480519481 6.52 0.14
6889 0.4948051948052097 6.02 0.14
6890 0.9896103896104052 6.02 0.14
6891 1.484415584415586 6.02 0.14
6892 1.979220779220785 6.02 0.14
6893 2.474025974025974 6.02 0.14
6894 2.968831168831173 6.02 0.14
6895 3.463636363636365 6.02 0.14
6896 3.95844155844156 6.02 0.14
6897 4.453246753246759 6.02 0.14
6898 4.948051948051948 6.02 0.14
6899 5.442857142857143 6.02 0.14
6900 5.937662337662339 6.02 0.14
6901 6.432467532467529 6.02 0.14
6902 6.927272727272722 6.02 0.14
6903 7.422077922077918 6.02 0.14
6904 7.916883116883104 6.02 0.14
6905 8.411688311688303 6.02 0.14
6906 8.906493506493501 6.02 0.14
6907 9.401298701298696 6.02 0.14
6908 9.896103896103888 6.02 0.14
6909 10.39090909090908 6.02 0.14
6910 10.88571428571428 6.02 0.14
6911 11.38051948051947 6.02 0.14
6912 11.87532467532466 6.02 0.14
6913 12.37012987012985 6.02 0.14
6914 12.86493506493505 6.02 0.14
6915 13.35974025974025 6.02 0.14
6916 13.85454545454544 6.02 0.14
6917 14.34935064935063 6.02 0.14
6918 14.84415584415583 6.02 0.14
6919 15.33896103896102 6.02 0.14
6920 15.83376623376622 6.02 0.14
6921 16.32857142857141 6.02 0.14
6922 16.8233766233766 6.02 0.14
6923 17.3181818181818 6.02 0.14
6924 17.81298701298699 6.02 0.14
6925 18.30779220779218 6.02 0.14
6926 18.80259740259738 6.02 0.14
6927 19.29740259740258 6.02 0.14
6928 19.79220779220777 6.02 0.14
6929 20.28701298701296 6.02 0.14
6930 20.78181818181816 6.02 0.14
6931 21.27662337662336 6.02 0.14
6932 21.77142857142855 6.02 0.14
6933 22.26623376623375 6.02 0.14
6934 22.76103896103894 6.02 0.14
6935 23.25584415584413 6.02 0.14
6936 23.75064935064933 6.02 0.14
6937 24.24545454545453 6.02 0.14
6938 24.74025974025972 6.02 0.14
6939 25.23506493506492 6.02 0.14
6940 25.72987012987012 6.02 0.14
6941 26.22467532467531 6.02 0.14
6942 26.71948051948051 6.02 0.14
6943 27.2142857142857 6.02 0.14
6944 27.7090909090909 6.02 0.14
6945 28.20389610389609 6.02 0.14
6946 28.69870129870128 6.02 0.14
6947 29.19350649350648 6.02 0.14
6948 29.68831168831168 6.02 0.14
6949 30.18311688311687 6.02 0.14
6950 30.67792207792207 6.02 0.14
6951 31.17272727272726 6.02 0.14
6952 31.66753246753246 6.02 0.14
6953 32.16233766233766 6.02 0.14
6954 32.65714285714285 6.02 0.14
6955 33.15194805194805 6.02 0.14
6956 33.64675324675324 6.02 0.14
6957 34.14155844155844 6.02 0.14
6958 34.63636363636363 6.02 0.14
6959 35.13116883116884 6.02 0.14
6960 35.62597402597403 6.02 0.14
6961 36.12077922077921 6.02 0.14
6962 36.61558441558442 6.02 0.14
6963 37.1103896103896 6.02 0.14
6964 37.60519480519481 6.02 0.14
6965 0.494805194805199 5.52 0.14
6966 0.9896103896103945 5.52 0.14
6967 1.484415584415586 5.52 0.14
6968 1.979220779220782 5.52 0.14
6969 2.474025974025977 5.52 0.14
6970 2.968831168831173 5.52 0.14
6971 3.463636363636363 5.52 0.14
6972 3.958441558441558 5.52 0.14
6973 4.453246753246759 5.52 0.14
6974 4.948051948051948 5.52 0.14
6975 5.442857142857143 5.52 0.14
6976 5.937662337662339 5.52 0.14
6977 6.43246753246753 5.52 0.14
6978 6.927272727272722 5.52 0.14
6979 7.422077922077918 5.52 0.14
6980 7.916883116883108 5.52 0.14
6981 8.411688311688305 5.52 0.14
6982 8.906493506493501 5.52 0.14
6983 9.401298701298696 5.52 0.14
6984 9.896103896103888 5.52 0.14
6985 10.39090909090908 5.52 0.14
6986 10.88571428571428 5.52 0.14
6987 11.38051948051947 5.52 0.14
6988 11.87532467532466 5.52 0.14
6989 12.37012987012985 5.52 0.14
6990 12.86493506493505 5.52 0.14
6991 13.35974025974025 5.52 0.14
6992 13.85454545454544 5.52 0.14
6993 14.34935064935063 5.52 0.14
6994 14.84415584415583 5.52 0.14
6995 15.33896103896102 5.52 0.14
6996 15.83376623376622 5.52 0.14
6997 16.32857142857141 5.52 0.14
6998 16.8233766233766 5.52 0.14
6999 17.3181818181818 5.52 0.14
7000 17.81298701298699 5.52 0.14
7001 18.30779220779219 5.52 0.14
7002 18.80259740259738 5.52 0.14
7003 19.29740259740258 5.52 0.14
7004 19.79220779220777 5.52 0.14
7005 20.28701298701296 5.52 0.14
7006 20.78181818181816 5.52 0.14
7007 21.27662337662336 5.52 0.14
7008 21.77142857142855 5.52 0.14
7009 22.26623376623375 5.52 0.14
7010 22.76103896103894 5.52 0.14
7011 23.25584415584414 5.52 0.14
7012 23.75064935064933 5.52 0.14
7013 24.24545454545453 5.52 0.14
7014 24.74025974025972 5.52 0.14
7015 25.23506493506492 5.52 0.14
7016 25.72987012987011 5.52 0.14
7017 26.22467532467531 5.52 0.14
7018 26.71948051948051 5.52 0.14
7019 27.2142857142857 5.52 0.14
7020 27.7090909090909 5.52 0.14
7021 28.20389610389609 5.52 0.14
7022 28.69870129870129 5.52 0.14
7023 29.19350649350648 5.52 0.14
7024 29.68831168831168 5.52 0.14
7025 30.18311688311687 5.52 0.14
7026 30.67792207792207 5.52 0.14
7027 31.17272727272726 5.52 0.14
7028 31.66753246753246 5.52 0.14
7029 32.16233766233766 5.52 0.14
7030 32.65714285714285 5.52 0.14
7031 33.15194805194805 5.52 0.14
7032 33.64675324675324 5.52 0.14
7033 34.14155844155844 5.52 0.14
7034 34.63636363636363 5.52 0.14
7035 35.13116883116883 5.52 0.14
7036 35.62597402597402 5.52 0.14
7037 36.12077922077921 5.52 0.14
7038 36.61558441558442 5.52 0.14
7039 37.11038961038961 5.52 0.14
7040 37.60519480519481 5.52 0.14
7041 0.4948051948051955 5.02 0.14
7042 0.9896103896103909 5.02 0.14
7043 1.48441558441559 5.019999999999999 0.14
7044 1.979220779220785 5.02 0.14
7045 2.474025974025977 5.019999999999999 0.14
7046 2.968831168831173 5.019999999999999 0.14
7047 3.463636363636365 5.02 0.14
7048 3.95844155844156 5.02 0.14
7049 4.453246753246759 5.019999999999999 0.14
7050 4.948051948051948 5.019999999999999 0.14
7051 5.442857142857143 5.019999999999999 0.14
7052 5.937662337662339 5.02 0.14
7053 6.432467532467529 5.02 0.14
7054 6.927272727272722 5.02 0.14
7055 7.422077922077918 5.02 0.14
7056 7.916883116883104 5.019999999999999 0.14
7057 8.411688311688303 5.02 0.14
7058 8.906493506493501 5.02 0.14
7059 9.401298701298696 5.019999999999999 0.14
7060 9.896103896103888 5.02 0.14
7061 10.39090909090908 5.02 0.14
7062 10.88571428571428 5.019999999999999 0.14
7063 11.38051948051947 5.019999999999999 0.14
7064 11.87532467532466 5.019999999999999 0.14
7065 12.37012987012985 5.02 0.14
7066 12.86493506493505 5.019999999999999 0.14
7067 13.35974025974025 5.02 0.14
7068 13.85454545454544 5.02 0.14
7069 14.34935064935063 5.019999999999999 0.14
7070 14.84415584415583 5.019999999999999 0.14
7071 15.33896103896102 5.019999999999999 0.14
7072 15.83376623376622 5.019999999999999 0.14
7073 16.32857142857141 5.02 0.14
7074 16.8233766233766 5.02 0.14
7075 17.3181818181818 5.02 0.14
7076 17.81298701298699 5.02 0.14
7077 18.30779220779219 5.02 0.14
7078 18.80259740259738 5.019999999999999 0.14
7079 19.29740259740258 5.02 0.14
7080 19.79220779220777 5.02 0.14
7081 20.28701298701296 5.02 0.14
7082 20.78181818181816 5.02 0.14
7083 21.27662337662336 5.02 0.14
7084 21.77142857142855 5.02 0.14
7085 22.26623376623375 5.02 0.14
7086 22.76103896103894 5.019999999999999 0.14
7087 23.25584415584414 5.02 0.14
7088 23.75064935064933 5.02 0.14
7089 24.24545454545453 5.02 0.14
7090 24.74025974025972 5.019999999999999 0.14
7091 25.23506493506492 5.02 0.14
7092 25.72987012987012 5.019999999999999 0.14
7093 26.22467532467531 5.02 0.14
7094 26.71948051948051 5.02 0.14
7095 27.2142857142857 5.02 0.14
7096 27.7090909090909 5.02 0.14
7097 28.20389610389609 5.019999999999999 0.14
7098 28.69870129870129 5.02 0.14
7099 29.19350649350648 5.02 0.14
7100 29.68831168831168 5.02 0.14
7101 30.18311688311687 5.02 0.14
7102 30.67792207792207 5.019999999999999 0.14
7103 31.17272727272726 5.019999999999999 0.14
7104 31.66753246753246 5.02 0.14
7105 32.16233766233766 5.02 0.14
7106 32.65714285714285 5.02 0.14
7107 33.15194805194805 5.02 0.14
7108 33.64675324675324 5.019999999999999 0.14
7109 34.14155844155844 5.02 0.14
7110 34.63636363636363 5.02 0.14
7111 35.13116883116883 5.019999999999999 0.14
7112 35.62597402597403 5.019999999999999 0.14
7113 36.12077922077921 5.02 0.14
7114 36.61558441558441 5.02 0.14
7115 37.11038961038961 5.02 0.14
7116 37.60519480519481 5.02 0.14
7117 0.4948051948051955 4.52 0.14
7118 0.9896103896103909 4.52 0.14
7119 1.484415584415586 4.52 0.14
7120 1.979220779220782 4.52 0.14
7121 2.474025974025977 4.52 0.14
7122 2.968831168831169 4.52 0.14
7123 3.463636363636363 4.52 0.14
7124 3.95844155844156 4.52 0.14
7125 4.453246753246759 4.52 0.14
7126 4.948051948051948 4.52 0.14
7127 5.442857142857143 4.52 0.14
7128 5.937662337662339 4.52 0.14
7129 6.43246753246753 4.52 0.14
7130 6.927272727272722 4.52 0.14
7131 7.422077922077918 4.52 0.14
7132 7.916883116883106 4.52 0.14
7133 8.411688311688305 4.52 0.14
7134 8.906493506493499 4.52 0.14
7135 9.401298701298696 4.52 0.14
7136 9.896103896103888 4.52 0.14
7137 10.39090909090908 4.52 0.14
7138 10.88571428571428 4.52 0.14
7139 11.38051948051947 4.52 0.14
7140 11.87532467532466 4.52 0.14
7141 12.37012987012986 4.52 0.14
7142 12.86493506493505 4.52 0.14
7143 13.35974025974025 4.52 0.14
7144 13.85454545454544 4.52 0.14
7145 14.34935064935063 4.52 0.14
7146 14.84415584415583 4.52 0.14
7147 15.33896103896102 4.52 0.14
7148 15.83376623376622 4.52 0.14
7149 16.32857142857141 4.52 0.14
7150 16.8233766233766 4.52 0.14
7151 17.31818181818179 4.52 0.14
7152 17.81298701298699 4.52 0.14
7153 18.30779220779219 4.52 0.14
7154 18.80259740259738 4.52 0.14
7155 19.29740259740258 4.52 0.14
7156 19.79220779220777 4.52 0.14
7157 20.28701298701296 4.52 0.14
7158 20.78181818181816 4.52 0.14
7159 21.27662337662336 4.52 0.14
7160 21.77142857142855 4.52 0.14
7161 22.26623376623375 4.52 0.14
7162 22.76103896103894 4.52 0.14
7163 23.25584415584414 4.52 0.14
7164 23.75064935064933 4.52 0.14
7165 24.24545454545453 4.52 0.14
7166 24.74025974025972 4.52 0.14
7167 25.23506493506492 4.52 0.14
7168 25.72987012987012 4.52 0.14
7169 26.22467532467531 4.52 0.14
7170 26.71948051948051 4.52 0.14
7171 27.2142857142857 4.52 0.14
7172 27.70909090909089 4.52 0.14
7173 28.20389610389609 4.52 0.14
7174 28.69870129870129 4.52 0.14
7175 29.19350649350648 4.52 0.14
7176 29.68831168831168 4.52 0.14
7177 30.18311688311687 4.52 0.14
7178 30.67792207792207 4.52 0.14
7179 31.17272727272727 4.52 0.14
7180 31.66753246753246 4.52 0.14
7181 32.16233766233765 4.52 0.14
7182 32.65714285714285 4.52 0.14
7183 33.15194805194805 4.52 0.14
7184 33.64675324675324 4.52 0.14
7185 34.14155844155844 4.52 0.14
7186 34.63636363636363 4.52 0.14
7187 35.13116883116884 4.52 0.14
7188 35.62597402597402 4.52 0.14
7189 36.12077922077921 4.52 0.14
7190 36.61558441558442 4.52 0.14
7191 37.1103896103896 4.52 0.14
7192 37.60519480519481 4.52 0.14
7193 0.4948051948051919 4.019999999999999 0.14
7194 0.9896103896103909 4.02 0.14
7195 1.484415584415586 4.02 0.14
7196 1.979220779220782 4.02 0.14
7197 2.474025974025977 4.02 0.14
7198 2.968831168831173 4.02 0.14
7199 3.463636363636367 4.02 0.14
7200 3.95844155844156 4.019999999999999 0.14
7201 4.453246753246759 4.02 0.14
7202 4.948051948051944 4.02 0.14
7203 5.442857142857143 4.02 0.14
7204 5.937662337662339 4.02 0.14
7205 6.432467532467532 4.02 0.14
7206 6.927272727272722 4.02 0.14
7207 7.422077922077918 4.02 0.14
7208 7.916883116883104 4.02 0.14
7209 8.411688311688305 4.019999999999999 0.14
7210 8.906493506493501 4.02 0.14
7211 9.401298701298698 4.02 0.14
7212 9.896103896103888 4.02 0.14
7213 10.39090909090908 4.02 0.14
7214 10.88571428571428 4.02 0.14
7215 11.38051948051947 4.02 0.14
7216 11.87532467532466 4.02 0.14
7217 12.37012987012985 4.02 0.14
7218 12.86493506493505 4.02 0.14
7219 13.35974025974025 4.02 0.14
7220 13.85454545454544 4.02 0.14
7221 14.34935064935063 4.02 0.14
7222 14.84415584415583 4.02 0.14
7223 15.33896103896102 4.02 0.14
7224 15.83376623376622 4.02 0.14
7225 16.3285714285714 4.02 0.14
7226 16.8233766233766 4.02 0.14
7227 17.3181818181818 4.02 0.14
7228 17.81298701298699 4.02 0.14
7229 18.30779220779219 4.02 0.14
7230 18.80259740259738 4.02 0.14
7231 19.29740259740258 4.02 0.14
7232 19.79220779220777 4.02 0.14
7233 20.28701298701296 4.02 0.14
7234 20.78181818181816 4.02 0.14
7235 21.27662337662336 4.02 0.14
7236 21.77142857142855 4.02 0.14
7237 22.26623376623374 4.02 0.14
7238 22.76103896103894 4.02 0.14
7239 23.25584415584414 4.02 0.14
7240 23.75064935064933 4.02 0.14
7241 24.24545454545453 4.02 0.14
7242 24.74025974025972 4.02 0.14
7243 25.23506493506492 4.02 0.14
7244 25.72987012987012 4.02 0.14
7245 26.22467532467531 4.02 0.14
7246 26.71948051948051 4.02 0.14
7247 27.2142857142857 4.02 0.14
7248 27.7090909090909 4.02 0.14
7249 28.20389610389609 4.02 0.14
7250 28.69870129870129 4.02 0.14
7251 29.19350649350648 4.02 0.14
7252 29.68831168831168 4.02 0.14
7253 30.18311688311687 4.02 0.14
7254 30.67792207792207 4.02 0.14
7255 31.17272727272726 4.02 0.14
7256 31.66753246753246 4.02 0.14
7257 32.16233766233765 4.02 0.14
7258 32.65714285714285 4.02 0.14
7259 33.15194805194805 4.02 0.14
7260 33.64675324675324 4.02 0.14
7261 34.14155844155844 4.02 0.14
7262 34.63636363636364 4.02 0.14
7263 35.13116883116883 4.02 0.14
7264 35.62597402597402 4.02 0.14
7265 36.12077922077921 4.02 0.14
7266 36.61558441558442 4.02 0.14
7267 37.11038961038961 4.02 0.14
7268 37.6051948051948 4.02 0.14
7269 0.4948051948051955 3.52 0.14
7270 0.9896103896103909 3.519999999999999 0.14
7271 1.484415584415586 3.519999999999999 0.14
7272 1.979220779220785 3.52 0.14
7273 2.474025974025977 3.519999999999999 0.14
7274 2.968831168831173 3.519999999999999 0.14
7275 3.463636363636365 3.519999999999999 0.14
7276 3.95844155844156 3.52 0.14
7277 4.453246753246759 3.519999999999999 0.14
7278 4.948051948051944 3.519999999999999 0.14
7279 5.442857142857145 3.519999999999999 0.14
7280 5.937662337662339 3.519999999999999 0.14
7281 6.43246753246753 3.519999999999999 0.14
7282 6.927272727272721 3.519999999999999 0.14
7283 7.422077922077918 3.519999999999999 0.14
7284 7.916883116883106 3.519999999999999 0.14
7285 8.411688311688305 3.519999999999999 0.14
7286 8.906493506493497 3.519999999999999 0.14
7287 9.401298701298698 3.519999999999999 0.14
7288 9.896103896103888 3.519999999999999 0.14
7289 10.39090909090908 3.519999999999999 0.14
7290 10.88571428571428 3.519999999999999 0.14
7291 11.38051948051947 3.519999999999999 0.14
7292 11.87532467532466 3.519999999999999 0.14
7293 12.37012987012985 3.52 0.14
7294 12.86493506493505 3.519999999999999 0.14
7295 13.35974025974025 3.519999999999999 0.14
7296 13.85454545454544 3.519999999999999 0.14
7297 14.34935064935063 3.519999999999999 0.14
7298 14.84415584415583 3.519999999999999 0.14
7299 15.33896103896102 3.52 0.14
7300 15.83376623376622 3.519999999999999 0.14
7301 16.32857142857141 3.519999999999999 0.14
7302 16.8233766233766 3.519999999999999 0.14
7303 17.3181818181818 3.519999999999999 0.14
7304 17.81298701298699 3.519999999999999 0.14
7305 18.30779220779219 3.52 0.14
7306 18.80259740259738 3.519999999999999 0.14
7307 19.29740259740258 3.519999999999999 0.14
7308 19.79220779220777 3.519999999999999 0.14
7309 20.28701298701296 3.519999999999999 0.14
7310 20.78181818181816 3.519999999999999 0.14
7311 21.27662337662336 3.52 0.14
7312 21.77142857142855 3.519999999999999 0.14
7313 22.26623376623374 3.52 0.14
7314 22.76103896103894 3.519999999999999 0.14
7315 23.25584415584414 3.52 0.14
7316 23.75064935064933 3.52 0.14
7317 24.24545454545453 3.519999999999999 0.14
7318 24.74025974025972 3.52 0.14
7319 25.23506493506492 3.519999999999999 0.14
7320 25.72987012987011 3.52 0.14
7321 26.22467532467531 3.52 0.14
7322 26.71948051948051 3.519999999999999 0.14
7323 27.2142857142857 3.519999999999999 0.14
7324 27.7090909090909 3.519999999999999 0.14
7325 28.20389610389609 3.52 0.14
7326 28.69870129870129 3.52 0.14
7327 29.19350649350648 3.52 0.14
7328 29.68831168831168 3.519999999999999 0.14
7329 30.18311688311687 3.52 0.14
7330 30.67792207792207 3.52 0.14
7331 31.17272727272726 3.52 0.14
7332 31.66753246753246 3.52 0.14
7333 32.16233766233766 3.52 0.14
7334 32.65714285714285 3.52 0.14
7335 33.15194805194805 3.52 0.14
7336 33.64675324675324 3.52 0.14
7337 34.14155844155844 3.52 0.14
7338 34.63636363636363 3.52 0.14
7339 35.13116883116883 3.52 0.14
7340 35.62597402597402 3.52 0.14
7341 36.12077922077921 3.52 0.14
7342 36.61558441558442 3.52 0.14
7343 37.11038961038961 3.52 0.14
7344 37.60519480519481 3.52 0.14
7345 0.4948051948051955 3.020000000000001 0.14
7346 0.9896103896103909 3.02 0.14
7347 1.48441558441559 3.02 0.14
7348 1.979220779220785 3.019999999999999 0.14
7349 2.474025974025977 3.02 0.14
7350 2.968831168831173 3.02 0.14
7351 3.463636363636367 3.019999999999999 0.14
7352 3.95844155844156 3.02 0.14
7353 4.453246753246759 3.02 0.14
7354 4.948051948051944 3.02 0.14
7355 5.442857142857145 3.02 0.14
7356 5.937662337662339 3.02 0.14
7357 6.432467532467532 3.019999999999999 0.14
7358 6.927272727272722 3.02 0.14
7359 7.42207792207792 3.02 0.14
7360 7.916883116883104 3.02 0.14
7361 8.411688311688303 3.02 0.14
7362 8.906493506493501 3.02 0.14
7363 9.401298701298698 3.02 0.14
7364 9.896103896103888 3.02 0.14
7365 10.39090909090909 3.02 0.14
7366 10.88571428571428 3.02 0.14
7367 11.38051948051947 3.02 0.14
7368 11.87532467532466 3.02 0.14
7369 12.37012987012985 3.02 0.14
7370 12.86493506493505 3.02 0.14
7371 13.35974025974025 3.02 0.14
7372 13.85454545454544 3.02 0.14
7373 14.34935064935063 3.02 0.14
7374 14.84415584415583 3.02 0.14
7375 15.33896103896102 3.02 0.14
7376 15.83376623376622 3.02 0.14
7377 16.32857142857141 3.02 0.14
7378 16.8233766233766 3.02 0.14
7379 17.3181818181818 3.02 0.14
7380 17.81298701298699 3.02 0.14
7381 18.30779220779219 3.02 0.14
7382 18.80259740259738 3.02 0.14
7383 19.29740259740258 3.02 0.14
7384 19.79220779220777 3.02 0.14
7385 20.28701298701296 3.02 0.14
7386 20.78181818181816 3.02 0.14
7387 21.27662337662336 3.02 0.14
7388 21.77142857142855 3.02 0.14
7389 22.26623376623375 3.02 0.14
7390 22.76103896103894 3.02 0.14
7391 23.25584415584414 3.02 0.14
7392 23.75064935064933 3.02 0.14
7393 24.24545454545453 3.02 0.14
7394 24.74025974025972 3.02 0.14
7395 25.23506493506492 3.02 0.14
7396 25.72987012987012 3.02 0.14
7397 26.22467532467531 3.02 0.14
7398 26.71948051948051 3.02 0.14
7399 27.2142857142857 3.02 0.14
7400 27.7090909090909 3.02 0.14
7401 28.20389610389609 3.02 0.14
7402 28.69870129870129 3.02 0.14
7403 29.19350649350648 3.02 0.14
7404 29.68831168831168 3.02 0.14
7405 30.18311688311687 3.02 0.14
7406 30.67792207792207 3.02 0.14
7407 31.17272727272726 3.02 0.14
7408 31.66753246753246 3.02 0.14
7409 32.16233766233766 3.02 0.14
7410 32.65714285714285 3.02 0.14
7411 33.15194805194805 3.02 0.14
7412 33.64675324675324 3.02 0.14
7413 34.14155844155844 3.02 0.14
7414 34.63636363636363 3.02 0.14
7415 35.13116883116883 3.02 0.14
7416 35.62597402597403 3.02 0.14
7417 36.12077922077921 3.02 0.14
7418 36.61558441558441 3.02 0.14
7419 37.11038961038961 3.02 0.14
7420 37.6051948051948 3.02 0.14
7421 0.4948051948051955 2.52 0.14
7422 0.9896103896103909 2.52 0.14
7423 1.484415584415586 2.52 0.14
7424 1.979220779220782 2.519999999999998 0.14
7425 2.474025974025977 2.519999999999999 0.14
7426 2.968831168831173 2.519999999999999 0.14
7427 3.463636363636365 2.52 0.14
7428 3.95844155844156 2.519999999999999 0.14
7429 4.453246753246759 2.519999999999999 0.14
7430 4.948051948051948 2.52 0.14
7431 5.442857142857143 2.52 0.14
7432 5.937662337662339 2.52 0.14
7433 6.43246753246753 2.519999999999999 0.14
7434 6.927272727272722 2.52 0.14
7435 7.422077922077918 2.519999999999999 0.14
7436 7.916883116883104 2.519999999999999 0.14
7437 8.411688311688305 2.519999999999999 0.14
7438 8.906493506493502 2.519999999999999 0.14
7439 9.401298701298696 2.52 0.14
7440 9.896103896103888 2.52 0.14
7441 10.39090909090908 2.52 0.14
7442 10.88571428571428 2.52 0.14
7443 11.38051948051947 2.519999999999999 0.14
7444 11.87532467532466 2.52 0.14
7445 12.37012987012986 2.52 0.14
7446 12.86493506493505 2.519999999999999 0.14
7447 13.35974025974025 2.52 0.14
7448 13.85454545454544 2.519999999999999 0.14
7449 14.34935064935063 2.52 0.14
7450 14.84415584415583 2.52 0.14
7451 15.33896103896102 2.519999999999999 0.14
7452 15.83376623376622 2.52 0.14
7453 16.32857142857141 2.519999999999999 0.14
7454 16.8233766233766 2.52 0.14
7455 17.3181818181818 2.52 0.14
7456 17.81298701298699 2.519999999999999 0.14
7457 18.30779220779219 2.52 0.14
7458 18.80259740259738 2.52 0.14
7459 19.29740259740258 2.52 0.14
7460 19.79220779220777 2.52 0.14
7461 20.28701298701296 2.519999999999999 0.14
7462 20.78181818181816 2.519999999999999 0.14
7463 21.27662337662336 2.52 0.14
7464 21.77142857142855 2.519999999999999 0.14
7465 22.26623376623374 2.52 0.14
7466 22.76103896103894 2.519999999999999 0.14
7467 23.25584415584413 2.52 0.14
7468 23.75064935064933 2.52 0.14
7469 24.24545454545453 2.519999999999999 0.14
7470 24.74025974025972 2.52 0.14
7471 25.23506493506492 2.52 0.14
7472 25.72987012987011 2.52 0.14
7473 26.22467532467531 2.52 0.14
7474 26.71948051948051 2.519999999999999 0.14
7475 27.2142857142857 2.52 0.14
7476 27.70909090909089 2.52 0.14
7477 28.20389610389609 2.52 0.14
7478 28.69870129870129 2.52 0.14
7479 29.19350649350648 2.519999999999999 0.14
7480 29.68831168831168 2.52 0.14
7481 30.18311688311687 2.52 0.14
7482 30.67792207792207 2.52 0.14
7483 31.17272727272726 2.52 0.14
7484 31.66753246753246 2.519999999999999 0.14
7485 32.16233766233765 2.52 0.14
7486 32.65714285714285 2.52 0.14
7487 33.15194805194805 2.52 0.14
7488 33.64675324675324 2.52 0.14
7489 34.14155844155844 2.52 0.14
7490 34.63636363636363 2.519999999999999 0.14
7491 35.13116883116883 2.52 0.14
7492 35.62597402597403 2.52 0.14
7493 36.12077922077921 2.519999999999999 0.14
7494 36.61558441558442 2.52 0.14
7495 37.11038961038961 2.519999999999999 0.14
7496 37.60519480519481 2.52 0.14
7497 0.4948051948051955 2.020000000000001 0.14
7498 0.9896103896103909 2.02 0.14
7499 1.484415584415586 2.02 0.14
7500 1.979220779220782 2.02 0.14
7501 2.474025974025977 2.02 0.14
7502 2.968831168831173 2.02 0.14
7503 3.463636363636365 2.02 0.14
7504 3.95844155844156 2.02 0.14
7505 4.453246753246759 2.02 0.14
7506 4.948051948051948 2.020000000000001 0.14
7507 5.442857142857143 2.02 0.14
7508 5.937662337662339 2.02 0.14
7509 6.432467532467529 2.02 0.14
7510 6.927272727272724 2.02 0.14
7511 7.422077922077918 2.02 0.14
7512 7.916883116883104 2.02 0.14
7513 8.411688311688303 2.019999999999999 0.14
7514 8.906493506493501 2.02 0.14
7515 9.401298701298694 2.02 0.14
7516 9.89610389610389 2.02 0.14
7517 10.39090909090909 2.02 0.14
7518 10.88571428571427 2.02 0.14
7519 11.38051948051947 2.020000000000001 0.14
7520 11.87532467532466 2.02 0.14
7521 12.37012987012985 2.02 0.14
7522 12.86493506493505 2.02 0.14
7523 13.35974025974025 2.02 0.14
7524 13.85454545454544 2.02 0.14
7525 14.34935064935063 2.02 0.14
7526 14.84415584415583 2.019999999999999 0.14
7527 15.33896103896102 2.02 0.14
7528 15.83376623376622 2.02 0.14
7529 16.32857142857141 2.02 0.14
7530 16.8233766233766 2.02 0.14
7531 17.3181818181818 2.02 0.14
7532 17.81298701298699 2.02 0.14
7533 18.30779220779219 2.02 0.14
7534 18.80259740259738 2.02 0.14
7535 19.29740259740258 2.02 0.14
7536 19.79220779220777 2.02 0.14
7537 20.28701298701296 2.02 0.14
7538 20.78181818181816 2.02 0.14
7539 21.27662337662336 2.02 0.14
7540 21.77142857142855 2.02 0.14
7541 22.26623376623375 2.02 0.14
7542 22.76103896103894 2.02 0.14
7543 23.25584415584413 2.02 0.14
7544 23.75064935064933 2.02 0.14
7545 24.24545454545453 2.02 0.14
7546 24.74025974025972 2.02 0.14
7547 25.23506493506492 2.02 0.14
7548 25.72987012987012 2.019999999999999 0.14
7549 26.22467532467531 2.02 0.14
7550 26.71948051948051 2.02 0.14
7551 27.2142857142857 2.02 0.14
7552 27.7090909090909 2.02 0.14
7553 28.20389610389609 2.02 0.14
7554 28.69870129870129 2.02 0.14
7555 29.19350649350648 2.02 0.14
7556 29.68831168831168 2.02 0.14
7557 30.18311688311687 2.02 0.14
7558 30.67792207792207 2.02 0.14
7559 31.17272727272727 2.02 0.14
7560 31.66753246753246 2.02 0.14
7561 32.16233766233766 2.02 0.14
7562 32.65714285714285 2.02 0.14
7563 33.15194805194805 2.02 0.14
7564 33.64675324675324 2.02 0.14
7565 34.14155844155844 2.02 0.14
7566 34.63636363636363 2.020000000000001 0.14
7567 35.13116883116883 2.02 0.14
7568 35.62597402597402 2.02 0.14
7569 36.12077922077922 2.02 0.14
7570 36.61558441558442 2.02 0.14
7571 37.11038961038961 2.02 0.14
7572 37.60519480519481 2.02 0.14
7573 0.4948051948051955 1.52 0.14
7574 0.9896103896103909 1.52 0.14
7575 1.484415584415586 1.52 0.14
7576 1.979220779220785 1.52 0.14
7577 2.474025974025977 1.52 0.14
7578 2.968831168831173 1.52 0.14
7579 3.463636363636365 1.52 0.14
7580 3.95844155844156 1.52 0.14
7581 4.453246753246759 1.52 0.14
7582 4.948051948051948 1.52 0.14
7583 5.442857142857143 1.52 0.14
7584 5.937662337662339 1.52 0.14
7585 6.43246753246753 1.52 0.14
7586 6.927272727272724 1.52 0.14
7587 7.422077922077918 1.52 0.14
7588 7.916883116883106 1.52 0.14
7589 8.411688311688303 1.52 0.14
7590 8.906493506493501 1.52 0.14
7591 9.401298701298694 1.52 0.14
7592 9.896103896103888 1.52 0.14
7593 10.39090909090908 1.52 0.14
7594 10.88571428571428 1.52 0.14
7595 11.38051948051947 1.52 0.14
7596 11.87532467532466 1.52 0.14
7597 12.37012987012985 1.52 0.14
7598 12.86493506493505 1.52 0.14
7599 13.35974025974025 1.52 0.14
7600 13.85454545454544 1.52 0.14
7601 14.34935064935063 1.52 0.14
7602 14.84415584415583 1.52 0.14
7603 15.33896103896102 1.52 0.14
7604 15.83376623376622 1.52 0.14
7605 16.32857142857141 1.52 0.14
7606 16.8233766233766 1.52 0.14
7607 17.3181818181818 1.52 0.14
7608 17.81298701298699 1.52 0.14
7609 18.30779220779219 1.52 0.14
7610 18.80259740259738 1.519999999999999 0.14
7611 19.29740259740258 1.52 0.14
7612 19.79220779220777 1.52 0.14
7613 20.28701298701296 1.52 0.14
7614 20.78181818181816 1.52 0.14
7615 21.27662337662336 1.52 0.14
7616 21.77142857142855 1.52 0.14
7617 22.26623376623375 1.52 0.14
7618 22.76103896103894 1.52 0.14
7619 23.25584415584414 1.52 0.14
7620 23.75064935064933 1.52 0.14
7621 24.24545454545453 1.52 0.14
7622 24.74025974025972 1.52 0.14
7623 25.23506493506492 1.52 0.14
7624 25.72987012987011 1.52 0.14
7625 26.22467532467531 1.52 0.14
7626 26.71948051948051 1.52 0.14
7627 27.2142857142857 1.519999999999999 0.14
7628 27.7090909090909 1.52 0.14
7629 28.20389610389609 1.52 0.14
7630 28.69870129870129 1.52 0.14
7631 29.19350649350648 1.52 0.14
7632 29.68831168831168 1.52 0.14
7633 30.18311688311687 1.52 0.14
7634 30.67792207792207 1.52 0.14
7635 31.17272727272727 1.52 0.14
7636 31.66753246753246 1.52 0.14
7637 32.16233766233766 1.519999999999999 0.14
7638 32.65714285714285 1.52 0.14
7639 33.15194805194805 1.52 0.14
7640 33.64675324675324 1.52 0.14
7641 34.14155844155844 1.52 0.14
7642 34.63636363636363 1.52 0.14
7643 35.13116883116884 1.52 0.14
7644 35.62597402597402 1.52 0.14
7645 36.12077922077921 1.52 0.14
7646 36.61558441558442 1.52 0.14
7647 37.1103896103896 1.52 0.14
7648 37.60519480519481 1.52 0.14
7649 0.4948051948051919 1.019999999999999 0.14
7650 0.9896103896103909 1.02 0.14
7651 1.484415584415586 1.019999999999998 0.14
7652 1.979220779220785 1.02 0.14
7653 2.474025974025977 1.02 0.14
7654 2.968831168831173 1.02 0.14
7655 3.463636363636365 1.019999999999999 0.14
7656 3.95844155844156 1.019999999999999 0.14
7657 4.453246753246759 1.019999999999999 0.14
7658 4.948051948051948 1.019999999999999 0.14
7659 5.442857142857143 1.02 0.14
7660 5.937662337662339 1.019999999999997 0.14
7661 6.43246753246753 1.019999999999997 0.14
7662 6.927272727272721 1.019999999999998 0.14
7663 7.42207792207792 1.02 0.14
7664 7.916883116883108 1.019999999999999 0.14
7665 8.411688311688303 1.02 0.14
7666 8.906493506493501 1.019999999999999 0.14
7667 9.401298701298694 1.02 0.14
7668 9.896103896103886 1.019999999999999 0.14
7669 10.39090909090909 1.02 0.14
7670 10.88571428571428 1.02 0.14
7671 11.38051948051947 1.02 0.14
7672 11.87532467532466 1.02 0.14
7673 12.37012987012985 1.02 0.14
7674 12.86493506493505 1.019999999999999 0.14
7675 13.35974025974025 1.02 0.14
7676 13.85454545454544 1.02 0.14
7677 14.34935064935063 1.019999999999999 0.14
7678 14.84415584415583 1.019999999999999 0.14
7679 15.33896103896102 1.019999999999999 0.14
7680 15.83376623376622 1.02 0.14
7681 16.32857142857141 1.019999999999999 0.14
7682 16.8233766233766 1.02 0.14
7683 17.3181818181818 1.02 0.14
7684 17.81298701298699 1.02 0.14
7685 18.30779220779219 1.02 0.14
7686 18.80259740259738 1.019999999999999 0.14
7687 19.29740259740258 1.02 0.14
7688 19.79220779220777 1.02 0.14
7689 20.28701298701296 1.02 0.14
7690 20.78181818181816 1.02 0.14
7691 21.27662337662336 1.02 0.14
7692 21.77142857142855 1.02 0.14
7693 22.26623376623375 1.019999999999999 0.14
7694 22.76103896103894 1.019999999999999 0.14
7695 23.25584415584413 1.02 0.14
7696 23.75064935064933 1.02 0.14
7697 24.24545454545453 1.019999999999999 0.14
7698 24.74025974025972 1.019999999999999 0.14
7699 25.23506493506492 1.019999999999999 0.14
7700 25.72987012987011 1.02 0.14
7701 26.22467532467531 1.02 0.14
7702 26.71948051948051 1.02 0.14
7703 27.2142857142857 1.019999999999999 0.14
7704 27.7090909090909 1.02 0.14
7705 28.20389610389609 1.019999999999999 0.14
7706 28.69870129870129 1.02 0.14
7707 29.19350649350648 1.02 0.14
7708 29.68831168831168 1.02 0.14
7709 30.18311688311687 1.02 0.14
7710 30.67792207792207 1.02 0.14
7711 31.17272727272726 1.02 0.14
7712 31.66753246753246 1.02 0.14
7713 32.16233766233766 1.019999999999999 0.14
7714 32.65714285714285 1.019999999999999 0.14
7715 33.15194805194805 1.02 0.14
7716 33.64675324675324 1.02 0.14
7717 34.14155844155844 1.019999999999999 0.14
7718 34.63636363636363 1.019999999999999 0.14
7719 35.13116883116883 1.02 0.14
7720 35.62597402597402 1.02 0.14
7721 36.12077922077921 1.02 0.14
7722 36.61558441558442 1.02 0.14
7723 37.11038961038961 1.02 0.14
7724 37.60519480519481 1.019999999999999 0.14
7725 0.4948051948051955 0.5200000000000014 0.14
7726 0.9896103896103909 0.5199999999999996 0.14
7727 1.484415584415586 0.5200000000000014 0.14
7728 1.979220779220782 0.5200000000000005 0.14
7729 2.474025974025977 0.5200000000000005 0.14
7730 2.968831168831173 0.5200000000000005 0.14
7731 3.463636363636365 0.5199999999999978 0.14
7732 3.958441558441564 0.5199999999999996 0.14
7733 4.453246753246759 0.5199999999999996 0.14
7734 4.948051948051948 0.5199999999999996 0.14
7735 5.442857142857143 0.5199999999999996 0.14
7736 5.937662337662339 0.5199999999999996 0.14
7737 6.432467532467532 0.5199999999999978 0.14
7738 6.927272727272722 0.5200000000000014 0.14
7739 7.422077922077918 0.5200000000000005 0.14
7740 7.916883116883104 0.5200000000000005 0.14
7741 8.411688311688303 0.5199999999999996 0.14
7742 8.906493506493499 0.5199999999999996 0.14
7743 9.401298701298696 0.5199999999999996 0.14
7744 9.89610389610389 0.5200000000000005 0.14
7745 10.39090909090908 0.5200000000000005 0.14
7746 10.88571428571428 0.5200000000000014 0.14
7747 11.38051948051947 0.5199999999999996 0.14
7748 11.87532467532466 0.5200000000000005 0.14
7749 12.37012987012985 0.5199999999999996 0.14
7750 12.86493506493505 0.5199999999999996 0.14
7751 13.35974025974025 0.5200000000000014 0.14
7752 13.85454545454544 0.5199999999999996 0.14
7753 14.34935064935063 0.5200000000000005 0.14
7754 14.84415584415583 0.5199999999999996 0.14
7755 15.33896103896102 0.5199999999999996 0.14
7756 15.83376623376622 0.5200000000000005 0.14
7757 16.32857142857141 0.5200000000000005 0.14
7758 16.8233766233766 0.5199999999999996 0.14
7759 17.31818181818179 0.5199999999999996 0.14
7760 17.81298701298699 0.5200000000000005 0.14
7761 18.30779220779219 0.5200000000000005 0.14
7762 18.80259740259738 0.5200000000000005 0.14
7763 19.29740259740258 0.5199999999999996 0.14
7764 19.79220779220777 0.5199999999999996 0.14
7765 20.28701298701296 0.5199999999999996 0.14
7766 20.78181818181816 0.5200000000000005 0.14
7767 21.27662337662336 0.5199999999999996 0.14
7768 21.77142857142855 0.5200000000000014 0.14
7769 22.26623376623375 0.5199999999999996 0.14
7770 22.76103896103894 0.5200000000000005 0.14
7771 23.25584415584414 0.5199999999999996 0.14
7772 23.75064935064933 0.5199999999999996 0.14
7773 24.24545454545453 0.5200000000000005 0.14
7774 24.74025974025972 0.5200000000000005 0.14
7775 25.23506493506492 0.5199999999999996 0.14
7776 25.72987012987011 0.5199999999999996 0.14
7777 26.22467532467531 0.5199999999999996 0.14
7778 26.71948051948051 0.5200000000000005 0.14
7779 27.2142857142857 0.5200000000000005 0.14
7780 27.7090909090909 0.5199999999999996 0.14
7781 28.20389610389609 0.5200000000000005 0.14
7782 28.69870129870129 0.5199999999999996 0.14
7783 29.19350649350648 0.5200000000000005 0.14
7784 29.68831168831168 0.5200000000000005 0.14
7785 30.18311688311687 0.5199999999999996 0.14
7786 30.67792207792207 0.5199999999999996 0.14
7787 31.17272727272727 0.5200000000000005 0.14
7788 31.66753246753246 0.5199999999999996 0.14
7789 32.16233766233766 0.5199999999999996 0.14
7790 32.65714285714285 0.5199999999999996 0.14
7791 33.15194805194805 0.5200000000000005 0.14
7792 33.64675324675324 0.5199999999999996 0.14
7793 34.14155844155844 0.5200000000000005 0.14
7794 34.63636363636363 0.5200000000000005 0.14
7795 35.13116883116883 0.5200000000000005 0.14
7796 35.62597402597402 0.5200000000000005 0.14
7797 36.12077922077922 0.5199999999999996 0.14
7798 36.61558441558442 0.5200000000000005 0.14
7799 37.11038961038961 0.5199999999999996 0.14
7800 37.60519480519481 0.5200000000000005 0.14
$EndNodes
$Elements
9868
1 3 2 7 101 1 33 184 4
2 3 2 7 101 33 34 183 184
3 3 2 7 101 34 35 182 183
4 3 2 7 101 35 36 181 182
5 3 2 7 101 36 37 180 181
6 3 2 7 101 37 38 179 180
7 3 2 7 101 38 39 178 179
8 3 2 7 101 39 40 177 178
9 3 2 7 101 40 41 176 177
10 3 2 7 101 41 42 175 176
11 3 2 7 101 42 43 174 175
12 3 2 7 101 43 44 173 174
13 3 2 7 101 44 45 172 173
14 3 2 7 101 45 46 171 172
15 3 2 7 101 46 47 170 171
16 3 2 7 101 47 48 169 170
17 3 2 7 101 48 49 168 169
18 3 2 7 101 49 50 167 168
19 3 2 7 101 50 51 166 167
20 3 2 7 101 51 52 165 166
21 3 2 7 101 52 53 164 165
22 3 2 7 101 53 54 163 164
23 3 2 7 101 54 55 162 163
24 3 2 7 101 55 56 161 162
25 3 2 7 101 56 57 160 161
26 3 2 7 101 57 58 159 160
27 3 2 7 101 58 59 158 159
28 3 2 7 101 59 60 157 158
29 3 2 7 101 60 61 156 157
30 3 2 7 101 61 62 155 156
31 3 2 7 101 62 63 154 155
32 3 2 7 101 63 64 153 154
33 3 2 7 101 64 65 152 153
34 3 2 7 101 65 66 151 152
35 3 2 7 101 66 67 150 151
36 3 2 7 101 67 68 149 150
37 3 2 7 101 68 69 148 149
38 3 2 7 101 69 70 147 148
39 3 2 7 101 70 71 146 147
40 3 2 7 101 71 72 145 146
41 3 2 7 101 72 73 144 145
42 3 2 7 101 73 74 143 144
43 3 2 7 101 74 75 142 143
44 3 2 7 101 75 76 141 142
45 3 2 7 101 76 77 140 141
46 3 2 7 101 77 78 139 140
47 3 2 7 101 78 79 138 139
48 3 2 7 101 79 80 137 138
49 3 2 7 101 80 81 136 137
50 3 2 7 101 81 82 135 136
51 3 2 7 101 82 83 134 135
52 3 2 7 101 83 84 133 134
53 3 2 7 101 84 85 132 133
54 3 2 7 101 85 86 131 132
55 3 2 7 101 86 87 130 131
56 3 2 7 101 87 88 129 130
57 3 2 7 101 88 89 128 129
58 3 2 7 101 89 90 127 128
59 3 2 7 101 90 91 126 127
60 3 2 7 101 91 92 125 126
61 3 2 7 101 92 93 124 125
62 3 2 7 101 93 94 123 124
63 3 2 7 101 94 95 122 123
64 3 2 7 101 95 96 121 122
65 3 2 7 101 96 97 120 121
66 3 2 7 101 97 98 119 120
67 3 2 7 101 98 99 118 119
68 3 2 7 101 99 100 117 118
69 3 2 7 101 100 101 116 117
70 3 2 7 101 101 102 115 116
71 3 2 7 101 102 103 114 115
72 3 2 7 101 103 104 113 114
73 3 2 7 101 104 105 112 113
74 3 2 7 101 105 106 111 112
75 3 2 7 101 106 107 110 111
76 3 2 7 101 107 108 109 110
77 3 2 7 101 108 2 3 109
78 3 2 7 102 5 282 1417 281
79 3 2 7 102 281 1417 1418 280
80 3 2 7 102 280 1418 1419 279
81 3 2 7 102 279 1419 1420 278
82 3 2 7 102 278 1420 1421 277
83 3 2 7 102 277 1421 1422 276
84 3 2 7 102 276 1422 1423 275
85 3 2 7 102 275 1423 1424 274
86 3 2 7 102 274 1424 1425 273
87 3 2 7 102 273 1425 1426 272
88 3 2 7 102 272 1426 1427 271
89 3 2 7 102 271 1427 1428 270
90 3 2 7 102 270 1428 1429 269
91 3 2 7 102 269 1429 1430 268
92 3 2 7 102 268 1430 1431 267
93 3 2 7 102 267 1431 1432 266
94 3 2 7 102 266 1432 1433 265
95 3 2 7 102 265 1433 1434 264
96 3 2 7 102 264 1434 1435 263
97 3 2 7 102 263 1435 1436 262
98 3 2 7 102 262 1436 1437 261
99 3 2 7 102 261 1437 1438 260
100 3 2 7 102 260 1438 1439 259
101 3 2 7 102 259 1439 1440 258
102 3 2 7 102 258 1440 1441 257
103 3 2 7 102 257 1441 1442 256
104 3 2 7 102 256 1442 1443 255
105 3 2 7 102 255 1443 1444 254
106 3 2 7 102 254 1444 1445 253
107 3 2 7 102 253 1445 1446 252
108 3 2 7 102 252 1446 1447 251
109 3 2 7 102 251 1447 1448 250
110 3 2 7 102 250 1448 1449 249
111 3 2 7 102 249 1449 1450 248
112 3 2 7 102 248 1450 1451 247
113 3 2 7 102 247 1451 1452 246
114 3 2 7 102 246 1452 1453 245
115 3 2 7 102 245 1453 1454 244
116 3 2 7 102 244 1454 1455 243
117 3 2 7 102 243 1455 1456 242
118 3 2 7 102 242 1456 1457 241
119 3 2 7 102 241 1457 1458 240
120 3 2 7 102 240 1458 1459 239
121 3 2 7 102 239 1459 1460 238
122 3 2 7 102 238 1460 1461 237
123 3 2 7 102 237 1461 1462 236
124 3 2 7 102 236 1462 1463 235
125 3 2 7 102 235 1463 1464 234
126 3 2 7 102 234 1464 1465 233
127 3 2 7 102 233 1465 1466 232
128 3 2 7 102 232 1466 1467 231
129 3 2 7 102 231 1467 1468 230
130 3 2 7 102 230 1468 1469 229
131 3 2 7 102 229 1469 1470 228
132 3 2 7 102 228 1470 1471 227
133 3 2 7 102 227 1471 1472 226
134 3 2 7 102 226 1472 1473 225
135 3 2 7 102 225 1473 1474 224
136 3 2 7 102 224 1474 1475 223
137 3 2 7 102 223 1475 1476 222
138 3 2 7 102 222 1476 1477 221
139 3 2 7 102 221 1477 1478 220
140 3 2 7 102 220 1478 1479 219
141 3 2 7 102 219 1479 1480 218
142 3 2 7 102 218 1480 1481 217
143 3 2 7 102 217 1481 1482 216
144 3 2 7 102 216 1482 1483 215
145 3 2 7 102 215 1483 1484 214
146 3 2 7 102 214 1484 1485 213
147 3 2 7 102 213 1485 1486 212
148 3 2 7 102 212 1486 1487 211
149 3 2 7 102 211 1487 1488 210
150 3 2 7 102 210 1488 1489 209
151 3 2 7 102 209 1489 1490 208
152 3 2 7 102 208 1490 1491 207
153 3 2 7 102 207 1491 1492 206
154 3 2 7 102 206 1492 205 6
155 3 2 7 102 282 283 1493 1417
156 3 2 7 102 1417 1493 1494 1418
157 3 2 7 102 1418 1494 1495 1419
158 3 2 7 102 1419 1495 1496 1420
159 3 2 7 102 1420 1496 1497 1421
160 3 2 7 102 1421 1497 1498 1422
161 3 2 7 102 1422 1498 1499 1423
162 3 2 7 102 1423 1499 1500 1424
163 3 2 7 102 1424 1500 1501 1425
164 3 2 7 102 1425 1501 1502 1426
165 3 2 7 102 1426 1502 1503 1427
166 3 2 7 102 1427 1503 1504 1428
167 3 2 7 102 1428 1504 1505 1429
168 3 2 7 102 1429 1505 1506 1430
169 3 2 7 102 1430 1506 1507 1431
170 3 2 7 102 1431 1507 1508 1432
171 3 2 7 102 1432 1508 1509 1433
172 3 2 7 102 1433 1509 1510 1434
173 3 2 7 102 1434 1510 1511 1435
174 3 2 7 102 1435 1511 1512 1436
175 3 2 7 102 1436 1512 1513 1437
176 3 2 7 102 1437 1513 1514 1438
177 3 2 7 102 1438 1514 1515 1439
178 3 2 7 102 1439 1515 1516 1440
179 3 2 7 102 1440 1516 1517 1441
180 3 2 7 102 1441 1517 1518 1442
181 3 2 7 102 1442 1518 1519 1443
182 3 2 7 102 1443 1519 1520 1444
183 3 2 7 102 1444 1520 1521 1445
184 3 2 7 102 1445 1521 1522 1446
185 3 2 7 102 1446 1522 1523 1447
186 3 2 7 102 1447 1523 1524 1448
187 3 2 7 102 1448 1524 1525 1449
188 3 2 7 102 1449 1525 1526 1450
189 3 2 7 102 1450 1526 1527 1451
190 3 2 7 102 1451 1527 1528 1452
191 3 2 7 102 1452 1528 1529 1453
192 3 2 7 102 1453 1529 1530 1454
193 3 2 7 102 1454 1530 1531 1455
194 3 2 7 102 1455 1531 1532 1456
195 3 2 7 102 1456 1532 1533 1457
196 3 2 7 102 1457 1533 1534 1458
197 3 2 7 102 1458 1534 1535 1459
198 3 2 7 102 1459 1535 1536 1460
199 3 2 7 102 1460 1536 1537 1461
200 3 2 7 102 1461 1537 1538 1462
201 3 2 7 102 1462 1538 1539 1463
202 3 2 7 102 1463 1539 1540 1464
203 3 2 7 102 1464 1540 1541 1465
204 3 2 7 102 1465 1541 1542 1466
205 3 2 7 102 1466 1542 1543 1467
206 3 2 7 102 1467 1543 1544 1468
207 3 2 7 102 1468 1544 1545 1469
208 3 2 7 102 1469 1545 1546 1470
209 3 2 7 102 1470 1546 1547 1471
210 3 2 7 102 1471 1547 1548 1472
211 3 2 7 102 1472 1548 1549 1473
212 3 2 7 102 1473 1549 1550 1474
213 3 2 7 102 1474 1550 1551 1475
214 3 2 7 102 1475 1551 1552 1476
215 3 2 7 102 1476 1552 1553 1477
216 3 2 7 102 1477 1553 1554 1478
217 3 2 7 102 1478 1554 1555 1479
218 3 2 7 102 1479 1555 1556 1480
219 3 2 7 102 1480 1556 1557 1481
220 3 2 7 102 1481 1557 1558 1482
221 3 2 7 102 1482 1558 1559 1483
222 3 2 7 102 1483 1559 1560 1484
223 3 2 7 102 1484 1560 1561 1485
224 3 2 7 102 1485 1561 1562 1486
225 3 2 7 102 1486 1562 1563 1487
226 3 2 7 102 1487 1563 1564 1488
227 3 2 7 102 1488 1564 1565 1489
228 3 2 7 102 1489 1565 1566 1490
229 3 2 7 102 1490 1566 1567 1491
230 3 2 7 102 1491 1567 1568 1492
231 3 2 7 102 1492 1568 204 205
232 3 2 7 102 283 284 1569 1493
233 3 2 7 102 1493 1569 1570 1494
234 3 2 7 102 1494 1570 1571 1495
235 3 2 7 102 1495 1571 1572 1496
236 3 2 7 102 1496 1572 1573 1497
237 3 2 7 102 1497 1573 1574 1498
238 3 2 7 102 1498 1574 1575 1499
239 3 2 7 102 1499 1575 1576 1500
240 3 2 7 102 1500 1576 1577 1501
241 3 2 7 102 1501 1577 1578 1502
242 3 2 7 102 1502 1578 1579 1503
243 3 2 7 102 1503 1579 1580 1504
244 3 2 7 102 1504 1580 1581 1505
245 3 2 7 102 1505 1581 1582 1506
246 3 2 7 102 1506 1582 1583 1507
247 3 2 7 102 1507 1583 1584 1508
248 3 2 7 102 1508 1584 1585 1509
249 3 2 7 102 1509 1585 1586 1510
250 3 2 7 102 1510 1586 1587 1511
251 3 2 7 102 1511 1587 1588 1512
252 3 2 7 102 1512 1588 1589 1513
253 3 2 7 102 1513 1589 1590 1514
254 3 2 7 102 1514 1590 1591 1515
255 3 2 7 102 1515 1591 1592 1516
256 3 2 7 102 1516 1592 1593 1517
257 3 2 7 102 1517 1593 1594 1518
258 3 2 7 102 1518 1594 1595 1519
259 3 2 7 102 1519 1595 1596 1520
260 3 2 7 102 1520 1596 1597 1521
261 3 2 7 102 1521 1597 1598 1522
262 3 2 7 102 1522 1598 1599 1523
263 3 2 7 102 1523 1599 1600 1524
264 3 2 7 102 1524 1600 1601 1525
265 3 2 7 102 1525 1601 1602 1526
266 3 2 7 102 1526 1602 1603 1527
267 3 2 7 102 1527 1603 1604 1528
268 3 2 7 102 1528 1604 1605 1529
269 3 2 7 102 1529 1605 1606 1530
270 3 2 7 102 1530 1606 1607 1531
271 3 2 7 102 1531 1607 1608 1532
272 3 2 7 102 1532 1608 1609 1533
273 3 2 7 102 1533 1609 1610 1534
274 3 2 7 102 1534 1610 1611 1535
275 3 2 7 102 1535 1611 1612 1536
276 3 2 7 102 1536 1612 1613 1537
277 3 2 7 102 1537 1613 1614 1538
278 3 2 7 102 1538 1614 1615 1539
279 3 2 7 102 1539 1615 1616 1540
280 3 2 7 102 1540 1616 1617 1541
281 3 2 7 102 1541 1617 1618 1542
282 3 2 7 102 1542 1618 1619 1543
283 3 2 7 102 1543 1619 1620 1544
284 3 2 7 102 1544 1620 1621 1545
285 3 2 7 102 1545 1621 1622 1546
286 3 2 7 102 1546 1622 1623 1547
287 3 2 7 102 1547 1623 1624 1548
288 3 2 7 102 1548 1624 1625 1549
289 3 2 7 102 1549 1625 1626 1550
290 3 2 7 102 1550 1626 1627 1551
291 3 2 7 102 1551 1627 1628 1552
292 3 2 7 102 1552 1628 1629 1553
293 3 2 7 102 1553 1629 1630 1554
294 3 2 7 102 1554 1630 1631 1555
295 3 2 7 102 1555 1631 1632 1556
296 3 2 7 102 1556 1632 1633 1557
297 3 2 7 102 1557 1633 1634 1558
298 3 2 7 102 1558 1634 1635 1559
299 3 2 7 102 1559 1635 1636 1560
300 3 2 7 102 1560 1636 1637 1561
301 3 2 7 102 1561 1637 1638 1562
302 3 2 7 102 1562 1638 1639 1563
303 3 2 7 102 1563 1639 1640 1564
304 3 2 7 102 1564 1640 1641 1565
305 3 2 7 102 1565 1641 1642 1566
306 3 2 7 102 1566 1642 1643 1567
307 3 2 7 102 1567 1643 1644 1568
308 3 2 7 102 1568 1644 203 204
309 3 2 7 102 284 285 1645 1569
310 3 2 7 102 1569 1645 1646 1570
311 3 2 7 102 1570 1646 1647 1571
312 3 2 7 102 1571 1647 1648 1572
313 3 2 7 102 1572 1648 1649 1573
314 3 2 7 102 1573 1649 1650 1574
315 3 2 7 102 1574 1650 1651 1575
316 3 2 7 102 1575 1651 1652 1576
317 3 2 7 102 1576 1652 1653 1577
318 3 2 7 102 1577 1653 1654 1578
319 3 2 7 102 1578 1654 1655 1579
320 3 2 7 102 1579 1655 1656 1580
321 3 2 7 102 1580 1656 1657 1581
322 3 2 7 102 1581 1657 1658 1582
323 3 2 7 102 1582 1658 1659 1583
324 3 2 7 102 1583 1659 1660 1584
325 3 2 7 102 1584 1660 1661 1585
326 3 2 7 102 1585 1661 1662 1586
327 3 2 7 102 1586 1662 1663 1587
328 3 2 7 102 1587 1663 1664 1588
329 3 2 7 102 1588 1664 1665 1589
330 3 2 7 102 1589 1665 1666 1590
331 3 2 7 102 1590 1666 1667 1591
332 3 2 7 102 1591 1667 1668 1592
333 3 2 7 102 1592 1668 1669 1593
334 3 2 7 102 1593 1669 1670 1594
335 3 2 7 102 1594 1670 1671 1595
336 3 2 7 102 1595 1671 1672 1596
337 3 2 7 102 1596 1672 1673 1597
338 3 2 7 102 1597 1673 1674 1598
339 3 2 7 102 1598 1674 1675 1599
340 3 2 7 102 1599 1675 1676 1600
341 3 2 7 102 1600 1676 1677 1601
342 3 2 7 102 1601 1677 1678 1602
343 3 2 7 102 1602 1678 1679 1603
344 3 2 7 102 1603 1679 1680 1604
345 3 2 7 102 1604 1680 1681 1605
346 3 2 7 102 1605 1681 1682 1606
347 3 2 7 102 1606 1682 1683 1607
348 3 2 7 102 1607 1683 1684 1608
349 3 2 7 102 1608 1684 1685 1609
350 3 2 7 102 1609 1685 1686 1610
351 3 2 7 102 1610 1686 1687 1611
352 3 2 7 102 1611 1687 1688 1612
353 3 2 7 102 1612 1688 1689 1613
354 3 2 7 102 1613 1689 1690 1614
355 3 2 7 102 1614 1690 1691 1615
356 3 2 7 102 1615 1691 1692 1616
357 3 2 7 102 1616 1692 1693 1617
358 3 2 7 102 1617 1693 1694 1618
359 3 2 7 102 1618 1694 1695 1619
360 3 2 7 102 1619 1695 1696 1620
361 3 2 7 102 1620 1696 1697 1621
362 3 2 7 102 1621 1697 1698 1622
363 3 2 7 102 1622 1698 1699 1623
364 3 2 7 102 1623 1699 1700 1624
365 3 2 7 102 1624 1700 1701 1625
366 3 2 7 102 1625 1701 1702 1626
367 3 2 7 102 1626 1702 1703 1627
368 3 2 7 102 1627 1703 1704 1628
369 3 2 7 102 1628 1704 1705 1629
370 3 2 7 102 1629 1705 1706 1630
371 3 2 7 102 1630 1706 1707 1631
372 3 2 7 102 1631 1707 1708 1632
373 3 2 7 102 1632 1708 1709 1633
374 3 2 7 102 1633 1709 1710 1634
375 3 2 7 102 1634 1710 1711 1635
376 3 2 7 102 1635 1711 1712 1636
377 3 2 7 102 1636 1712 1713 1637
378 3 2 7 102 1637 1713 1714 1638
379 3 2 7 102 1638 1714 1715 1639
380 3 2 7 102 1639 1715 1716 1640
381 3 2 7 102 1640 1716 1717 1641
382 3 2 7 102 1641 1717 1718 1642
383 3 2 7 102 1642 1718 1719 1643
384 3 2 7 102 1643 1719 1720 1644
385 3 2 7 102 1644 1720 202 203
386 3 2 7 102 285 286 1721 1645
387 3 2 7 102 1645 1721 1722 1646
388 3 2 7 102 1646 1722 1723 1647
389 3 2 7 102 1647 1723 1724 1648
390 3 2 7 102 1648 1724 1725 1649
391 3 2 7 102 1649 1725 1726 1650
392 3 2 7 102 1650 1726 1727 1651
393 3 2 7 102 1651 1727 1728 1652
394 3 2 7 102 1652 1728 1729 1653
395 3 2 7 102 1653 1729 1730 1654
396 3 2 7 102 1654 1730 1731 1655
397 3 2 7 102 1655 1731 1732 1656
398 3 2 7 102 1656 1732 1733 1657
399 3 2 7 102 1657 1733 1734 1658
400 3 2 7 102 1658 1734 1735 1659
401 3 2 7 102 1659 1735 1736 1660
402 3 2 7 102 1660 1736 1737 1661
403 3 2 7 102 1661 1737 1738 1662
404 3 2 7 102 1662 1738 1739 1663
405 3 2 7 102 1663 1739 1740 1664
406 3 2 7 102 1664 1740 1741 1665
407 3 2 7 102 1665 1741 1742 1666
408 3 2 7 102 1666 1742 1743 1667
409 3 2 7 102 1667 1743 1744 1668
410 3 2 7 102 1668 1744 1745 1669
411 3 2 7 102 1669 1745 1746 1670
412 3 2 7 102 1670 1746 1747 1671
413 3 2 7 102 1671 1747 1748 1672
414 3 2 7 102 1672 1748 1749 1673
415 3 2 7 102 1673 1749 1750 1674
416 3 2 7 102 1674 1750 1751 1675
417 3 2 7 102 1675 1751 1752 1676
418 3 2 7 102 1676 1752 1753 1677
419 3 2 7 102 1677 1753 1754 1678
420 3 2 7 102 1678 1754 1755 1679
421 3 2 7 102 1679 1755 1756 1680
422 3 2 7 102 1680 1756 1757 1681
423 3 2 7 102 1681 1757 1758 1682
424 3 2 7 102 1682 1758 1759 1683
425 3 2 7 102 1683 1759 1760 1684
426 3 2 7 102 1684 1760 1761 1685
427 3 2 7 102 1685 1761 1762 1686
428 3 2 7 102 1686 1762 1763 1687
429 3 2 7 102 1687 1763 1764 1688
430 3 2 7 102 1688 1764 1765 1689
431 3 2 7 102 1689 1765 1766 1690
432 3 2 7 102 1690 1766 1767 1691
433 3 2 7 102 1691 1767 1768 1692
434 3 2 7 102 1692 1768 1769 1693
435 3 2 7 102 1693 1769 1770 1694
436 3 2 7 102 1694 1770 1771 1695
437 3 2 7 102 1695 1771 1772 1696
438 3 2 7 102 1696 1772 1773 1697
439 3 2 7 102 1697 1773 1774 1698
440 3 2 7 102 1698 1774 1775 1699
441 3 2 7 102 1699 1775 1776 1700
442 3 2 7 102 1700 1776 1777 1701
443 3 2 7 102 1701 1777 1778 1702
444 3 2 7 102 1702 1778 1779 1703
445 3 2 7 102 1703 1779 1780 1704
446 3 2 7 102 1704 1780 1781 1705
447 3 2 7 102 1705 1781 1782 1706
448 3 2 7 102 1706 1782 1783 1707
449 3 2 7 102 1707 1783 1784 1708
450 3 2 7 102 1708 1784 1785 1709
451 3 2 7 102 1709 1785 1786 1710
452 3 2 7 102 1710 1786 1787 1711
453 3 2 7 102 1711 1787 1788 1712
454 3 2 7 102 1712 1788 1789 1713
455 3 2 7 102 1713 1789 1790 1714
456 3 2 7 102 1714 1790 1791 1715
457 3 2 7 102 1715 1791 1792 1716
458 3 2 7 102 1716 1792 1793 1717
459 3 2 7 102 1717 1793 1794 1718
460 3 2 7 102 1718 1794 1795 1719
461 3 2 7 102 1719 1795 1796 1720
462 3 2 7 102 1720 1796 201 202
463 3 2 7 102 286 287 1797 1721
464 3 2 7 102 1721 1797 1798 1722
465 3 2 7 102 1722 1798 1799 1723
466 3 2 7 102 1723 1799 1800 1724
467 3 2 7 102 1724 1800 1801 1725
468 3 2 7 102 1725 1801 1802 1726
469 3 2 7 102 1726 1802 1803 1727
470 3 2 7 102 1727 1803 1804 1728
471 3 2 7 102 1728 1804 1805 1729
472 3 2 7 102 1729 1805 1806 1730
473 3 2 7 102 1730 1806 1807 1731
474 3 2 7 102 1731 1807 1808 1732
475 3 2 7 102 1732 1808 1809 1733
476 3 2 7 102 1733 1809 1810 1734
477 3 2 7 102 1734 1810 1811 1735
478 3 2 7 102 1735 1811 1812 1736
479 3 2 7 102 1736 1812 1813 1737
480 3 2 7 102 1737 1813 1814 1738
481 3 2 7 102 1738 1814 1815 1739
482 3 2 7 102 1739 1815 1816 1740
483 3 2 7 102 1740 1816 1817 1741
484 3 2 7 102 1741 1817 1818 1742
485 3 2 7 102 1742 1818 1819 1743
486 3 2 7 102 1743 1819 1820 1744
487 3 2 7 102 1744 1820 1821 1745
488 3 2 7 102 1745 1821 1822 1746
489 3 2 7 102 1746 1822 1823 1747
490 3 2 7 102 1747 1823 1824 1748
491 3 2 7 102 1748 1824 1825 1749
492 3 2 7 102 1749 1825 1826 1750
493 3 2 7 102 1750 1826 1827 1751
494 3 2 7 102 1751 1827 1828 1752
495 3 2 7 102 1752 1828 1829 1753
496 3 2 7 102 1753 1829 1830 1754
497 3 2 7 102 1754 1830 1831 1755
498 3 2 7 102 1755 1831 1832 1756
499 3 2 7 102 1756 1832 1833 1757
500 3 2 7 102 1757 1833 1834 1758
501 3 2 7 102 1758 1834 1835 1759
502 3 2 7 102 1759 1835 1836 1760
503 3 2 7 102 1760 1836 1837 1761
504 3 2 7 102 1761 1837 1838 1762
505 3 2 7 102 1762 1838 1839 1763
506 3 2 7 102 1763 1839 1840 1764
507 3 2 7 102 1764 1840 1841 1765
508 3 2 7 102 1765 1841 1842 1766
509 3 2 7 102 1766 1842 1843 1767
510 3 2 7 102 1767 1843 1844 1768
511 3 2 7 102 1768 1844 1845 1769
512 3 2 7 102 1769 1845 1846 1770
513 3 2 7 102 1770 1846 1847 1771
514 3 2 7 102 1771 1847 1848 1772
515 3 2 7 102 1772 1848 1849 1773
516 3 2 7 102 1773 1849 1850 1774
517 3 2 7 102 1774 1850 1851 1775
518 3 2 7 102 1775 1851 1852 1776
519 3 2 7 102 1776 1852 1853 1777
520 3 2 7 102 1777 1853 1854 1778
521 3 2 7 102 1778 1854 1855 1779
522 3 2 7 102 1779 1855 1856 1780
523 3 2 7 102 1780 1856 1857 1781
524 3 2 7 102 1781 1857 1858 1782
525 3 2 7 102 1782 1858 1859 1783
526 3 2 7 102 1783 1859 1860 1784
527 3 2 7 102 1784 1860 1861 1785
528 3 2 7 102 1785 1861 1862 1786
529 3 2 7 102 1786 1862 1863 1787
530 3 2 7 102 1787 1863 1864 1788
531 3 2 7 102 1788 1864 1865 1789
532 3 2 7 102 1789 1865 1866 1790
533 3 2 7 102 1790 1866 1867 1791
534 3 2 7 102 1791 1867 1868 1792
535 3 2 7 102 1792 1868 1869 1793
536 3 2 7 102 1793 1869 1870 1794
537 3 2 7 102 1794 1870 1871 1795
538 3 2 7 102 1795 1871 1872 1796
539 3 2 7 102 1796 1872 200 201
540 3 2 7 102 287 288 1873 1797
541 3 2 7 102 1797 1873 1874 1798
542 3 2 7 102 1798 1874 1875 1799
543 3 2 7 102 1799 1875 1876 1800
544 3 2 7 102 1800 1876 1877 1801
545 3 2 7 102 1801 1877 1878 1802
546 3 2 7 102 1802 1878 1879 1803
547 3 2 7 102 1803 1879 1880 1804
548 3 2 7 102 1804 1880 1881 1805
549 3 2 7 102 1805 1881 1882 1806
550 3 2 7 102 1806 1882 1883 1807
551 3 2 7 102 1807 1883 1884 1808
552 3 2 7 102 1808 1884 1885 1809
553 3 2 7 102 1809 1885 1886 1810
554 3 2 7 102 1810 1886 1887 1811
555 3 2 7 102 1811 1887 1888 1812
556 3 2 7 102 1812 1888 1889 1813
557 3 2 7 102 1813 1889 1890 1814
558 3 2 7 102 1814 1890 1891 1815
559 3 2 7 102 1815 1891 1892 1816
560 3 2 7 102 1816 1892 1893 1817
561 3 2 7 102 1817 1893 1894 1818
562 3 2 7 102 1818 1894 1895 1819
563 3 2 7 102 1819 1895 1896 1820
564 3 2 7 102 1820 1896 1897 1821
565 3 2 7 102 1821 1897 1898 1822
566 3 2 7 102 1822 1898 1899 1823
567 3 2 7 102 1823 1899 1900 1824
568 3 2 7 102 1824 1900 1901 1825
569 3 2 7 102 1825 1901 1902 1826
570 3 2 7 102 1826 1902 1903 1827
571 3 2 7 102 1827 1903 1904 1828
572 3 2 7 102 1828 1904 1905 1829
573 3 2 7 102 1829 1905 1906 1830
574 3 2 7 102 1830 1906 1907 1831
575 3 2 7 102 1831 1907 1908 1832
576 3 2 7 102 1832 1908 1909 1833
577 3 2 7 102 1833 1909 1910 1834
578 3 2 7 102 1834 1910 1911 1835
579 3 2 7 102 1835 1911 1912 1836
580 3 2 7 102 1836 1912 1913 1837
581 3 2 7 102 1837 1913 1914 1838
582 3 2 7 102 1838 1914 1915 1839
583 3 2 7 102 1839 1915 1916 1840
584 3 2 7 102 1840 1916 1917 1841
585 3 2 7 102 1841 1917 1918 1842
586 3 2 7 102 1842 1918 1919 1843
587 3 2 7 102 1843 1919 1920 1844
588 3 2 7 102 1844 1920 1921 1845
589 3 2 7 102 1845 1921 1922 1846
590 3 2 7 102 1846 1922 1923 1847
591 3 2 7 102 1847 1923 1924 1848
592 3 2 7 102 1848 1924 1925 1849
593 3 2 7 102 1849 1925 1926 1850
594 3 2 7 102 1850 1926 1927 1851
595 3 2 7 102 1851 1927 1928 1852
596 3 2 7 102 1852 1928 1929 1853
597 3 2 7 102 1853 1929 1930 1854
598 3 2 7 102 1854 1930 1931 1855
599 3 2 7 102 1855 1931 1932 1856
600 3 2 7 102 1856 1932 1933 1857
601 3 2 7 102 1857 1933 1934 1858
602 3 2 7 102 1858 1934 1935 1859
603 3 2 7 102 1859 1935 1936 1860
604 3 2 7 102 1860 1936 1937 1861
605 3 2 7 102 1861 1937 1938 1862
606 3 2 7 102 1862 1938 1939 1863
607 3 2 7 102 1863 1939 1940 1864
608 3 2 7 102 1864 1940 1941 1865
609 3 2 7 102 1865 1941 1942 1866
610 3 2 7 102 1866 1942 1943 1867
611 3 2 7 102 1867 1943 1944 1868
612 3 2 7 102 1868 1944 1945 1869
613 3 2 7 102 1869 1945 1946 1870
614 3 2 7 102 1870 1946 1947 1871
615 3 2 7 102 1871 1947 1948 1872
616 3 2 7 102 1872 1948 199 200
617 3 2 7 102 288 289 1949 1873
618 3 2 7 102 1873 1949 1950 1874
619 3 2 7 102 1874 1950 1951 1875
620 3 2 7 102 1875 1951 1952 1876
621 3 2 7 102 1876 1952 1953 1877
622 3 2 7 102 1877 1953 1954 1878
623 3 2 7 102 1878 1954 1955 1879
624 3 2 7 102 1879 1955 1956 1880
625 3 2 7 102 1880 1956 1957 1881
626 3 2 7 102 1881 1957 1958 1882
627 3 2 7 102 1882 1958 1959 1883
628 3 2 7 102 1883 1959 1960 1884
629 3 2 7 102 1884 1960 1961 1885
630 3 2 7 102 1885 1961 1962 1886
631 3 2 7 102 1886 1962 1963 1887
632 3 2 7 102 1887 1963 1964 1888
633 3 2 7 102 1888 1964 1965 1889
634 3 2 7 102 1889 1965 1966 1890
635 3 2 7 102 1890 1966 1967 1891
636 3 2 7 102 1891 1967 1968 1892
637 3 2 7 102 1892 1968 1969 1893
638 3 2 7 102 1893 1969 1970 1894
639 3 2 7 102 1894 1970 1971 1895
640 3 2 7 102 1895 1971 1972 1896
641 3 2 7 102 1896 1972 1973 1897
642 3 2 7 102 1897 1973 1974 1898
643 3 2 7 102 1898 1974 1975 1899
644 3 2 7 102 1899 1975 1976 1900
645 3 2 7 102 1900 1976 1977 1901
646 3 2 7 102 1901 1977 1978 1902
647 3 2 7 102 1902 1978 1979 1903
648 3 2 7 102 1903 1979 1980 1904
649 3 2 7 102 1904 1980 1981 1905
650 3 2 7 102 1905 1981 1982 1906
651 3 2 7 102 1906 1982 1983 1907
652 3 2 7 102 1907 1983 1984 1908
653 3 2 7 102 1908 1984 1985 1909
654 3 2 7 102 1909 1985 1986 1910
655 3 2 7 102 1910 1986 1987 1911
656 3 2 7 102 1911 1987 1988 1912
657 3 2 7 102 1912 1988 1989 1913
658 3 2 7 102 1913 1989 1990 1914
659 3 2 7 102 1914 1990 1991 1915
660 3 2 7 102 1915 1991 1992 1916
661 3 2 7 102 1916 1992 1993 1917
662 3 2 7 102 1917 1993 1994 1918
663 3 2 7 102 1918 1994 1995 1919
664 3 2 7 102 1919 1995 1996 1920
665 3 2 7 102 1920 1996 1997 1921
666 3 2 7 102 1921 1997 1998 1922
667 3 2 7 102 1922 1998 1999 1923
668 3 2 7 102 1923 1999 2000 1924
669 3 2 7 102 1924 2000 2001 1925
670 3 2 7 102 1925 2001 2002 1926
671 3 2 7 102 1926 2002 2003 1927
672 3 2 7 102 1927 2003 2004 1928
673 3 2 7 102 1928 2004 2005 1929
674 3 2 7 102 1929 2005 2006 1930
675 3 2 7 102 1930 2006 2007 1931
676 3 2 7 102 1931 2007 2008 1932
677 3 2 7 102 1932 2008 2009 1933
678 3 2 7 102 1933 2009 2010 1934
679 3 2 7 102 1934 2010 2011 1935
680 3 2 7 102 1935 2011 2012 1936
681 3 2 7 102 1936 2012 2013 1937
682 3 2 7 102 1937 2013 2014 1938
683 3 2 7 102 1938 2014 2015 1939
684 3 2 7 102 1939 2015 2016 1940
685 3 2 7 102 1940 2016 2017 1941
686 3 2 7 102 1941 2017 2018 1942
687 3 2 7 102 1942 2018 2019 1943
688 3 2 7 102 1943 2019 2020 1944
689 3 2 7 102 1944 2020 2021 1945
690 3 2 7 102 1945 2021 2022 1946
691 3 2 7 102 1946 2022 2023 1947
692 3 2 7 102 1947 2023 2024 1948
693 3 2 7 102 1948 2024 198 199
694 3 2 7 102 289 290 2025 1949
695 3 2 7 102 1949 2025 2026 1950
696 3 2 7 102 1950 2026 2027 1951
697 3 2 7 102 1951 2027 2028 1952
698 3 2 7 102 1952 2028 2029 1953
699 3 2 7 102 1953 2029 2030 1954
700 3 2 7 102 1954 2030 2031 1955
701 3 2 7 102 1955 2031 2032 1956
702 3 2 7 102 1956 2032 2033 1957
703 3 2 7 102 1957 2033 2034 1958
704 3 2 7 102 1958 2034 2035 1959
705 3 2 7 102 1959 2035 2036 1960
706 3 2 7 102 1960 2036 2037 1961
707 3 2 7 102 1961 2037 2038 1962
708 3 2 7 102 1962 2038 2039 1963
709 3 2 7 102 1963 2039 2040 1964
710 3 2 7 102 1964 2040 2041 1965
711 3 2 7 102 1965 2041 2042 1966
712 3 2 7 102 1966 2042 2043 1967
713 3 2 7 102 1967 2043 2044 1968
714 3 2 7 102 1968 2044 2045 1969
715 3 2 7 102 1969 2045 2046 1970
716 3 2 7 102 1970 2046 2047 1971
717 3 2 7 102 1971 2047 2048 1972
718 3 2 7 102 1972 2048 2049 1973
719 3 2 7 102 1973 2049 2050 1974
720 3 2 7 102 1974 2050 2051 1975
721 3 2 7 102 1975 2051 2052 1976
722 3 2 7 102 1976 2052 2053 1977
723 3 2 7 102 1977 2053 2054 1978
724 3 2 7 102 1978 2054 2055 1979
725 3 2 7 102 1979 2055 2056 1980
726 3 2 7 102 1980 2056 2057 1981
727 3 2 7 102 1981 2057 2058 1982
728 3 2 7 102 1982 2058 2059 1983
729 3 2 7 102 1983 2059 2060 1984
730 3 2 7 102 1984 2060 2061 1985
731 3 2 7 102 1985 2061 2062 1986
732 3 2 7 102 1986 2062 2063 1987
733 3 2 7 102 1987 2063 2064 1988
734 3 2 7 102 1988 2064 2065 1989
735 3 2 7 102 1989 2065 2066 1990
736 3 2 7 102 1990 2066 2067 1991
737 3 2 7 102 1991 2067 2068 1992
738 3 2 7 102 1992 2068 2069 1993
739 3 2 7 102 1993 2069 2070 1994
740 3 2 7 102 1994 2070 2071 1995
741 3 2 7 102 1995 2071 2072 1996
742 3 2 7 102 1996 2072 2073 1997
743 3 2 7 102 1997 2073 2074 1998
744 3 2 7 102 1998 2074 2075 1999
745 3 2 7 102 1999 2075 2076 2000
746 3 2 7 102 2000 2076 2077 2001
747 3 2 7 102 2001 2077 2078 2002
748 3 2 7 102 2002 2078 2079 2003
749 3 2 7 102 2003 2079 2080 2004
750 3 2 7 102 2004 2080 2081 2005
751 3 2 7 102 2005 2081 2082 2006
752 3 2 7 102 2006 2082 2083 2007
753 3 2 7 102 2007 2083 2084 2008
754 3 2 7 102 2008 2084 2085 2009
755 3 2 7 102 2009 2085 2086 2010
756 3 2 7 102 2010 2086 2087 2011
757 3 2 7 102 2011 2087 2088 2012
758 3 2 7 102 2012 2088 2089 2013
759 3 2 7 102 2013 2089 2090 2014
760 3 2 7 102 2014 2090 2091 2015
761 3 2 7 102 2015 2091 2092 2016
762 3 2 7 102 2016 2092 2093 2017
763 3 2 7 102 2017 2093 2094 2018
764 3 2 7 102 2018 2094 2095 2019
765 3 2 7 102 2019 2095 2096 2020
766 3 2 7 102 2020 2096 2097 2021
767 3 2 7 102 2021 2097 2098 2022
768 3 2 7 102 2022 2098 2099 2023
769 3 2 7 102 2023 2099 2100 2024
770 3 2 7 102 2024 2100 197 198
771 3 2 7 102 290 291 2101 2025
772 3 2 7 102 2025 2101 2102 2026
773 3 2 7 102 2026 2102 2103 2027
774 3 2 7 102 2027 2103 2104 2028
775 3 2 7 102 2028 2104 2105 2029
776 3 2 7 102 2029 2105 2106 2030
777 3 2 7 102 2030 2106 2107 2031
778 3 2 7 102 2031 2107 2108 2032
779 3 2 7 102 2032 2108 2109 2033
780 3 2 7 102 2033 2109 2110 2034
781 3 2 7 102 2034 2110 2111 2035
782 3 2 7 102 2035 2111 2112 2036
783 3 2 7 102 2036 2112 2113 2037
784 3 2 7 102 2037 2113 2114 2038
785 3 2 7 102 2038 2114 2115 2039
786 3 2 7 102 2039 2115 2116 2040
787 3 2 7 102 2040 2116 2117 2041
788 3 2 7 102 2041 2117 2118 2042
789 3 2 7 102 2042 2118 2119 2043
790 3 2 7 102 2043 2119 2120 2044
791 3 2 7 102 2044 2120 2121 2045
792 3 2 7 102 2045 2121 2122 2046
793 3 2 7 102 2046 2122 2123 2047
794 3 2 7 102 2047 2123 2124 2048
795 3 2 7 102 2048 2124 2125 2049
796 3 2 7 102 2049 2125 2126 2050
797 3 2 7 102 2050 2126 2127 2051
798 3 2 7 102 2051 2127 2128 2052
799 3 2 7 102 2052 2128 2129 2053
800 3 2 7 102 2053 2129 2130 2054
801 3 2 7 102 2054 2130 2131 2055
802 3 2 7 102 2055 2131 2132 2056
803 3 2 7 102 2056 2132 2133 2057
804 3 2 7 102 2057 2133 2134 2058
805 3 2 7 102 2058 2134 2135 2059
806 3 2 7 102 2059 2135 2136 2060
807 3 2 7 102 2060 2136 2137 2061
808 3 2 7 102 2061 2137 2138 2062
809 3 2 7 102 2062 2138 2139 2063
810 3 2 7 102 2063 2139 2140 2064
811 3 2 7 102 2064 2140 2141 2065
812 3 2 7 102 2065 2141 2142 2066
813 3 2 7 102 2066 2142 2143 2067
814 3 2 7 102 2067 2143 2144 2068
815 3 2 7 102 2068 2144 2145 2069
816 3 2 7 102 2069 2145 2146 2070
817 3 2 7 102 2070 2146 2147 2071
818 3 2 7 102 2071 2147 2148 2072
819 3 2 7 102 2072 2148 2149 2073
820 3 2 7 102 2073 2149 2150 2074
821 3 2 7 102 2074 2150 2151 2075
822 3 2 7 102 2075 2151 2152 2076
823 3 2 7 102 2076 2152 2153 2077
824 3 2 7 102 2077 2153 2154 2078
825 3 2 7 102 2078 2154 2155 2079
826 3 2 7 102 2079 2155 2156 2080
827 3 2 7 102 2080 2156 2157 2081
828 3 2 7 102 2081 2157 2158 2082
829 3 2 7 102 2082 2158 2159 2083
830 3 2 7 102 2083 2159 2160 2084
831 3 2 7 102 2084 2160 2161 2085
832 3 2 7 102 2085 2161 2162 2086
833 3 2 7 102 2086 2162 2163 2087
834 3 2 7 102 2087 2163 2164 2088
835 3 2 7 102 2088 2164 2165 2089
836 3 2 7 102 2089 2165 2166 2090
837 3 2 7 102 2090 2166 2167 2091
838 3 2 7 102 2091 2167 2168 2092
839 3 2 7 102 2092 2168 2169 2093
840 3 2 7 102 2093 2169 2170 2094
841 3 2 7 102 2094 2170 2171 2095
842 3 2 7 102 2095 2171 2172 2096
843 3 2 7 102 2096 2172 2173 2097
844 3 2 7 102 2097 2173 2174 2098
845 3 2 7 102 2098 2174 2175 2099
846 3 2 7 102 2099 2175 2176 2100
847 3 2 7 102 2100 2176 196 197
848 3 2 7 102 291 292 2177 2101
849 3 2 7 102 2101 2177 2178 2102
850 3 2 7 102 2102 2178 2179 2103
851 3 2 7 102 2103 2179 2180 2104
852 3 2 7 102 2104 2180 2181 2105
853 3 2 7 102 2105 2181 2182 2106
854 3 2 7 102 2106 2182 2183 2107
855 3 2 7 102 2107 2183 2184 2108
856 3 2 7 102 2108 2184 2185 2109
857 3 2 7 102 2109 2185 2186 2110
858 3 2 7 102 2110 2186 2187 2111
859 3 2 7 102 2111 2187 2188 2112
860 3 2 7 102 2112 2188 2189 2113
861 3 2 7 102 2113 2189 2190 2114
862 3 2 7 102 2114 2190 2191 2115
863 3 2 7 102 2115 2191 2192 2116
864 3 2 7 102 2116 2192 2193 2117
865 3 2 7 102 2117 2193 2194 2118
866 3 2 7 102 2118 2194 2195 2119
867 3 2 7 102 2119 2195 2196 2120
868 3 2 7 102 2120 2196 2197 2121
869 3 2 7 102 2121 2197 2198 2122
870 3 2 7 102 2122 2198 2199 2123
871 3 2 7 102 2123 2199 2200 2124
872 3 2 7 102 2124 2200 2201 2125
873 3 2 7 102 2125 2201 2202 2126
874 3 2 7 102 2126 2202 2203 2127
875 3 2 7 102 2127 2203 2204 2128
876 3 2 7 102 2128 2204 2205 2129
877 3 2 7 102 2129 2205 2206 2130
878 3 2 7 102 2130 2206 2207 2131
879 3 2 7 102 2131 2207 2208 2132
880 3 2 7 102 2132 2208 2209 2133
881 3 2 7 102 2133 2209 2210 2134
882 3 2 7 102 2134 2210 2211 2135
883 3 2 7 102 2135 2211 2212 2136
884 3 2 7 102 2136 2212 2213 2137
885 3 2 7 102 2137 2213 2214 2138
886 3 2 7 102 2138 2214 2215 2139
887 3 2 7 102 2139 2215 2216 2140
888 3 2 7 102 2140 2216 2217 2141
889 3 2 7 102 2141 2217 2218 2142
890 3 2 7 102 2142 2218 2219 2143
891 3 2 7 102 2143 2219 2220 2144
892 3 2 7 102 2144 2220 2221 2145
893 3 2 7 102 2145 2221 2222 2146
894 3 2 7 102 2146 2222 2223 2147
895 3 2 7 102 2147 2223 2224 2148
896 3 2 7 102 2148 2224 2225 2149
897 3 2 7 102 2149 2225 2226 2150
898 3 2 7 102 2150 2226 2227 2151
899 3 2 7 102 2151 2227 2228 2152
900 3 2 7 102 2152 2228 2229 2153
901 3 2 7 102 2153 2229 2230 2154
902 3 2 7 102 2154 2230 2231 2155
903 3 2 7 102 2155 2231 2232 2156
904 3 2 7 102 2156 2232 2233 2157
905 3 2 7 102 2157 2233 2234 2158
906 3 2 7 102 2158 2234 2235 2159
907 3 2 7 102 2159 2235 2236 2160
908 3 2 7 102 2160 2236 2237 2161
909 3 2 7 102 2161 2237 2238 2162
910 3 2 7 102 2162 2238 2239 2163
911 3 2 7 102 2163 2239 2240 2164
912 3 2 7 102 2164 2240 2241 2165
913 3 2 7 102 2165 2241 2242 2166
914 3 2 7 102 2166 2242 2243 2167
915 3 2 7 102 2167 2243 2244 2168
916 3 2 7 102 2168 2244 2245 2169
917 3 2 7 102 2169 2245 2246 2170
918 3 2 7 102 2170 2246 2247 2171
919 3 2 7 102 2171 2247 2248 2172
920 3 2 7 102 2172 2248 2249 2173
921 3 2 7 102 2173 2249 2250 2174
922 3 2 7 102 2174 2250 2251 2175
923 3 2 7 102 2175 2251 2252 2176
924 3 2 7 102 2176 2252 195 196
925 3 2 7 102 292 293 2253 2177
926 3 2 7 102 2177 2253 2254 2178
927 3 2 7 102 2178 2254 2255 2179
928 3 2 7 102 2179 2255 2256 2180
929 3 2 7 102 2180 2256 2257 2181
930 3 2 7 102 2181 2257 2258 2182
931 3 2 7 102 2182 2258 2259 2183
932 3 2 7 102 2183 2259 2260 2184
933 3 2 7 102 2184 2260 2261 2185
934 3 2 7 102 2185 2261 2262 2186
935 3 2 7 102 2186 2262 2263 2187
936 3 2 7 102 2187 2263 2264 2188
937 3 2 7 102 2188 2264 2265 2189
938 3 2 7 102 2189 2265 2266 2190
939 3 2 7 102 2190 2266 2267 2191
940 3 2 7 102 2191 2267 2268 2192
941 3 2 7 102 2192 2268 2269 2193
942 3 2 7 102 2193 2269 2270 2194
943 3 2 7 102 2194 2270 2271 2195
944 3 2 7 102 2195 2271 2272 2196
945 3 2 7 102 2196 2272 2273 2197
946 3 2 7 102 2197 2273 2274 2198
947 3 2 7 102 2198 2274 2275 2199
948 3 2 7 102 2199 2275 2276 2200
949 3 2 7 102 2200 2276 2277 2201
950 3 2 7 102 2201 2277 2278 2202
951 3 2 7 102 2202 2278 2279 2203
952 3 2 7 102 2203 2279 2280 2204
953 3 2 7 102 2204 2280 2281 2205
954 3 2 7 102 2205 2281 2282 2206
955 3 2 7 102 2206 2282 2283 2207
956 3 2 7 102 2207 2283 2284 2208
957 3 2 7 102 2208 2284 2285 2209
958 3 2 7 102 2209 2285 2286 2210
959 3 2 7 102 2210 2286 2287 2211
960 3 2 7 102 2211 2287 2288 2212
961 3 2 7 102 2212 2288 2289 2213
962 3 2 7 102 2213 2289 2290 2214
963 3 2 7 102 2214 2290 2291 2215
964 3 2 7 102 2215 2291 2292 2216
965 3 2 7 102 2216 2292 2293 2217
966 3 2 7 102 2217 2293 2294 2218
967 3 2 7 102 2218 2294 2295 2219
968 3 2 7 102 2219 2295 2296 2220
969 3 2 7 102 2220 2296 2297 2221
970 3 2 7 102 2221 2297 2298 2222
971 3 2 7 102 2222 2298 2299 2223
972 3 2 7 102 2223 2299 2300 2224
973 3 2 7 102 2224 2300 2301 2225
974 3 2 7 102 2225 2301 2302 2226
975 3 2 7 102 2226 2302 2303 2227
976 3 2 7 102 2227 2303 2304 2228
977 3 2 7 102 2228 2304 2305 2229
978 3 2 7 102 2229 2305 2306 2230
979 3 2 7 102 2230 2306 2307 2231
980 3 2 7 102 2231 2307 2308 2232
981 3 2 7 102 2232 2308 2309 2233
982 3 2 7 102 2233 2309 2310 2234
983 3 2 7 102 2234 2310 2311 2235
984 3 2 7 102 2235 2311 2312 2236
985 3 2 7 102 2236 2312 2313 2237
986 3 2 7 102 2237 2313 2314 2238
987 3 2 7 102 2238 2314 2315 2239
988 3 2 7 102 2239 2315 2316 2240
989 3 2 7 102 2240 2316 2317 2241
990 3 2 7 102 2241 2317 2318 2242
991 3 2 7 102 2242 2318 2319 2243
992 3 2 7 102 2243 2319 2320 2244
993 3 2 7 102 2244 2320 2321 2245
994 3 2 7 102 2245 2321 2322 2246
995 3 2 7 102 2246 2322 2323 2247
996 3 2 7 102 2247 2323 2324 2248
997 3 2 7 102 2248 2324 2325 2249
998 3 2 7 102 2249 2325 2326 2250
999 3 2 7 102 2250 2326 2327 2251
1000 3 2 7 102 2251 2327 2328 2252
1001 3 2 7 102 2252 2328 194 195
1002 3 2 7 102 293 294 2329 2253
1003 3 2 7 102 2253 2329 2330 2254
1004 3 2 7 102 2254 2330 2331 2255
1005 3 2 7 102 2255 2331 2332 2256
1006 3 2 7 102 2256 2332 2333 2257
1007 3 2 7 102 2257 2333 2334 2258
1008 3 2 7 102 2258 2334 2335 2259
1009 3 2 7 102 2259 2335 2336 2260
1010 3 2 7 102 2260 2336 2337 2261
1011 3 2 7 102 2261 2337 2338 2262
1012 3 2 7 102 2262 2338 2339 2263
1013 3 2 7 102 2263 2339 2340 2264
1014 3 2 7 102 2264 2340 2341 2265
1015 3 2 7 102 2265 2341 2342 2266
1016 3 2 7 102 2266 2342 2343 2267
1017 3 2 7 102 2267 2343 2344 2268
1018 3 2 7 102 2268 2344 2345 2269
1019 3 2 7 102 2269 2345 2346 2270
1020 3 2 7 102 2270 2346 2347 2271
1021 3 2 7 102 2271 2347 2348 2272
1022 3 2 7 102 2272 2348 2349 2273
1023 3 2 7 102 2273 2349 2350 2274
1024 3 2 7 102 2274 2350 2351 2275
1025 3 2 7 102 2275 2351 2352 2276
1026 3 2 7 102 2276 2352 2353 2277
1027 3 2 7 102 2277 2353 2354 2278
1028 3 2 7 102 2278 2354 2355 2279
1029 3 2 7 102 2279 2355 2356 2280
1030 3 2 7 102 2280 2356 2357 2281
1031 3 2 7 102 2281 2357 2358 2282
1032 3 2 7 102 2282 2358 2359 2283
1033 3 2 7 102 2283 2359 2360 2284
1034 3 2 7 102 2284 2360 2361 2285
1035 3 2 7 102 2285 2361 2362 2286
1036 3 2 7 102 2286 2362 2363 2287
1037 3 2 7 102 2287 2363 2364 2288
1038 3 2 7 102 2288 2364 2365 2289
1039 3 2 7 102 2289 2365 2366 2290
1040 3 2 7 102 2290 2366 2367 2291
1041 3 2 7 102 2291 2367 2368 2292
1042 3 2 7 102 2292 2368 2369 2293
1043 3 2 7 102 2293 2369 2370 2294
1044 3 2 7 102 2294 2370 2371 2295
1045 3 2 7 102 2295 2371 2372 2296
1046 3 2 7 102 2296 2372 2373 2297
1047 3 2 7 102 2297 2373 2374 2298
1048 3 2 7 102 2298 2374 2375 2299
1049 3 2 7 102 2299 2375 2376 2300
1050 3 2 7 102 2300 2376 2377 2301
1051 3 2 7 102 2301 2377 2378 2302
1052 3 2 7 102 2302 2378 2379 2303
1053 3 2 7 102 2303 2379 2380 2304
1054 3 2 7 102 2304 2380 2381 2305
1055 3 2 7 102 2305 2381 2382 2306
1056 3 2 7 102 2306 2382 2383 2307
1057 3 2 7 102 2307 2383 2384 2308
1058 3 2 7 102 2308 2384 2385 2309
1059 3 2 7 102 2309 2385 2386 2310
1060 3 2 7 102 2310 2386 2387 2311
1061 3 2 7 102 2311 2387 2388 2312
1062 3 2 7 102 2312 2388 2389 2313
1063 3 2 7 102 2313 2389 2390 2314
1064 3 2 7 102 2314 2390 2391 2315
1065 3 2 7 102 2315 2391 2392 2316
1066 3 2 7 102 2316 2392 2393 2317
1067 3 2 7 102 2317 2393 2394 2318
1068 3 2 7 102 2318 2394 2395 2319
1069 3 2 7 102 2319 2395 2396 2320
1070 3 2 7 102 2320 2396 2397 2321
1071 3 2 7 102 2321 2397 2398 2322
1072 3 2 7 102 2322 2398 2399 2323
1073 3 2 7 102 2323 2399 2400 2324
1074 3 2 7 102 2324 2400 2401 2325
1075 3 2 7 102 2325 2401 2402 2326
1076 3 2 7 102 2326 2402 2403 2327
1077 3 2 7 102 2327 2403 2404 2328
1078 3 2 7 102 2328 2404 193 194
1079 3 2 7 102 294 295 2405 2329
1080 3 2 7 102 2329 2405 2406 2330
1081 3 2 7 102 2330 2406 2407 2331
1082 3 2 7 102 2331 2407 2408 2332
1083 3 2 7 102 2332 2408 2409 2333
1084 3 2 7 102 2333 2409 2410 2334
1085 3 2 7 102 2334 2410 2411 2335
1086 3 2 7 102 2335 2411 2412 2336
1087 3 2 7 102 2336 2412 2413 2337
1088 3 2 7 102 2337 2413 2414 2338
1089 3 2 7 102 2338 2414 2415 2339
1090 3 2 7 102 2339 2415 2416 2340
1091 3 2 7 102 2340 2416 2417 2341
1092 3 2 7 102 2341 2417 2418 2342
1093 3 2 7 102 2342 2418 2419 2343
1094 3 2 7 102 2343 2419 2420 2344
1095 3 2 7 102 2344 2420 2421 2345
1096 3 2 7 102 2345 2421 2422 2346
1097 3 2 7 102 2346 2422 2423 2347
1098 3 2 7 102 2347 2423 2424 2348
1099 3 2 7 102 2348 2424 2425 2349
1100 3 2 7 102 2349 2425 2426 2350
1101 3 2 7 102 2350 2426 2427 2351
1102 3 2 7 102 2351 2427 2428 2352
1103 3 2 7 102 2352 2428 2429 2353
1104 3 2 7 102 2353 2429 2430 2354
1105 3 2 7 102 2354 2430 2431 2355
1106 3 2 7 102 2355 2431 2432 2356
1107 3 2 7 102 2356 2432 2433 2357
1108 3 2 7 102 2357 2433 2434 2358
1109 3 2 7 102 2358 2434 2435 2359
1110 3 2 7 102 2359 2435 2436 2360
1111 3 2 7 102 2360 2436 2437 2361
1112 3 2 7 102 2361 2437 2438 2362
1113 3 2 7 102 2362 2438 2439 2363
1114 3 2 7 102 2363 2439 2440 2364
1115 3 2 7 102 2364 2440 2441 2365
1116 3 2 7 102 2365 2441 2442 2366
1117 3 2 7 102 2366 2442 2443 2367
1118 3 2 7 102 2367 2443 2444 2368
1119 3 2 7 102 2368 2444 2445 2369
1120 3 2 7 102 2369 2445 2446 2370
1121 3 2 7 102 2370 2446 2447 2371
1122 3 2 7 102 2371 2447 2448 2372
1123 3 2 7 102 2372 2448 2449 2373
1124 3 2 7 102 2373 2449 2450 2374
1125 3 2 7 102 2374 2450 2451 2375
1126 3 2 7 102 2375 2451 2452 2376
1127 3 2 7 102 2376 2452 2453 2377
1128 3 2 7 102 2377 2453 2454 2378
1129 3 2 7 102 2378 2454 2455 2379
1130 3 2 7 102 2379 2455 2456 2380
1131 3 2 7 102 2380 2456 2457 2381
1132 3 2 7 102 2381 2457 2458 2382
1133 3 2 7 102 2382 2458 2459 2383
1134 3 2 7 102 2383 2459 2460 2384
1135 3 2 7 102 2384 2460 2461 2385
1136 3 2 7 102 2385 2461 2462 2386
1137 3 2 7 102 2386 2462 2463 2387
1138 3 2 7 102 2387 2463 2464 2388
1139 3 2 7 102 2388 2464 2465 2389
1140 3 2 7 102 2389 2465 2466 2390
1141 3 2 7 102 2390 2466 2467 2391
1142 3 2 7 102 2391 2467 2468 2392
1143 3 2 7 102 2392 2468 2469 2393
1144 3 2 7 102 2393 2469 2470 2394
1145 3 2 7 102 2394 2470 2471 2395
1146 3 2 7 102 2395 2471 2472 2396
1147 3 2 7 102 2396 2472 2473 2397
1148 3 2 7 102 2397 2473 2474 2398
1149 3 2 7 102 2398 2474 2475 2399
1150 3 2 7 102 2399 2475 2476 2400
1151 3 2 7 102 2400 2476 2477 2401
1152 3 2 7 102 2401 2477 2478 2402
1153 3 2 7 102 2402 2478 2479 2403
1154 3 2 7 102 2403 2479 2480 2404
1155 3 2 7 102 2404 2480 192 193
1156 3 2 7 102 295 296 2481 2405
1157 3 2 7 102 2405 2481 2482 2406
1158 3 2 7 102 2406 2482 2483 2407
1159 3 2 7 102 2407 2483 2484 2408
1160 3 2 7 102 2408 2484 2485 2409
1161 3 2 7 102 2409 2485 2486 2410
1162 3 2 7 102 2410 2486 2487 2411
1163 3 2 7 102 2411 2487 2488 2412
1164 3 2 7 102 2412 2488 2489 2413
1165 3 2 7 102 2413 2489 2490 2414
1166 3 2 7 102 2414 2490 2491 2415
1167 3 2 7 102 2415 2491 2492 2416
1168 3 2 7 102 2416 2492 2493 2417
1169 3 2 7 102 2417 2493 2494 2418
1170 3 2 7 102 2418 2494 2495 2419
1171 3 2 7 102 2419 2495 2496 2420
1172 3 2 7 102 2420 2496 2497 2421
1173 3 2 7 102 2421 2497 2498 2422
1174 3 2 7 102 2422 2498 2499 2423
1175 3 2 7 102 2423 2499 2500 2424
1176 3 2 7 102 2424 2500 2501 2425
1177 3 2 7 102 2425 2501 2502 2426
1178 3 2 7 102 2426 2502 2503 2427
1179 3 2 7 102 2427 2503 2504 2428
1180 3 2 7 102 2428 2504 2505 2429
1181 3 2 7 102 2429 2505 2506 2430
1182 3 2 7 102 2430 2506 2507 2431
1183 3 2 7 102 2431 2507 2508 2432
1184 3 2 7 102 2432 2508 2509 2433
1185 3 2 7 102 2433 2509 2510 2434
1186 3 2 7 102 2434 2510 2511 2435
1187 3 2 7 102 2435 2511 2512 2436
1188 3 2 7 102 2436 2512 2513 2437
1189 3 2 7 102 2437 2513 2514 2438
1190 3 2 7 102 2438 2514 2515 2439
1191 3 2 7 102 2439 2515 2516 2440
1192 3 2 7 102 2440 2516 2517 2441
1193 3 2 7 102 2441 2517 2518 2442
1194 3 2 7 102 2442 2518 2519 2443
1195 3 2 7 102 2443 2519 2520 2444
1196 3 2 7 102 2444 2520 2521 2445
1197 3 2 7 102 2445 2521 2522 2446
1198 3 2 7 102 2446 2522 2523 2447
1199 3 2 7 102 2447 2523 2524 2448
1200 3 2 7 102 2448 2524 2525 2449
1201 3 2 7 102 2449 2525 2526 2450
1202 3 2 7 102 2450 2526 2527 2451
1203 3 2 7 102 2451 2527 2528 2452
1204 3 2 7 102 2452 2528 2529 2453
1205 3 2 7 102 2453 2529 2530 2454
1206 3 2 7 102 2454 2530 2531 2455
1207 3 2 7 102 2455 2531 2532 2456
1208 3 2 7 102 2456 2532 2533 2457
1209 3 2 7 102 2457 2533 2534 2458
1210 3 2 7 102 2458 2534 2535 2459
1211 3 2 7 102 2459 2535 2536 2460
1212 3 2 7 102 2460 2536 2537 2461
1213 3 2 7 102 2461 2537 2538 2462
1214 3 2 7 102 2462 2538 2539 2463
1215 3 2 7 102 2463 2539 2540 2464
1216 3 2 7 102 2464 2540 2541 2465
1217 3 2 7 102 2465 2541 2542 2466
1218 3 2 7 102 2466 2542 2543 2467
1219 3 2 7 102 2467 2543 2544 2468
1220 3 2 7 102 2468 2544 2545 2469
1221 3 2 7 102 2469 2545 2546 2470
1222 3 2 7 102 2470 2546 2547 2471
1223 3 2 7 102 2471 2547 2548 2472
1224 3 2 7 102 2472 2548 2549 2473
1225 3 2 7 102 2473 2549 2550 2474
1226 3 2 7 102 2474 2550 2551 2475
1227 3 2 7 102 2475 2551 2552 2476
1228 3 2 7 102 2476 2552 2553 2477
1229 3 2 7 102 2477 2553 2554 2478
1230 3 2 7 102 2478 2554 2555 2479
1231 3 2 7 102 2479 2555 2556 2480
1232 3 2 7 102 2480 2556 191 192
1233 3 2 7 102 296 297 2557 2481
1234 3 2 7 102 2481 2557 2558 2482
1235 3 2 7 102 2482 2558 2559 2483
1236 3 2 7 102 2483 2559 2560 2484
1237 3 2 7 102 2484 2560 2561 2485
1238 3 2 7 102 2485 2561 2562 2486
1239 3 2 7 102 2486 2562 2563 2487
1240 3 2 7 102 2487 2563 2564 2488
1241 3 2 7 102 2488 2564 2565 2489
1242 3 2 7 102 2489 2565 2566 2490
1243 3 2 7 102 2490 2566 2567 2491
1244 3 2 7 102 2491 2567 2568 2492
1245 3 2 7 102 2492 2568 2569 2493
1246 3 2 7 102 2493 2569 2570 2494
1247 3 2 7 102 2494 2570 2571 2495
1248 3 2 7 102 2495 2571 2572 2496
1249 3 2 7 102 2496 2572 2573 2497
1250 3 2 7 102 2497 2573 2574 2498
1251 3 2 7 102 2498 2574 2575 2499
1252 3 2 7 102 2499 2575 2576 2500
1253 3 2 7 102 2500 2576 2577 2501
1254 3 2 7 102 2501 2577 2578 2502
1255 3 2 7 102 2502 2578 2579 2503
1256 3 2 7 102 2503 2579 2580 2504
1257 3 2 7 102 2504 2580 2581 2505
1258 3 2 7 102 2505 2581 2582 2506
1259 3 2 7 102 2506 2582 2583 2507
1260 3 2 7 102 2507 2583 2584 2508
1261 3 2 7 102 2508 2584 2585 2509
1262 3 2 7 102 2509 2585 2586 2510
1263 3 2 7 102 2510 2586 2587 2511
1264 3 2 7 102 2511 2587 2588 2512
1265 3 2 7 102 2512 2588 2589 2513
1266 3 2 7 102 2513 2589 2590 2514
1267 3 2 7 102 2514 2590 2591 2515
1268 3 2 7 102 2515 2591 2592 2516
1269 3 2 7 102 2516 2592 2593 2517
1270 3 2 7 102 2517 2593 2594 2518
1271 3 2 7 102 2518 2594 2595 2519
1272 3 2 7 102 2519 2595 2596 2520
1273 3 2 7 102 2520 2596 2597 2521
1274 3 2 7 102 2521 2597 2598 2522
1275 3 2 7 102 2522 2598 2599 2523
1276 3 2 7 102 2523 2599 2600 2524
1277 3 2 7 102 2524 2600 2601 2525
1278 3 2 7 102 2525 2601 2602 2526
1279 3 2 7 102 2526 2602 2603 2527
1280 3 2 7 102 2527 2603 2604 2528
1281 3 2 7 102 2528 2604 2605 2529
1282 3 2 7 102 2529 2605 2606 2530
1283 3 2 7 102 2530 2606 2607 2531
1284 3 2 7 102 2531 2607 2608 2532
1285 3 2 7 102 2532 2608 2609 2533
1286 3 2 7 102 2533 2609 2610 2534
1287 3 2 7 102 2534 2610 2611 2535
1288 3 2 7 102 2535 2611 2612 2536
1289 3 2 7 102 2536 2612 2613 2537
1290 3 2 7 102 2537 2613 2614 2538
1291 3 2 7 102 2538 2614 2615 2539
1292 3 2 7 102 2539 2615 2616 2540
1293 3 2 7 102 2540 2616 2617 2541
1294 3 2 7 102 2541 2617 2618 2542
1295 3 2 7 102 2542 2618 2619 2543
1296 3 2 7 102 2543 2619 2620 2544
1297 3 2 7 102 2544 2620 2621 2545
1298 3 2 7 102 2545 2621 2622 2546
1299 3 2 7 102 2546 2622 2623 2547
1300 3 2 7 102 2547 2623 2624 2548
1301 3 2 7 102 2548 2624 2625 2549
1302 3 2 7 102 2549 2625 2626 2550
1303 3 2 7 102 2550 2626 2627 2551
1304 3 2 7 102 2551 2627 2628 2552
1305 3 2 7 102 2552 2628 2629 2553
1306 3 2 7 102 2553 2629 2630 2554
1307 3 2 7 102 2554 2630 2631 2555
1308 3 2 7 102 2555 2631 2632 2556
1309 3 2 7 102 2556 2632 190 191
1310 3 2 7 102 297 298 2633 2557
1311 3 2 7 102 2557 2633 2634 2558
1312 3 2 7 102 2558 2634 2635 2559
1313 3 2 7 102 2559 2635 2636 2560
1314 3 2 7 102 2560 2636 2637 2561
1315 3 2 7 102 2561 2637 2638 2562
1316 3 2 7 102 2562 2638 2639 2563
1317 3 2 7 102 2563 2639 2640 2564
1318 3 2 7 102 2564 2640 2641 2565
1319 3 2 7 102 2565 2641 2642 2566
1320 3 2 7 102 2566 2642 2643 2567
1321 3 2 7 102 2567 2643 2644 2568
1322 3 2 7 102 2568 2644 2645 2569
1323 3 2 7 102 2569 2645 2646 2570
1324 3 2 7 102 2570 2646 2647 2571
1325 3 2 7 102 2571 2647 2648 2572
1326 3 2 7 102 2572 2648 2649 2573
1327 3 2 7 102 2573 2649 2650 2574
1328 3 2 7 102 2574 2650 2651 2575
1329 3 2 7 102 2575 2651 2652 2576
1330 3 2 7 102 2576 2652 2653 2577
1331 3 2 7 102 2577 2653 2654 2578
1332 3 2 7 102 2578 2654 2655 2579
1333 3 2 7 102 2579 2655 2656 2580
1334 3 2 7 102 2580 2656 2657 2581
1335 3 2 7 102 2581 2657 2658 2582
1336 3 2 7 102 2582 2658 2659 2583
1337 3 2 7 102 2583 2659 2660 2584
1338 3 2 7 102 2584 2660 2661 2585
1339 3 2 7 102 2585 2661 2662 2586
1340 3 2 7 102 2586 2662 2663 2587
1341 3 2 7 102 2587 2663 2664 2588
1342 3 2 7 102 2588 2664 2665 2589
1343 3 2 7 102 2589 2665 2666 2590
1344 3 2 7 102 2590 2666 2667 2591
1345 3 2 7 102 2591 2667 2668 2592
1346 3 2 7 102 2592 2668 2669 2593
1347 3 2 7 102 2593 2669 2670 2594
1348 3 2 7 102 2594 2670 2671 2595
1349 3 2 7 102 2595 2671 2672 2596
1350 3 2 7 102 2596 2672 2673 2597
1351 3 2 7 102 2597 2673 2674 2598
1352 3 2 7 102 2598 2674 2675 2599
1353 3 2 7 102 2599 2675 2676 2600
1354 3 2 7 102 2600 2676 2677 2601
1355 3 2 7 102 2601 2677 2678 2602
1356 3 2 7 102 2602 2678 2679 2603
1357 3 2 7 102 2603 2679 2680 2604
1358 3 2 7 102 2604 2680 2681 2605
1359 3 2 7 102 2605 2681 2682 2606
1360 3 2 7 102 2606 2682 2683 2607
1361 3 2 7 102 2607 2683 2684 2608
1362 3 2 7 102 2608 2684 2685 2609
1363 3 2 7 102 2609 2685 2686 2610
1364 3 2 7 102 2610 2686 2687 2611
1365 3 2 7 102 2611 2687 2688 2612
1366 3 2 7 102 2612 2688 2689 2613
1367 3 2 7 102 2613 2689 2690 2614
1368 3 2 7 102 2614 2690 2691 2615
1369 3 2 7 102 2615 2691 2692 2616
1370 3 2 7 102 2616 2692 2693 2617
1371 3 2 7 102 2617 2693 2694 2618
1372 3 2 7 102 2618 2694 2695 2619
1373 3 2 7 102 2619 2695 2696 2620
1374 3 2 7 102 2620 2696 2697 2621
1375 3 2 7 102 2621 2697 2698 2622
1376 3 2 7 102 2622 2698 2699 2623
1377 3 2 7 102 2623 2699 2700 2624
1378 3 2 7 102 2624 2700 2701 2625
1379 3 2 7 102 2625 2701 2702 2626
1380 3 2 7 102 2626 2702 2703 2627
1381 3 2 7 102 2627 2703 2704 2628
1382 3 2 7 102 2628 2704 2705 2629
1383 3 2 7 102 2629 2705 2706 2630
1384 3 2 7 102 2630 2706 2707 2631
1385 3 2 7 102 2631 2707 2708 2632
1386 3 2 7 102 2632 2708 189 190
1387 3 2 7 102 298 299 2709 2633
1388 3 2 7 102 2633 2709 2710 2634
1389 3 2 7 102 2634 2710 2711 2635
1390 3 2 7 102 2635 2711 2712 2636
1391 3 2 7 102 2636 2712 2713 2637
1392 3 2 7 102 2637 2713 2714 2638
1393 3 2 7 102 2638 2714 2715 2639
1394 3 2 7 102 2639 2715 2716 2640
1395 3 2 7 102 2640 2716 2717 2641
1396 3 2 7 102 2641 2717 2718 2642
1397 3 2 7 102 2642 2718 2719 2643
1398 3 2 7 102 2643 2719 2720 2644
1399 3 2 7 102 2644 2720 2721 2645
1400 3 2 7 102 2645 2721 2722 2646
1401 3 2 7 102 2646 2722 2723 2647
1402 3 2 7 102 2647 2723 2724 2648
1403 3 2 7 102 2648 2724 2725 2649
1404 3 2 7 102 2649 2725 2726 2650
1405 3 2 7 102 2650 2726 2727 2651
1406 3 2 7 102 2651 2727 2728 2652
1407 3 2 7 102 2652 2728 2729 2653
1408 3 2 7 102 2653 2729 2730 2654
1409 3 2 7 102 2654 2730 2731 2655
1410 3 2 7 102 2655 2731 2732 2656
1411 3 2 7 102 2656 2732 2733 2657
1412 3 2 7 102 2657 2733 2734 2658
1413 3 2 7 102 2658 2734 2735 2659
1414 3 2 7 102 2659 2735 2736 2660
1415 3 2 7 102 2660 2736 2737 2661
1416 3 2 7 102 2661 2737 2738 2662
1417 3 2 7 102 2662 2738 2739 2663
1418 3 2 7 102 2663 2739 2740 2664
1419 3 2 7 102 2664 2740 2741 2665
1420 3 2 7 102 2665 2741 2742 2666
1421 3 2 7 102 2666 2742 2743 2667
1422 3 2 7 102 2667 2743 2744 2668
1423 3 2 7 102 2668 2744 2745 2669
1424 3 2 7 102 2669 2745 2746 2670
1425 3 2 7 102 2670 2746 2747 2671
1426 3 2 7 102 2671 2747 2748 2672
1427 3 2 7 102 2672 2748 2749 2673
1428 3 2 7 102 2673 2749 2750 2674
1429 3 2 7 102 2674 2750 2751 2675
1430 3 2 7 102 2675 2751 2752 2676
1431 3 2 7 102 2676 2752 2753 2677
1432 3 2 7 102 2677 2753 2754 2678
1433 3 2 7 102 2678 2754 2755 2679
1434 3 2 7 102 2679 2755 2756 2680
1435 3 2 7 102 2680 2756 2757 2681
1436 3 2 7 102 2681 2757 2758 2682
1437 3 2 7 102 2682 2758 2759 2683
1438 3 2 7 102 2683 2759 2760 2684
1439 3 2 7 102 2684 2760 2761 2685
1440 3 2 7 102 2685 2761 2762 2686
1441 3 2 7 102 2686 2762 2763 2687
1442 3 2 7 102 2687 2763 2764 2688
1443 3 2 7 102 2688 2764 2765 2689
1444 3 2 7 102 2689 2765 2766 2690
1445 3 2 7 102 2690 2766 2767 2691
1446 3 2 7 102 2691 2767 2768 2692
1447 3 2 7 102 2692 2768 2769 2693
1448 3 2 7 102 2693 2769 2770 2694
1449 3 2 7 102 2694 2770 2771 2695
1450 3 2 7 102 2695 2771 2772 2696
1451 3 2 7 102 2696 2772 2773 2697
1452 3 2 7 102 2697 2773 2774 2698
1453 3 2 7 102 2698 2774 2775 2699
1454 3 2 7 102 2699 2775 2776 2700
1455 3 2 7 102 2700 2776 2777 2701
1456 3 2 7 102 2701 2777 2778 2702
1457 3 2 7 102 2702 2778 2779 2703
1458 3 2 7 102 2703 2779 2780 2704
1459 3 2 7 102 2704 2780 2781 2705
1460 3 2 7 102 2705 2781 2782 2706
1461 3 2 7 102 2706 2782 2783 2707
1462 3 2 7 102 2707 2783 2784 2708
1463 3 2 7 102 2708 2784 188 189
1464 3 2 7 102 299 300 2785 2709
1465 3 2 7 102 2709 2785 2786 2710
1466 3 2 7 102 2710 2786 2787 2711
1467 3 2 7 102 2711 2787 2788 2712
1468 3 2 7 102 2712 2788 2789 2713
1469 3 2 7 102 2713 2789 2790 2714
1470 3 2 7 102 2714 2790 2791 2715
1471 3 2 7 102 2715 2791 2792 2716
1472 3 2 7 102 2716 2792 2793 2717
1473 3 2 7 102 2717 2793 2794 2718
1474 3 2 7 102 2718 2794 2795 2719
1475 3 2 7 102 2719 2795 2796 2720
1476 3 2 7 102 2720 2796 2797 2721
1477 3 2 7 102 2721 2797 2798 2722
1478 3 2 7 102 2722 2798 2799 2723
1479 3 2 7 102 2723 2799 2800 2724
1480 3 2 7 102 2724 2800 2801 2725
1481 3 2 7 102 2725 2801 2802 2726
1482 3 2 7 102 2726 2802 2803 2727
1483 3 2 7 102 2727 2803 2804 2728
1484 3 2 7 102 2728 2804 2805 2729
1485 3 2 7 102 2729 2805 2806 2730
1486 3 2 7 102 2730 2806 2807 2731
1487 3 2 7 102 2731 2807 2808 2732
1488 3 2 7 102 2732 2808 2809 2733
1489 3 2 7 102 2733 2809 2810 2734
1490 3 2 7 102 2734 2810 2811 2735
1491 3 2 7 102 2735 2811 2812 2736
1492 3 2 7 102 2736 2812 2813 2737
1493 3 2 7 102 2737 2813 2814 2738
1494 3 2 7 102 2738 2814 2815 2739
1495 3 2 7 102 2739 2815 2816 2740
1496 3 2 7 102 2740 2816 2817 2741
1497 3 2 7 102 2741 2817 2818 2742
1498 3 2 7 102 2742 2818 2819 2743
1499 3 2 7 102 2743 2819 2820 2744
1500 3 2 7 102 2744 2820 2821 2745
1501 3 2 7 102 2745 2821 2822 2746
1502 3 2 7 102 2746 2822 2823 2747
1503 3 2 7 102 2747 2823 2824 2748
1504 3 2 7 102 2748 2824 2825 2749
1505 3 2 7 102 2749 2825 2826 2750
1506 3 2 7 102 2750 2826 2827 2751
1507 3 2 7 102 2751 2827 2828 2752
1508 3 2 7 102 2752 2828 2829 2753
1509 3 2 7 102 2753 2829 2830 2754
1510 3 2 7 102 2754 2830 2831 2755
1511 3 2 7 102 2755 2831 2832 2756
1512 3 2 7 102 2756 2832 2833 2757
1513 3 2 7 102 2757 2833 2834 2758
1514 3 2 7 102 2758 2834 2835 2759
1515 3 2 7 102 2759 2835 2836 2760
1516 3 2 7 102 2760 2836 2837 2761
1517 3 2 7 102 2761 2837 2838 2762
1518 3 2 7 102 2762 2838 2839 2763
1519 3 2 7 102 2763 2839 2840 2764
1520 3 2 7 102 2764 2840 2841 2765
1521 3 2 7 102 2765 2841 2842 2766
1522 3 2 7 102 2766 2842 2843 2767
1523 3 2 7 102 2767 2843 2844 2768
1524 3 2 7 102 2768 2844 2845 2769
1525 3 2 7 102 2769 2845 2846 2770
1526 3 2 7 102 2770 2846 2847 2771
1527 3 2 7 102 2771 2847 2848 2772
1528 3 2 7 102 2772 2848 2849 2773
1529 3 2 7 102 2773 2849 2850 2774
1530 3 2 7 102 2774 2850 2851 2775
1531 3 2 7 102 2775 2851 2852 2776
1532 3 2 7 102 2776 2852 2853 2777
1533 3 2 7 102 2777 2853 2854 2778
1534 3 2 7 102 2778 2854 2855 2779
1535 3 2 7 102 2779 2855 2856 2780
1536 3 2 7 102 2780 2856 2857 2781
1537 3 2 7 102 2781 2857 2858 2782
1538 3 2 7 102 2782 2858 2859 2783
1539 3 2 7 102 2783 2859 2860 2784
1540 3 2 7 102 2784 2860 187 188
1541 3 2 7 102 300 301 2861 2785
1542 3 2 7 102 2785 2861 2862 2786
1543 3 2 7 102 2786 2862 2863 2787
1544 3 2 7 102 2787 2863 2864 2788
1545 3 2 7 102 2788 2864 2865 2789
1546 3 2 7 102 2789 2865 2866 2790
1547 3 2 7 102 2790 2866 2867 2791
1548 3 2 7 102 2791 2867 2868 2792
1549 3 2 7 102 2792 2868 2869 2793
1550 3 2 7 102 2793 2869 2870 2794
1551 3 2 7 102 2794 2870 2871 2795
1552 3 2 7 102 2795 2871 2872 2796
1553 3 2 7 102 2796 2872 2873 2797
1554 3 2 7 102 2797 2873 2874 2798
1555 3 2 7 102 2798 2874 2875 2799
1556 3 2 7 102 2799 2875 2876 2800
1557 3 2 7 102 2800 2876 2877 2801
1558 3 2 7 102 2801 2877 2878 2802
1559 3 2 7 102 2802 2878 2879 2803
1560 3 2 7 102 2803 2879 2880 2804
1561 3 2 7 102 2804 2880 2881 2805
1562 3 2 7 102 2805 2881 2882 2806
1563 3 2 7 102 2806 2882 2883 2807
1564 3 2 7 102 2807 2883 2884 2808
1565 3 2 7 102 2808 2884 2885 2809
1566 3 2 7 102 2809 2885 2886 2810
1567 3 2 7 102 2810 2886 2887 2811
1568 3 2 7 102 2811 2887 2888 2812
1569 3 2 7 102 2812 2888 2889 2813
1570 3 2 7 102 2813 2889 2890 2814
1571 3 2 7 102 2814 2890 2891 2815
1572 3 2 7 102 2815 2891 2892 2816
1573 3 2 7 102 2816 2892 2893 2817
1574 3 2 7 102 2817 2893 2894 2818
1575 3 2 7 102 2818 2894 2895 2819
1576 3 2 7 102 2819 2895 2896 2820
1577 3 2 7 102 2820 2896 2897 2821
1578 3 2 7 102 2821 2897 2898 2822
1579 3 2 7 102 2822 2898 2899 2823
1580 3 2 7 102 2823 2899 2900 2824
1581 3 2 7 102 2824 2900 2901 2825
1582 3 2 7 102 2825 2901 2902 2826
1583 3 2 7 102 2826 2902 2903 2827
1584 3 2 7 102 2827 2903 2904 2828
1585 3 2 7 102 2828 2904 2905 2829
1586 3 2 7 102 2829 2905 2906 2830
1587 3 2 7 102 2830 2906 2907 2831
1588 3 2 7 102 2831 2907 2908 2832
1589 3 2 7 102 2832 2908 2909 2833
1590 3 2 7 102 2833 2909 2910 2834
1591 3 2 7 102 2834 2910 2911 2835
1592 3 2 7 102 2835 2911 2912 2836
1593 3 2 7 102 2836 2912 2913 2837
1594 3 2 7 102 2837 2913 2914 2838
1595 3 2 7 102 2838 2914 2915 2839
1596 3 2 7 102 2839 2915 2916 2840
1597 3 2 7 102 2840 2916 2917 2841
1598 3 2 7 102 2841 2917 2918 2842
1599 3 2 7 102 2842 2918 2919 2843
1600 3 2 7 102 2843 2919 2920 2844
1601 3 2 7 102 2844 2920 2921 2845
1602 3 2 7 102 2845 2921 2922 2846
1603 3 2 7 102 2846 2922 2923 2847
1604 3 2 7 102 2847 2923 2924 2848
1605 3 2 7 102 2848 2924 2925 2849
1606 3 2 7 102 2849 2925 2926 2850
1607 3 2 7 102 2850 2926 2927 2851
1608 3 2 7 102 2851 2927 2928 2852
1609 3 2 7 102 2852 2928 2929 2853
1610 3 2 7 102 2853 2929 2930 2854
1611 3 2 7 102 2854 2930 2931 2855
1612 3 2 7 102 2855 2931 2932 2856
1613 3 2 7 102 2856 2932 2933 2857
1614 3 2 7 102 2857 2933 2934 2858
1615 3 2 7 102 2858 2934 2935 2859
1616 3 2 7 102 2859 2935 2936 2860
1617 3 2 7 102 2860 2936 186 187
1618 3 2 7 102 301 302 2937 2861
1619 3 2 7 102 2861 2937 2938 2862
1620 3 2 7 102 2862 2938 2939 2863
1621 3 2 7 102 2863 2939 2940 2864
1622 3 2 7 102 2864 2940 2941 2865
1623 3 2 7 102 2865 2941 2942 2866
1624 3 2 7 102 2866 2942 2943 2867
1625 3 2 7 102 2867 2943 2944 2868
1626 3 2 7 102 2868 2944 2945 2869
1627 3 2 7 102 2869 2945 2946 2870
1628 3 2 7 102 2870 2946 2947 2871
1629 3 2 7 102 2871 2947 2948 2872
1630 3 2 7 102 2872 2948 2949 2873
1631 3 2 7 102 2873 2949 2950 2874
1632 3 2 7 102 2874 2950 2951 2875
1633 3 2 7 102 2875 2951 2952 2876
1634 3 2 7 102 2876 2952 2953 2877
1635 3 2 7 102 2877 2953 2954 2878
1636 3 2 7 102 2878 2954 2955 2879
1637 3 2 7 102 2879 2955 2956 2880
1638 3 2 7 102 2880 2956 2957 2881
1639 3 2 7 102 2881 2957 2958 2882
1640 3 2 7 102 2882 2958 2959 2883
1641 3 2 7 102 2883 2959 2960 2884
1642 3 2 7 102 2884 2960 2961 2885
1643 3 2 7 102 2885 2961 2962 2886
1644 3 2 7 102 2886 2962 2963 2887
1645 3 2 7 102 2887 2963 2964 2888
1646 3 2 7 102 2888 2964 2965 2889
1647 3 2 7 102 2889 2965 2966 2890
1648 3 2 7 102 2890 2966 2967 2891
1649 3 2 7 102 2891 2967 2968 2892
1650 3 2 7 102 2892 2968 2969 2893
1651 3 2 7 102 2893 2969 2970 2894
1652 3 2 7 102 2894 2970 2971 2895
1653 3 2 7 102 2895 2971 2972 2896
1654 3 2 7 102 2896 2972 2973 2897
1655 3 2 7 102 2897 2973 2974 2898
1656 3 2 7 102 2898 2974 2975 2899
1657 3 2 7 102 2899 2975 2976 2900
1658 3 2 7 102 2900 2976 2977 2901
1659 3 2 7 102 2901 2977 2978 2902
1660 3 2 7 102 2902 2978 2979 2903
1661 3 2 7 102 2903 2979 2980 2904
1662 3 2 7 102 2904 2980 2981 2905
1663 3 2 7 102 2905 2981 2982 2906
1664 3 2 7 102 2906 2982 2983 2907
1665 3 2 7 102 2907 2983 2984 2908
1666 3 2 7 102 2908 2984 2985 2909
1667 3 2 7 102 2909 2985 2986 2910
1668 3 2 7 102 2910 2986 2987 2911
1669 3 2 7 102 2911 2987 2988 2912
1670 3 2 7 102 2912 2988 2989 2913
1671 3 2 7 102 2913 2989 2990 2914
1672 3 2 7 102 2914 2990 2991 2915
1673 3 2 7 102 2915 2991 2992 2916
1674 3 2 7 102 2916 2992 2993 2917
1675 3 2 7 102 2917 2993 2994 2918
1676 3 2 7 102 2918 2994 2995 2919
1677 3 2 7 102 2919 2995 2996 2920
1678 3 2 7 102 2920 2996 2997 2921
1679 3 2 7 102 2921 2997 2998 2922
1680 3 2 7 102 2922 2998 2999 2923
1681 3 2 7 102 2923 2999 3000 2924
1682 3 2 7 102 2924 3000 3001 2925
1683 3 2 7 102 2925 3001 3002 2926
1684 3 2 7 102 2926 3002 3003 2927
1685 3 2 7 102 2927 3003 3004 2928
1686 3 2 7 102 2928 3004 3005 2929
1687 3 2 7 102 2929 3005 3006 2930
1688 3 2 7 102 2930 3006 3007 2931
1689 3 2 7 102 2931 3007 3008 2932
1690 3 2 7 102 2932 3008 3009 2933
1691 3 2 7 102 2933 3009 3010 2934
1692 3 2 7 102 2934 3010 3011 2935
1693 3 2 7 102 2935 3011 3012 2936
1694 3 2 7 102 2936 3012 185 186
1695 3 2 7 102 302 4 184 2937
1696 3 2 7 102 2937 184 183 2938
1697 3 2 7 102 2938 183 182 2939
1698 3 2 7 102 2939 182 181 2940
1699 3 2 7 102 2940 181 180 2941
1700 3 2 7 102 2941 180 179 2942
1701 3 2 7 102 2942 179 178 2943
1702 3 2 7 102 2943 178 177 2944
1703 3 2 7 102 2944 177 176 2945
1704 3 2 7 102 2945 176 175 2946
1705 3 2 7 102 2946 175 174 2947
1706 3 2 7 102 2947 174 173 2948
1707 3 2 7 102 2948 173 172 2949
1708 3 2 7 102 2949 172 171 2950
1709 3 2 7 102 2950 171 170 2951
1710 3 2 7 102 2951 170 169 2952
1711 3 2 7 102 2952 169 168 2953
1712 3 2 7 102 2953 168 167 2954
1713 3 2 7 102 2954 167 166 2955
1714 3 2 7 102 2955 166 165 2956
1715 3 2 7 102 2956 165 164 2957
1716 3 2 7 102 2957 164 163 2958
1717 3 2 7 102 2958 163 162 2959
1718 3 2 7 102 2959 162 161 2960
1719 3 2 7 102 2960 161 160 2961
1720 3 2 7 102 2961 160 159 2962
1721 3 2 7 102 2962 159 158 2963
1722 3 2 7 102 2963 158 157 2964
1723 3 2 7 102 2964 157 156 2965
1724 3 2 7 102 2965 156 155 2966
1725 3 2 7 102 2966 155 154 2967
1726 3 2 7 102 2967 154 153 2968
1727 3 2 7 102 2968 153 152 2969
1728 3 2 7 102 2969 152 151 2970
1729 3 2 7 102 2970 151 150 2971
1730 3 2 7 102 2971 150 149 2972
1731 3 2 7 102 2972 149 148 2973
1732 3 2 7 102 2973 148 147 2974
1733 3 2 7 102 2974 147 146 2975
1734 3 2 7 102 2975 146 145 2976
1735 3 2 7 102 2976 145 144 2977
1736 3 2 7 102 2977 144 143 2978
1737 3 2 7 102 2978 143 142 2979
1738 3 2 7 102 2979 142 141 2980
1739 3 2 7 102 2980 141 140 2981
1740 3 2 7 102 2981 140 139 2982
1741 3 2 7 102 2982 139 138 2983
1742 3 2 7 102 2983 138 137 2984
1743 3 2 7 102 2984 137 136 2985
1744 3 2 7 102 2985 136 135 2986
1745 3 2 7 102 2986 135 134 2987
1746 3 2 7 102 2987 134 133 2988
1747 3 2 7 102 2988 133 132 2989
1748 3 2 7 102 2989 132 131 2990
1749 3 2 7 102 2990 131 130 2991
1750 3 2 7 102 2991 130 129 2992
1751 3 2 7 102 2992 129 128 2993
1752 3 2 7 102 2993 128 127 2994
1753 3 2 7 102 2994 127 126 2995
1754 3 2 7 102 2995 126 125 2996
1755 3 2 7 102 2996 125 124 2997
1756 3 2 7 102 2997 124 123 2998
1757 3 2 7 102 2998 123 122 2999
1758 3 2 7 102 2999 122 121 3000
1759 3 2 7 102 3000 121 120 3001
1760 3 2 7 102 3001 120 119 3002
1761 3 2 7 102 3002 119 118 3003
1762 3 2 7 102 3003 118 117 3004
1763 3 2 7 102 3004 117 116 3005
1764 3 2 7 102 3005 116 115 3006
1765 3 2 7 102 3006 115 114 3007
1766 3 2 7 102 3007 114 113 3008
1767 3 2 7 102 3008 113 112 3009
1768 3 2 7 102 3009 112 111 3010
1769 3 2 7 102 3010 111 110 3011
1770 3 2 7 102 3011 110 109 3012
1771 3 2 7 102 3012 109 3 185
1772 3 2 7 103 8 5 281 378
1773 3 2 7 103 378 281 280 377
1774 3 2 7 103 377 280 279 376
1775 3 2 7 103 376 279 278 375
1776 3 2 7 103 375 278 277 374
1777 3 2 7 103 374 277 276 373
1778 3 2 7 103 373 276 275 372
1779 3 2 7 103 372 275 274 371
1780 3 2 7 103 371 274 273 370
1781 3 2 7 103 370 273 272 369
1782 3 2 7 103 369 272 271 368
1783 3 2 7 103 368 271 270 367
1784 3 2 7 103 367 270 269 366
1785 3 2 7 103 366 269 268 365
1786 3 2 7 103 365 268 267 364
1787 3 2 7 103 364 267 266 363
1788 3 2 7 103 363 266 265 362
1789 3 2 7 103 362 265 264 361
1790 3 2 7 103 361 264 263 360
1791 3 2 7 103 360 263 262 359
1792 3 2 7 103 359 262 261 358
1793 3 2 7 103 358 261 260 357
1794 3 2 7 103 357 260 259 356
1795 3 2 7 103 356 259 258 355
1796 3 2 7 103 355 258 257 354
1797 3 2 7 103 354 257 256 353
1798 3 2 7 103 353 256 255 352
1799 3 2 7 103 352 255 254 351
1800 3 2 7 103 351 254 253 350
1801 3 2 7 103 350 253 252 349
1802 3 2 7 103 349 252 251 348
1803 3 2 7 103 348 251 250 347
1804 3 2 7 103 347 250 249 346
1805 3 2 7 103 346 249 248 345
1806 3 2 7 103 345 248 247 344
1807 3 2 7 103 344 247 246 343
1808 3 2 7 103 343 246 245 342
1809 3 2 7 103 342 245 244 341
1810 3 2 7 103 341 244 243 340
1811 3 2 7 103 340 243 242 339
1812 3 2 7 103 339 242 241 338
1813 3 2 7 103 338 241 240 337
1814 3 2 7 103 337 240 239 336
1815 3 2 7 103 336 239 238 335
1816 3 2 7 103 335 238 237 334
1817 3 2 7 103 334 237 236 333
1818 3 2 7 103 333 236 235 332
1819 3 2 7 103 332 235 234 331
1820 3 2 7 103 331 234 233 330
1821 3 2 7 103 330 233 232 329
1822 3 2 7 103 329 232 231 328
1823 3 2 7 103 328 231 230 327
1824 3 2 7 103 327 230 229 326
1825 3 2 7 103 326 229 228 325
1826 3 2 7 103 325 228 227 324
1827 3 2 7 103 324 227 226 323
1828 3 2 7 103 323 226 225 322
1829 3 2 7 103 322 225 224 321
1830 3 2 7 103 321 224 223 320
1831 3 2 7 103 320 223 222 319
1832 3 2 7 103 319 222 221 318
1833 3 2 7 103 318 221 220 317
1834 3 2 7 103 317 220 219 316
1835 3 2 7 103 316 219 218 315
1836 3 2 7 103 315 218 217 314
1837 3 2 7 103 314 217 216 313
1838 3 2 7 103 313 216 215 312
1839 3 2 7 103 312 215 214 311
1840 3 2 7 103 311 214 213 310
1841 3 2 7 103 310 213 212 309
1842 3 2 7 103 309 212 211 308
1843 3 2 7 103 308 211 210 307
1844 3 2 7 103 307 210 209 306
1845 3 2 7 103 306 209 208 305
1846 3 2 7 103 305 208 207 304
1847 3 2 7 103 304 207 206 303
1848 3 2 7 103 303 206 6 7
1849 3 2 5 104 1 33 379 9
1850 3 2 5 104 33 34 380 379
1851 3 2 5 104 34 35 381 380
1852 3 2 5 104 35 36 382 381
1853 3 2 5 104 36 37 383 382
1854 3 2 5 104 37 38 384 383
1855 3 2 5 104 38 39 385 384
1856 3 2 5 104 39 40 386 385
1857 3 2 5 104 40 41 387 386
1858 3 2 5 104 41 42 388 387
1859 3 2 5 104 42 43 389 388
1860 3 2 5 104 43 44 390 389
1861 3 2 5 104 44 45 391 390
1862 3 2 5 104 45 46 392 391
1863 3 2 5 104 46 47 393 392
1864 3 2 5 104 47 48 394 393
1865 3 2 5 104 48 49 395 394
1866 3 2 5 104 49 50 396 395
1867 3 2 5 104 50 51 397 396
1868 3 2 5 104 51 52 398 397
1869 3 2 5 104 52 53 399 398
1870 3 2 5 104 53 54 400 399
1871 3 2 5 104 54 55 401 400
1872 3 2 5 104 55 56 402 401
1873 3 2 5 104 56 57 403 402
1874 3 2 5 104 57 58 404 403
1875 3 2 5 104 58 59 405 404
1876 3 2 5 104 59 60 406 405
1877 3 2 5 104 60 61 407 406
1878 3 2 5 104 61 62 408 407
1879 3 2 5 104 62 63 409 408
1880 3 2 5 104 63 64 410 409
1881 3 2 5 104 64 65 411 410
1882 3 2 5 104 65 66 412 411
1883 3 2 5 104 66 67 413 412
1884 3 2 5 104 67 68 414 413
1885 3 2 5 104 68 69 415 414
1886 3 2 5 104 69 70 416 415
1887 3 2 5 104 70 71 417 416
1888 3 2 5 104 71 72 418 417
1889 3 2 5 104 72 73 419 418
1890 3 2 5 104 73 74 420 419
1891 3 2 5 104 74 75 421 420
1892 3 2 5 104 75 76 422 421
1893 3 2 5 104 76 77 423 422
1894 3 2 5 104 77 78 424 423
1895 3 2 5 104 78 79 425 424
1896 3 2 5 104 79 80 426 425
1897 3 2 5 104 80 81 427 426
1898 3 2 5 104 81 82 428 427
1899 3 2 5 104 82 83 429 428
1900 3 2 5 104 83 84 430 429
1901 3 2 5 104 84 85 431 430
1902 3 2 5 104 85 86 432 431
1903 3 2 5 104 86 87 433 432
1904 3 2 5 104 87 88 434 433
1905 3 2 5 104 88 89 435 434
1906 3 2 5 104 89 90 436 435
1907 3 2 5 104 90 91 437 436
1908 3 2 5 104 91 92 438 437
1909 3 2 5 104 92 93 439 438
1910 3 2 5 104 93 94 440 439
1911 3 2 5 104 94 95 441 440
1912 3 2 5 104 95 96 442 441
1913 3 2 5 104 96 97 443 442
1914 3 2 5 104 97 98 444 443
1915 3 2 5 104 98 99 445 444
1916 3 2 5 104 99 100 446 445
1917 3 2 5 104 100 101 447 446
1918 3 2 5 104 101 102 448 447
1919 3 2 5 104 102 103 449 448
1920 3 2 5 104 103 104 450 449
1921 3 2 5 104 104 105 451 450
1922 3 2 5 104 105 106 452 451
1923 3 2 5 104 106 107 453 452
1924 3 2 5 104 107 108 454 453
1925 3 2 5 104 108 2 10 454
1926 3 2 4 105 2 3 11 10
1927 3 2 3 107 4 1 9 12
1928 3 2 3 109 5 282 531 13
1929 3 2 3 109 282 283 532 531
1930 3 2 3 109 283 284 533 532
1931 3 2 3 109 284 285 534 533
1932 3 2 3 109 285 286 535 534
1933 3 2 3 109 286 287 536 535
1934 3 2 3 109 287 288 537 536
1935 3 2 3 109 288 289 538 537
1936 3 2 3 109 289 290 539 538
1937 3 2 3 109 290 291 540 539
1938 3 2 3 109 291 292 541 540
1939 3 2 3 109 292 293 542 541
1940 3 2 3 109 293 294 543 542
1941 3 2 3 109 294 295 544 543
1942 3 2 3 109 295 296 545 544
1943 3 2 3 109 296 297 546 545
1944 3 2 3 109 297 298 547 546
1945 3 2 3 109 298 299 548 547
1946 3 2 3 109 299 300 549 548
1947 3 2 3 109 300 301 550 549
1948 3 2 3 109 301 302 551 550
1949 3 2 3 109 302 4 12 551
1950 3 2 4 110 3 185 552 11
1951 3 2 4 110 185 186 553 552
1952 3 2 4 110 186 187 554 553
1953 3 2 4 110 187 188 555 554
1954 3 2 4 110 188 189 556 555
1955 3 2 4 110 189 190 557 556
1956 3 2 4 110 190 191 558 557
1957 3 2 4 110 191 192 559 558
1958 3 2 4 110 192 193 560 559
1959 3 2 4 110 193 194 561 560
1960 3 2 4 110 194 195 562 561
1961 3 2 4 110 195 196 563 562
1962 3 2 4 110 196 197 564 563
1963 3 2 4 110 197 198 565 564
1964 3 2 4 110 198 199 566 565
1965 3 2 4 110 199 200 567 566
1966 3 2 4 110 200 201 568 567
1967 3 2 4 110 201 202 569 568
1968 3 2 4 110 202 203 570 569
1969 3 2 4 110 203 204 571 570
1970 3 2 4 110 204 205 572 571
1971 3 2 4 110 205 6 14 572
1972 3 2 3 113 8 5 13 15
1973 3 2 4 114 6 7 16 14
1974 3 2 6 115 7 303 649 16
1975 3 2 6 115 303 304 650 649
1976 3 2 6 115 304 305 651 650
1977 3 2 6 115 305 306 652 651
1978 3 2 6 115 306 307 653 652
1979 3 2 6 115 307 308 654 653
1980 3 2 6 115 308 309 655 654
1981 3 2 6 115 309 310 656 655
1982 3 2 6 115 310 311 657 656
1983 3 2 6 115 311 312 658 657
1984 3 2 6 115 312 313 659 658
1985 3 2 6 115 313 314 660 659
1986 3 2 6 115 314 315 661 660
1987 3 2 6 115 315 316 662 661
1988 3 2 6 115 316 317 663 662
1989 3 2 6 115 317 318 664 663
1990 3 2 6 115 318 319 665 664
1991 3 2 6 115 319 320 666 665
1992 3 2 6 115 320 321 667 666
1993 3 2 6 115 321 322 668 667
1994 3 2 6 115 322 323 669 668
1995 3 2 6 115 323 324 670 669
1996 3 2 6 115 324 325 671 670
1997 3 2 6 115 325 326 672 671
1998 3 2 6 115 326 327 673 672
1999 3 2 6 115 327 328 674 673
2000 3 2 6 115 328 329 675 674
2001 3 2 6 115 329 330 676 675
2002 3 2 6 115 330 331 677 676
2003 3 2 6 115 331 332 678 677
2004 3 2 6 115 332 333 679 678
2005 3 2 6 115 333 334 680 679
2006 3 2 6 115 334 335 681 680
2007 3 2 6 115 335 336 682 681
2008 3 2 6 115 336 337 683 682
2009 3 2 6 115 337 338 684 683
2010 3 2 6 115 338 339 685 684
2011 3 2 6 115 339 340 686 685
2012 3 2 6 115 340 341 687 686
2013 3 2 6 115 341 342 688 687
2014 3 2 6 115 342 343 689 688
2015 3 2 6 115 343 344 690 689
2016 3 2 6 115 344 345 691 690
2017 3 2 6 115 345 346 692 691
2018 3 2 6 115 346 347 693 692
2019 3 2 6 115 347 348 694 693
2020 3 2 6 115 348 349 695 694
2021 3 2 6 115 349 350 696 695
2022 3 2 6 115 350 351 697 696
2023 3 2 6 115 351 352 698 697
2024 3 2 6 115 352 353 699 698
2025 3 2 6 115 353 354 700 699
2026 3 2 6 115 354 355 701 700
2027 3 2 6 115 355 356 702 701
2028 3 2 6 115 356 357 703 702
2029 3 2 6 115 357 358 704 703
2030 3 2 6 115 358 359 705 704
2031 3 2 6 115 359 360 706 705
2032 3 2 6 115 360 361 707 706
2033 3 2 6 115 361 362 708 707
2034 3 2 6 115 362 363 709 708
2035 3 2 6 115 363 364 710 709
2036 3 2 6 115 364 365 711 710
2037 3 2 6 115 365 366 712 711
2038 3 2 6 115 366 367 713 712
2039 3 2 6 115 367 368 714 713
2040 3 2 6 115 368 369 715 714
2041 3 2 6 115 369 370 716 715
2042 3 2 6 115 370 371 717 716
2043 3 2 6 115 371 372 718 717
2044 3 2 6 115 372 373 719 718
2045 3 2 6 115 373 374 720 719
2046 3 2 6 115 374 375 721 720
2047 3 2 6 115 375 376 722 721
2048 3 2 6 115 376 377 723 722
2049 3 2 6 115 377 378 724 723
2050 3 2 6 115 378 8 15 724
2051 3 2 5 117 9 379 725 17
2052 3 2 5 117 379 380 726 725
2053 3 2 5 117 380 381 727 726
2054 3 2 5 117 381 382 728 727
2055 3 2 5 117 382 383 729 728
2056 3 2 5 117 383 384 730 729
2057 3 2 5 117 384 385 731 730
2058 3 2 5 117 385 386 732 731
2059 3 2 5 117 386 387 733 732
2060 3 2 5 117 387 388 734 733
2061 3 2 5 117 388 389 735 734
2062 3 2 5 117 389 390 736 735
2063 3 2 5 117 390 391 737 736
2064 3 2 5 117 391 392 738 737
2065 3 2 5 117 392 393 739 738
2066 3 2 5 117 393 394 740 739
2067 3 2 5 117 394 395 741 740
2068 3 2 5 117 395 396 742 741
2069 3 2 5 117 396 397 743 742
2070 3 2 5 117 397 398 744 743
2071 3 2 5 117 398 399 745 744
2072 3 2 5 117 399 400 746 745
2073 3 2 5 117 400 401 747 746
2074 3 2 5 117 401 402 748 747
2075 3 2 5 117 402 403 749 748
2076 3 2 5 117 403 404 750 749
2077 3 2 5 117 404 405 751 750
2078 3 2 5 117 405 406 752 751
2079 3 2 5 117 406 407 753 752
2080 3 2 5 117 407 408 754 753
2081 3 2 5 117 408 409 755 754
2082 3 2 5 117 409 410 756 755
2083 3 2 5 117 410 411 757 756
2084 3 2 5 117 411 412 758 757
2085 3 2 5 117 412 413 759 758
2086 3 2 5 117 413 414 760 759
2087 3 2 5 117 414 415 761 760
2088 3 2 5 117 415 416 762 761
2089 3 2 5 117 416 417 763 762
2090 3 2 5 117 417 418 764 763
2091 3 2 5 117 418 419 765 764
2092 3 2 5 117 419 420 766 765
2093 3 2 5 117 420 421 767 766
2094 3 2 5 117 421 422 768 767
2095 3 2 5 117 422 423 769 768
2096 3 2 5 117 423 424 770 769
2097 3 2 5 117 424 425 771 770
2098 3 2 5 117 425 426 772 771
2099 3 2 5 117 426 427 773 772
2100 3 2 5 117 427 428 774 773
2101 3 2 5 117 428 429 775 774
2102 3 2 5 117 429 430 776 775
2103 3 2 5 117 430 431 777 776
2104 3 2 5 117 431 432 778 777
2105 3 2 5 117 432 433 779 778
2106 3 2 5 117 433 434 780 779
2107 3 2 5 117 434 435 781 780
2108 3 2 5 117 435 436 782 781
2109 3 2 5 117 436 437 783 782
2110 3 2 5 117 437 438 784 783
2111 3 2 5 117 438 439 785 784
2112 3 2 5 117 439 440 786 785
2113 3 2 5 117 440 441 787 786
2114 3 2 5 117 441 442 788 787
2115 3 2 5 117 442 443 789 788
2116 3 2 5 117 443 444 790 789
2117 3 2 5 117 444 445 791 790
2118 3 2 5 117 445 446 792 791
2119 3 2 5 117 446 447 793 792
2120 3 2 5 117 447 448 794 793
2121 3 2 5 117 448 449 795 794
2122 3 2 5 117 449 450 796 795
2123 3 2 5 117 450 451 797 796
2124 3 2 5 117 451 452 798 797
2125 3 2 5 117 452 453 799 798
2126 3 2 5 117 453 454 800 799
2127 3 2 5 117 454 10 18 800
2128 3 2 4 118 10 11 19 18
2129 3 2 3 120 12 9 17 20
2130 3 2 3 122 13 531 877 21
2131 3 2 9 122 13 531 877 21
2132 3 2 3 122 531 532 878 877
2133 3 2 9 122 531 532 878 877
2134 3 2 3 122 532 533 879 878
2135 3 2 9 122 532 533 879 878
2136 3 2 3 122 533 534 880 879
2137 3 2 9 122 533 534 880 879
2138 3 2 3 122 534 535 881 880
2139 3 2 9 122 534 535 881 880
2140 3 2 3 122 535 536 882 881
2141 3 2 9 122 535 536 882 881
2142 3 2 3 122 536 537 883 882
2143 3 2 9 122 536 537 883 882
2144 3 2 3 122 537 538 884 883
2145 3 2 9 122 537 538 884 883
2146 3 2 3 122 538 539 885 884
2147 3 2 9 122 538 539 885 884
2148 3 2 3 122 539 540 886 885
2149 3 2 9 122 539 540 886 885
2150 3 2 3 122 540 541 887 886
2151 3 2 9 122 540 541 887 886
2152 3 2 3 122 541 542 888 887
2153 3 2 9 122 541 542 888 887
2154 3 2 3 122 542 543 889 888
2155 3 2 9 122 542 543 889 888
2156 3 2 3 122 543 544 890 889
2157 3 2 9 122 543 544 890 889
2158 3 2 3 122 544 545 891 890
2159 3 2 9 122 544 545 891 890
2160 3 2 3 122 545 546 892 891
2161 3 2 9 122 545 546 892 891
2162 3 2 3 122 546 547 893 892
2163 3 2 9 122 546 547 893 892
2164 3 2 3 122 547 548 894 893
2165 3 2 9 122 547 548 894 893
2166 3 2 3 122 548 549 895 894
2167 3 2 9 122 548 549 895 894
2168 3 2 3 122 549 550 896 895
2169 3 2 9 122 549 550 896 895
2170 3 2 3 122 550 551 897 896
2171 3 2 9 122 550 551 897 896
2172 3 2 3 122 551 12 20 897
2173 3 2 9 122 551 12 20 897
2174 3 2 4 123 11 552 898 19
2175 3 2 4 123 552 553 899 898
2176 3 2 4 123 553 554 900 899
2177 3 2 4 123 554 555 901 900
2178 3 2 4 123 555 556 902 901
2179 3 2 4 123 556 557 903 902
2180 3 2 4 123 557 558 904 903
2181 3 2 4 123 558 559 905 904
2182 3 2 4 123 559 560 906 905
2183 3 2 4 123 560 561 907 906
2184 3 2 4 123 561 562 908 907
2185 3 2 4 123 562 563 909 908
2186 3 2 4 123 563 564 910 909
2187 3 2 4 123 564 565 911 910
2188 3 2 4 123 565 566 912 911
2189 3 2 4 123 566 567 913 912
2190 3 2 4 123 567 568 914 913
2191 3 2 4 123 568 569 915 914
2192 3 2 4 123 569 570 916 915
2193 3 2 4 123 570 571 917 916
2194 3 2 4 123 571 572 918 917
2195 3 2 4 123 572 14 22 918
2196 3 2 3 126 15 13 21 23
2197 3 2 4 127 14 16 24 22
2198 3 2 6 128 16 649 995 24
2199 3 2 6 128 649 650 996 995
2200 3 2 6 128 650 651 997 996
2201 3 2 6 128 651 652 998 997
2202 3 2 6 128 652 653 999 998
2203 3 2 6 128 653 654 1000 999
2204 3 2 6 128 654 655 1001 1000
2205 3 2 6 128 655 656 1002 1001
2206 3 2 6 128 656 657 1003 1002
2207 3 2 6 128 657 658 1004 1003
2208 3 2 6 128 658 659 1005 1004
2209 3 2 6 128 659 660 1006 1005
2210 3 2 6 128 660 661 1007 1006
2211 3 2 6 128 661 662 1008 1007
2212 3 2 6 128 662 663 1009 1008
2213 3 2 6 128 663 664 1010 1009
2214 3 2 6 128 664 665 1011 1010
2215 3 2 6 128 665 666 1012 1011
2216 3 2 6 128 666 667 1013 1012
2217 3 2 6 128 667 668 1014 1013
2218 3 2 6 128 668 669 1015 1014
2219 3 2 6 128 669 670 1016 1015
2220 3 2 6 128 670 671 1017 1016
2221 3 2 6 128 671 672 1018 1017
2222 3 2 6 128 672 673 1019 1018
2223 3 2 6 128 673 674 1020 1019
2224 3 2 6 128 674 675 1021 1020
2225 3 2 6 128 675 676 1022 1021
2226 3 2 6 128 676 677 1023 1022
2227 3 2 6 128 677 678 1024 1023
2228 3 2 6 128 678 679 1025 1024
2229 3 2 6 128 679 680 1026 1025
2230 3 2 6 128 680 681 1027 1026
2231 3 2 6 128 681 682 1028 1027
2232 3 2 6 128 682 683 1029 1028
2233 3 2 6 128 683 684 1030 1029
2234 3 2 6 128 684 685 1031 1030
2235 3 2 6 128 685 686 1032 1031
2236 3 2 6 128 686 687 1033 1032
2237 3 2 6 128 687 688 1034 1033
2238 3 2 6 128 688 689 1035 1034
2239 3 2 6 128 689 690 1036 1035
2240 3 2 6 128 690 691 1037 1036
2241 3 2 6 128 691 692 1038 1037
2242 3 2 6 128 692 693 1039 1038
2243 3 2 6 128 693 694 1040 1039
2244 3 2 6 128 694 695 1041 1040
2245 3 2 6 128 695 696 1042 1041
2246 3 2 6 128 696 697 1043 1042
2247 3 2 6 128 697 698 1044 1043
2248 3 2 6 128 698 699 1045 1044
2249 3 2 6 128 699 700 1046 1045
2250 3 2 6 128 700 701 1047 1046
2251 3 2 6 128 701 702 1048 1047
2252 3 2 6 128 702 703 1049 1048
2253 3 2 6 128 703 704 1050 1049
2254 3 2 6 128 704 705 1051 1050
2255 3 2 6 128 705 706 1052 1051
2256 3 2 6 128 706 707 1053 1052
2257 3 2 6 128 707 708 1054 1053
2258 3 2 6 128 708 709 1055 1054
2259 3 2 6 128 709 710 1056 1055
2260 3 2 6 128 710 711 1057 1056
2261 3 2 6 128 711 712 1058 1057
2262 3 2 6 128 712 713 1059 1058
2263 3 2 6 128 713 714 1060 1059
2264 3 2 6 128 714 715 1061 1060
2265 3 2 6 128 715 716 1062 1061
2266 3 2 6 128 716 717 1063 1062
2267 3 2 6 128 717 718 1064 1063
2268 3 2 6 128 718 719 1065 1064
2269 3 2 6 128 719 720 1066 1065
2270 3 2 6 128 720 721 1067 1066
2271 3 2 6 128 721 722 1068 1067
2272 3 2 6 128 722 723 1069 1068
2273 3 2 6 128 723 724 1070 1069
2274 3 2 6 128 724 15 23 1070
2275 3 2 5 130 17 725 1071 25
2276 3 2 5 130 725 726 1072 1071
2277 3 2 5 130 726 727 1073 1072
2278 3 2 5 130 727 728 1074 1073
2279 3 2 5 130 728 729 1075 1074
2280 3 2 5 130 729 730 1076 1075
2281 3 2 5 130 730 731 1077 1076
2282 3 2 5 130 731 732 1078 1077
2283 3 2 5 130 732 733 1079 1078
2284 3 2 5 130 733 734 1080 1079
2285 3 2 5 130 734 735 1081 1080
2286 3 2 5 130 735 736 1082 1081
2287 3 2 5 130 736 737 1083 1082
2288 3 2 5 130 737 738 1084 1083
2289 3 2 5 130 738 739 1085 1084
2290 3 2 5 130 739 740 1086 1085
2291 3 2 5 130 740 741 1087 1086
2292 3 2 5 130 741 742 1088 1087
2293 3 2 5 130 742 743 1089 1088
2294 3 2 5 130 743 744 1090 1089
2295 3 2 5 130 744 745 1091 1090
2296 3 2 5 130 745 746 1092 1091
2297 3 2 5 130 746 747 1093 1092
2298 3 2 5 130 747 748 1094 1093
2299 3 2 5 130 748 749 1095 1094
2300 3 2 5 130 749 750 1096 1095
2301 3 2 5 130 750 751 1097 1096
2302 3 2 5 130 751 752 1098 1097
2303 3 2 5 130 752 753 1099 1098
2304 3 2 5 130 753 754 1100 1099
2305 3 2 5 130 754 755 1101 1100
2306 3 2 5 130 755 756 1102 1101
2307 3 2 5 130 756 757 1103 1102
2308 3 2 5 130 757 758 1104 1103
2309 3 2 5 130 758 759 1105 1104
2310 3 2 5 130 759 760 1106 1105
2311 3 2 5 130 760 761 1107 1106
2312 3 2 5 130 761 762 1108 1107
2313 3 2 5 130 762 763 1109 1108
2314 3 2 5 130 763 764 1110 1109
2315 3 2 5 130 764 765 1111 1110
2316 3 2 5 130 765 766 1112 1111
2317 3 2 5 130 766 767 1113 1112
2318 3 2 5 130 767 768 1114 1113
2319 3 2 5 130 768 769 1115 1114
2320 3 2 5 130 769 770 1116 1115
2321 3 2 5 130 770 771 1117 1116
2322 3 2 5 130 771 772 1118 1117
2323 3 2 5 130 772 773 1119 1118
2324 3 2 5 130 773 774 1120 1119
2325 3 2 5 130 774 775 1121 1120
2326 3 2 5 130 775 776 1122 1121
2327 3 2 5 130 776 777 1123 1122
2328 3 2 5 130 777 778 1124 1123
2329 3 2 5 130 778 779 1125 1124
2330 3 2 5 130 779 780 1126 1125
2331 3 2 5 130 780 781 1127 1126
2332 3 2 5 130 781 782 1128 1127
2333 3 2 5 130 782 783 1129 1128
2334 3 2 5 130 783 784 1130 1129
2335 3 2 5 130 784 785 1131 1130
2336 3 2 5 130 785 786 1132 1131
2337 3 2 5 130 786 787 1133 1132
2338 3 2 5 130 787 788 1134 1133
2339 3 2 5 130 788 789 1135 1134
2340 3 2 5 130 789 790 1136 1135
2341 3 2 5 130 790 791 1137 1136
2342 3 2 5 130 791 792 1138 1137
2343 3 2 5 130 792 793 1139 1138
2344 3 2 5 130 793 794 1140 1139
2345 3 2 5 130 794 795 1141 1140
2346 3 2 5 130 795 796 1142 1141
2347 3 2 5 130 796 797 1143 1142
2348 3 2 5 130 797 798 1144 1143
2349 3 2 5 130 798 799 1145 1144
2350 3 2 5 130 799 800 1146 1145
2351 3 2 5 130 800 18 26 1146
2352 3 2 4 131 18 19 27 26
2353 3 2 3 133 20 17 25 28
2354 3 2 8 134 25 1071 1222 28
2355 3 2 8 134 1071 1072 1221 1222
2356 3 2 8 134 1072 1073 1220 1221
2357 3 2 8 134 1073 1074 1219 1220
2358 3 2 8 134 1074 1075 1218 1219
2359 3 2 8 134 1075 1076 1217 1218
2360 3 2 8 134 1076 1077 1216 1217
2361 3 2 8 134 1077 1078 1215 1216
2362 3 2 8 134 1078 1079 1214 1215
2363 3 2 8 134 1079 1080 1213 1214
2364 3 2 8 134 1080 1081 1212 1213
2365 3 2 8 134 1081 1082 1211 1212
2366 3 2 8 134 1082 1083 1210 1211
2367 3 2 8 134 1083 1084 1209 1210
2368 3 2 8 134 1084 1085 1208 1209
2369 3 2 8 134 1085 1086 1207 1208
2370 3 2 8 134 1086 1087 1206 1207
2371 3 2 8 134 1087 1088 1205 1206
2372 3 2 8 134 1088 1089 1204 1205
2373 3 2 8 134 1089 1090 1203 1204
2374 3 2 8 134 1090 1091 1202 1203
2375 3 2 8 134 1091 1092 1201 1202
2376 3 2 8 134 1092 1093 1200 1201
2377 3 2 8 134 1093 1094 1199 1200
2378 3 2 8 134 1094 1095 1198 1199
2379 3 2 8 134 1095 1096 1197 1198
2380 3 2 8 134 1096 1097 1196 1197
2381 3 2 8 134 1097 1098 1195 1196
2382 3 2 8 134 1098 1099 1194 1195
2383 3 2 8 134 1099 1100 1193 1194
2384 3 2 8 134 1100 1101 1192 1193
2385 3 2 8 134 1101 1102 1191 1192
2386 3 2 8 134 1102 1103 1190 1191
2387 3 2 8 134 1103 1104 1189 1190
2388 3 2 8 134 1104 1105 1188 1189
2389 3 2 8 134 1105 1106 1187 1188
2390 3 2 8 134 1106 1107 1186 1187
2391 3 2 8 134 1107 1108 1185 1186
2392 3 2 8 134 1108 1109 1184 1185
2393 3 2 8 134 1109 1110 1183 1184
2394 3 2 8 134 1110 1111 1182 1183
2395 3 2 8 134 1111 1112 1181 1182
2396 3 2 8 134 1112 1113 1180 1181
2397 3 2 8 134 1113 1114 1179 1180
2398 3 2 8 134 1114 1115 1178 1179
2399 3 2 8 134 1115 1116 1177 1178
2400 3 2 8 134 1116 1117 1176 1177
2401 3 2 8 134 1117 1118 1175 1176
2402 3 2 8 134 1118 1119 1174 1175
2403 3 2 8 134 1119 1120 1173 1174
2404 3 2 8 134 1120 1121 1172 1173
2405 3 2 8 134 1121 1122 1171 1172
2406 3 2 8 134 1122 1123 1170 1171
2407 3 2 8 134 1123 1124 1169 1170
2408 3 2 8 134 1124 1125 1168 1169
2409 3 2 8 134 1125 1126 1167 1168
2410 3 2 8 134 1126 1127 1166 1167
2411 3 2 8 134 1127 1128 1165 1166
2412 3 2 8 134 1128 1129 1164 1165
2413 3 2 8 134 1129 1130 1163 1164
2414 3 2 8 134 1130 1131 1162 1163
2415 3 2 8 134 1131 1132 1161 1162
2416 3 2 8 134 1132 1133 1160 1161
2417 3 2 8 134 1133 1134 1159 1160
2418 3 2 8 134 1134 1135 1158 1159
2419 3 2 8 134 1135 1136 1157 1158
2420 3 2 8 134 1136 1137 1156 1157
2421 3 2 8 134 1137 1138 1155 1156
2422 3 2 8 134 1138 1139 1154 1155
2423 3 2 8 134 1139 1140 1153 1154
2424 3 2 8 134 1140 1141 1152 1153
2425 3 2 8 134 1141 1142 1151 1152
2426 3 2 8 134 1142 1143 1150 1151
2427 3 2 8 134 1143 1144 1149 1150
2428 3 2 8 134 1144 1145 1148 1149
2429 3 2 8 134 1145 1146 1147 1148
2430 3 2 8 134 1146 26 27 1147
2431 3 2 3 135 21 877 1223 29
2432 3 2 3 135 877 878 1224 1223
2433 3 2 3 135 878 879 1225 1224
2434 3 2 3 135 879 880 1226 1225
2435 3 2 3 135 880 881 1227 1226
2436 3 2 3 135 881 882 1228 1227
2437 3 2 3 135 882 883 1229 1228
2438 3 2 3 135 883 884 1230 1229
2439 3 2 3 135 884 885 1231 1230
2440 3 2 3 135 885 886 1232 1231
2441 3 2 3 135 886 887 1233 1232
2442 3 2 3 135 887 888 1234 1233
2443 3 2 3 135 888 889 1235 1234
2444 3 2 3 135 889 890 1236 1235
2445 3 2 3 135 890 891 1237 1236
2446 3 2 3 135 891 892 1238 1237
2447 3 2 3 135 892 893 1239 1238
2448 3 2 3 135 893 894 1240 1239
2449 3 2 3 135 894 895 1241 1240
2450 3 2 3 135 895 896 1242 1241
2451 3 2 3 135 896 897 1243 1242
2452 3 2 3 135 897 20 28 1243
2453 3 2 4 136 19 898 1244 27
2454 3 2 4 136 898 899 1245 1244
2455 3 2 4 136 899 900 1246 1245
2456 3 2 4 136 900 901 1247 1246
2457 3 2 4 136 901 902 1248 1247
2458 3 2 4 136 902 903 1249 1248
2459 3 2 4 136 903 904 1250 1249
2460 3 2 4 136 904 905 1251 1250
2461 3 2 4 136 905 906 1252 1251
2462 3 2 4 136 906 907 1253 1252
2463 3 2 4 136 907 908 1254 1253
2464 3 2 4 136 908 909 1255 1254
2465 3 2 4 136 909 910 1256 1255
2466 3 2 4 136 910 911 1257 1256
2467 3 2 4 136 911 912 1258 1257
2468 3 2 4 136 912 913 1259 1258
2469 3 2 4 136 913 914 1260 1259
2470 3 2 4 136 914 915 1261 1260
2471 3 2 4 136 915 916 1262 1261
2472 3 2 4 136 916 917 1263 1262
2473 3 2 4 136 917 918 1264 1263
2474 3 2 4 136 918 22 30 1264
2475 3 2 8 138 29 1223 6205 1340
2476 3 2 8 138 1340 6205 6206 1339
2477 3 2 8 138 1339 6206 6207 1338
2478 3 2 8 138 1338 6207 6208 1337
2479 3 2 8 138 1337 6208 6209 1336
2480 3 2 8 138 1336 6209 6210 1335
2481 3 2 8 138 1335 6210 6211 1334
2482 3 2 8 138 1334 6211 6212 1333
2483 3 2 8 138 1333 6212 6213 1332
2484 3 2 8 138 1332 6213 6214 1331
2485 3 2 8 138 1331 6214 6215 1330
2486 3 2 8 138 1330 6215 6216 1329
2487 3 2 8 138 1329 6216 6217 1328
2488 3 2 8 138 1328 6217 6218 1327
2489 3 2 8 138 1327 6218 6219 1326
2490 3 2 8 138 1326 6219 6220 1325
2491 3 2 8 138 1325 6220 6221 1324
2492 3 2 8 138 1324 6221 6222 1323
2493 3 2 8 138 1323 6222 6223 1322
2494 3 2 8 138 1322 6223 6224 1321
2495 3 2 8 138 1321 6224 6225 1320
2496 3 2 8 138 1320 6225 6226 1319
2497 3 2 8 138 1319 6226 6227 1318
2498 3 2 8 138 1318 6227 6228 1317
2499 3 2 8 138 1317 6228 6229 1316
2500 3 2 8 138 1316 6229 6230 1315
2501 3 2 8 138 1315 6230 6231 1314
2502 3 2 8 138 1314 6231 6232 1313
2503 3 2 8 138 1313 6232 6233 1312
2504 3 2 8 138 1312 6233 6234 1311
2505 3 2 8 138 1311 6234 6235 1310
2506 3 2 8 138 1310 6235 6236 1309
2507 3 2 8 138 1309 6236 6237 1308
2508 3 2 8 138 1308 6237 6238 1307
2509 3 2 8 138 1307 6238 6239 1306
2510 3 2 8 138 1306 6239 6240 1305
2511 3 2 8 138 1305 6240 6241 1304
2512 3 2 8 138 1304 6241 6242 1303
2513 3 2 8 138 1303 6242 6243 1302
2514 3 2 8 138 1302 6243 6244 1301
2515 3 2 8 138 1301 6244 6245 1300
2516 3 2 8 138 1300 6245 6246 1299
2517 3 2 8 138 1299 6246 6247 1298
2518 3 2 8 138 1298 6247 6248 1297
2519 3 2 8 138 1297 6248 6249 1296
2520 3 2 8 138 1296 6249 6250 1295
2521 3 2 8 138 1295 6250 6251 1294
2522 3 2 8 138 1294 6251 6252 1293
2523 3 2 8 138 1293 6252 6253 1292
2524 3 2 8 138 1292 6253 6254 1291
2525 3 2 8 138 1291 6254 6255 1290
2526 3 2 8 138 1290 6255 6256 1289
2527 3 2 8 138 1289 6256 6257 1288
2528 3 2 8 138 1288 6257 6258 1287
2529 3 2 8 138 1287 6258 6259 1286
2530 3 2 8 138 1286 6259 6260 1285
2531 3 2 8 138 1285 6260 6261 1284
2532 3 2 8 138 1284 6261 6262 1283
2533 3 2 8 138 1283 6262 6263 1282
2534 3 2 8 138 1282 6263 6264 1281
2535 3 2 8 138 1281 6264 6265 1280
2536 3 2 8 138 1280 6265 6266 1279
2537 3 2 8 138 1279 6266 6267 1278
2538 3 2 8 138 1278 6267 6268 1277
2539 3 2 8 138 1277 6268 6269 1276
2540 3 2 8 138 1276 6269 6270 1275
2541 3 2 8 138 1275 6270 6271 1274
2542 3 2 8 138 1274 6271 6272 1273
2543 3 2 8 138 1273 6272 6273 1272
2544 3 2 8 138 1272 6273 6274 1271
2545 3 2 8 138 1271 6274 6275 1270
2546 3 2 8 138 1270 6275 6276 1269
2547 3 2 8 138 1269 6276 6277 1268
2548 3 2 8 138 1268 6277 6278 1267
2549 3 2 8 138 1267 6278 6279 1266
2550 3 2 8 138 1266 6279 6280 1265
2551 3 2 8 138 1265 6280 1264 30
2552 3 2 8 138 1223 1224 6281 6205
2553 3 2 8 138 6205 6281 6282 6206
2554 3 2 8 138 6206 6282 6283 6207
2555 3 2 8 138 6207 6283 6284 6208
2556 3 2 8 138 6208 6284 6285 6209
2557 3 2 8 138 6209 6285 6286 6210
2558 3 2 8 138 6210 6286 6287 6211
2559 3 2 8 138 6211 6287 6288 6212
2560 3 2 8 138 6212 6288 6289 6213
2561 3 2 8 138 6213 6289 6290 6214
2562 3 2 8 138 6214 6290 6291 6215
2563 3 2 8 138 6215 6291 6292 6216
2564 3 2 8 138 6216 6292 6293 6217
2565 3 2 8 138 6217 6293 6294 6218
2566 3 2 8 138 6218 6294 6295 6219
2567 3 2 8 138 6219 6295 6296 6220
2568 3 2 8 138 6220 6296 6297 6221
2569 3 2 8 138 6221 6297 6298 6222
2570 3 2 8 138 6222 6298 6299 6223
2571 3 2 8 138 6223 6299 6300 6224
2572 3 2 8 138 6224 6300 6301 6225
2573 3 2 8 138 6225 6301 6302 6226
2574 3 2 8 138 6226 6302 6303 6227
2575 3 2 8 138 6227 6303 6304 6228
2576 3 2 8 138 6228 6304 6305 6229
2577 3 2 8 138 6229 6305 6306 6230
2578 3 2 8 138 6230 6306 6307 6231
2579 3 2 8 138 6231 6307 6308 6232
2580 3 2 8 138 6232 6308 6309 6233
2581 3 2 8 138 6233 6309 6310 6234
2582 3 2 8 138 6234 6310 6311 6235
2583 3 2 8 138 6235 6311 6312 6236
2584 3 2 8 138 6236 6312 6313 6237
2585 3 2 8 138 6237 6313 6314 6238
2586 3 2 8 138 6238 6314 6315 6239
2587 3 2 8 138 6239 6315 6316 6240
2588 3 2 8 138 6240 6316 6317 6241
2589 3 2 8 138 6241 6317 6318 6242
2590 3 2 8 138 6242 6318 6319 6243
2591 3 2 8 138 6243 6319 6320 6244
2592 3 2 8 138 6244 6320 6321 6245
2593 3 2 8 138 6245 6321 6322 6246
2594 3 2 8 138 6246 6322 6323 6247
2595 3 2 8 138 6247 6323 6324 6248
2596 3 2 8 138 6248 6324 6325 6249
2597 3 2 8 138 6249 6325 6326 6250
2598 3 2 8 138 6250 6326 6327 6251
2599 3 2 8 138 6251 6327 6328 6252
2600 3 2 8 138 6252 6328 6329 6253
2601 3 2 8 138 6253 6329 6330 6254
2602 3 2 8 138 6254 6330 6331 6255
2603 3 2 8 138 6255 6331 6332 6256
2604 3 2 8 138 6256 6332 6333 6257
2605 3 2 8 138 6257 6333 6334 6258
2606 3 2 8 138 6258 6334 6335 6259
2607 3 2 8 138 6259 6335 6336 6260
2608 3 2 8 138 6260 6336 6337 6261
2609 3 2 8 138 6261 6337 6338 6262
2610 3 2 8 138 6262 6338 6339 6263
2611 3 2 8 138 6263 6339 6340 6264
2612 3 2 8 138 6264 6340 6341 6265
2613 3 2 8 138 6265 6341 6342 6266
2614 3 2 8 138 6266 6342 6343 6267
2615 3 2 8 138 6267 6343 6344 6268
2616 3 2 8 138 6268 6344 6345 6269
2617 3 2 8 138 6269 6345 6346 6270
2618 3 2 8 138 6270 6346 6347 6271
2619 3 2 8 138 6271 6347 6348 6272
2620 3 2 8 138 6272 6348 6349 6273
2621 3 2 8 138 6273 6349 6350 6274
2622 3 2 8 138 6274 6350 6351 6275
2623 3 2 8 138 6275 6351 6352 6276
2624 3 2 8 138 6276 6352 6353 6277
2625 3 2 8 138 6277 6353 6354 6278
2626 3 2 8 138 6278 6354 6355 6279
2627 3 2 8 138 6279 6355 6356 6280
2628 3 2 8 138 6280 6356 1263 1264
2629 3 2 8 138 1224 1225 6357 6281
2630 3 2 8 138 6281 6357 6358 6282
2631 3 2 8 138 6282 6358 6359 6283
2632 3 2 8 138 6283 6359 6360 6284
2633 3 2 8 138 6284 6360 6361 6285
2634 3 2 8 138 6285 6361 6362 6286
2635 3 2 8 138 6286 6362 6363 6287
2636 3 2 8 138 6287 6363 6364 6288
2637 3 2 8 138 6288 6364 6365 6289
2638 3 2 8 138 6289 6365 6366 6290
2639 3 2 8 138 6290 6366 6367 6291
2640 3 2 8 138 6291 6367 6368 6292
2641 3 2 8 138 6292 6368 6369 6293
2642 3 2 8 138 6293 6369 6370 6294
2643 3 2 8 138 6294 6370 6371 6295
2644 3 2 8 138 6295 6371 6372 6296
2645 3 2 8 138 6296 6372 6373 6297
2646 3 2 8 138 6297 6373 6374 6298
2647 3 2 8 138 6298 6374 6375 6299
2648 3 2 8 138 6299 6375 6376 6300
2649 3 2 8 138 6300 6376 6377 6301
2650 3 2 8 138 6301 6377 6378 6302
2651 3 2 8 138 6302 6378 6379 6303
2652 3 2 8 138 6303 6379 6380 6304
2653 3 2 8 138 6304 6380 6381 6305
2654 3 2 8 138 6305 6381 6382 6306
2655 3 2 8 138 6306 6382 6383 6307
2656 3 2 8 138 6307 6383 6384 6308
2657 3 2 8 138 6308 6384 6385 6309
2658 3 2 8 138 6309 6385 6386 6310
2659 3 2 8 138 6310 6386 6387 6311
2660 3 2 8 138 6311 6387 6388 6312
2661 3 2 8 138 6312 6388 6389 6313
2662 3 2 8 138 6313 6389 6390 6314
2663 3 2 8 138 6314 6390 6391 6315
2664 3 2 8 138 6315 6391 6392 6316
2665 3 2 8 138 6316 6392 6393 6317
2666 3 2 8 138 6317 6393 6394 6318
2667 3 2 8 138 6318 6394 6395 6319
2668 3 2 8 138 6319 6395 6396 6320
2669 3 2 8 138 6320 6396 6397 6321
2670 3 2 8 138 6321 6397 6398 6322
2671 3 2 8 138 6322 6398 6399 6323
2672 3 2 8 138 6323 6399 6400 6324
2673 3 2 8 138 6324 6400 6401 6325
2674 3 2 8 138 6325 6401 6402 6326
2675 3 2 8 138 6326 6402 6403 6327
2676 3 2 8 138 6327 6403 6404 6328
2677 3 2 8 138 6328 6404 6405 6329
2678 3 2 8 138 6329 6405 6406 6330
2679 3 2 8 138 6330 6406 6407 6331
2680 3 2 8 138 6331 6407 6408 6332
2681 3 2 8 138 6332 6408 6409 6333
2682 3 2 8 138 6333 6409 6410 6334
2683 3 2 8 138 6334 6410 6411 6335
2684 3 2 8 138 6335 6411 6412 6336
2685 3 2 8 138 6336 6412 6413 6337
2686 3 2 8 138 6337 6413 6414 6338
2687 3 2 8 138 6338 6414 6415 6339
2688 3 2 8 138 6339 6415 6416 6340
2689 3 2 8 138 6340 6416 6417 6341
2690 3 2 8 138 6341 6417 6418 6342
2691 3 2 8 138 6342 6418 6419 6343
2692 3 2 8 138 6343 6419 6420 6344
2693 3 2 8 138 6344 6420 6421 6345
2694 3 2 8 138 6345 6421 6422 6346
2695 3 2 8 138 6346 6422 6423 6347
2696 3 2 8 138 6347 6423 6424 6348
2697 3 2 8 138 6348 6424 6425 6349
2698 3 2 8 138 6349 6425 6426 6350
2699 3 2 8 138 6350 6426 6427 6351
2700 3 2 8 138 6351 6427 6428 6352
2701 3 2 8 138 6352 6428 6429 6353
2702 3 2 8 138 6353 6429 6430 6354
2703 3 2 8 138 6354 6430 6431 6355
2704 3 2 8 138 6355 6431 6432 6356
2705 3 2 8 138 6356 6432 1262 1263
2706 3 2 8 138 1225 1226 6433 6357
2707 3 2 8 138 6357 6433 6434 6358
2708 3 2 8 138 6358 6434 6435 6359
2709 3 2 8 138 6359 6435 6436 6360
2710 3 2 8 138 6360 6436 6437 6361
2711 3 2 8 138 6361 6437 6438 6362
2712 3 2 8 138 6362 6438 6439 6363
2713 3 2 8 138 6363 6439 6440 6364
2714 3 2 8 138 6364 6440 6441 6365
2715 3 2 8 138 6365 6441 6442 6366
2716 3 2 8 138 6366 6442 6443 6367
2717 3 2 8 138 6367 6443 6444 6368
2718 3 2 8 138 6368 6444 6445 6369
2719 3 2 8 138 6369 6445 6446 6370
2720 3 2 8 138 6370 6446 6447 6371
2721 3 2 8 138 6371 6447 6448 6372
2722 3 2 8 138 6372 6448 6449 6373
2723 3 2 8 138 6373 6449 6450 6374
2724 3 2 8 138 6374 6450 6451 6375
2725 3 2 8 138 6375 6451 6452 6376
2726 3 2 8 138 6376 6452 6453 6377
2727 3 2 8 138 6377 6453 6454 6378
2728 3 2 8 138 6378 6454 6455 6379
2729 3 2 8 138 6379 6455 6456 6380
2730 3 2 8 138 6380 6456 6457 6381
2731 3 2 8 138 6381 6457 6458 6382
2732 3 2 8 138 6382 6458 6459 6383
2733 3 2 8 138 6383 6459 6460 6384
2734 3 2 8 138 6384 6460 6461 6385
2735 3 2 8 138 6385 6461 6462 6386
2736 3 2 8 138 6386 6462 6463 6387
2737 3 2 8 138 6387 6463 6464 6388
2738 3 2 8 138 6388 6464 6465 6389
2739 3 2 8 138 6389 6465 6466 6390
2740 3 2 8 138 6390 6466 6467 6391
2741 3 2 8 138 6391 6467 6468 6392
2742 3 2 8 138 6392 6468 6469 6393
2743 3 2 8 138 6393 6469 6470 6394
2744 3 2 8 138 6394 6470 6471 6395
2745 3 2 8 138 6395 6471 6472 6396
2746 3 2 8 138 6396 6472 6473 6397
2747 3 2 8 138 6397 6473 6474 6398
2748 3 2 8 138 6398 6474 6475 6399
2749 3 2 8 138 6399 6475 6476 6400
2750 3 2 8 138 6400 6476 6477 6401
2751 3 2 8 138 6401 6477 6478 6402
2752 3 2 8 138 6402 6478 6479 6403
2753 3 2 8 138 6403 6479 6480 6404
2754 3 2 8 138 6404 6480 6481 6405
2755 3 2 8 138 6405 6481 6482 6406
2756 3 2 8 138 6406 6482 6483 6407
2757 3 2 8 138 6407 6483 6484 6408
2758 3 2 8 138 6408 6484 6485 6409
2759 3 2 8 138 6409 6485 6486 6410
2760 3 2 8 138 6410 6486 6487 6411
2761 3 2 8 138 6411 6487 6488 6412
2762 3 2 8 138 6412 6488 6489 6413
2763 3 2 8 138 6413 6489 6490 6414
2764 3 2 8 138 6414 6490 6491 6415
2765 3 2 8 138 6415 6491 6492 6416
2766 3 2 8 138 6416 6492 6493 6417
2767 3 2 8 138 6417 6493 6494 6418
2768 3 2 8 138 6418 6494 6495 6419
2769 3 2 8 138 6419 6495 6496 6420
2770 3 2 8 138 6420 6496 6497 6421
2771 3 2 8 138 6421 6497 6498 6422
2772 3 2 8 138 6422 6498 6499 6423
2773 3 2 8 138 6423 6499 6500 6424
2774 3 2 8 138 6424 6500 6501 6425
2775 3 2 8 138 6425 6501 6502 6426
2776 3 2 8 138 6426 6502 6503 6427
2777 3 2 8 138 6427 6503 6504 6428
2778 3 2 8 138 6428 6504 6505 6429
2779 3 2 8 138 6429 6505 6506 6430
2780 3 2 8 138 6430 6506 6507 6431
2781 3 2 8 138 6431 6507 6508 6432
2782 3 2 8 138 6432 6508 1261 1262
2783 3 2 8 138 1226 1227 6509 6433
2784 3 2 8 138 6433 6509 6510 6434
2785 3 2 8 138 6434 6510 6511 6435
2786 3 2 8 138 6435 6511 6512 6436
2787 3 2 8 138 6436 6512 6513 6437
2788 3 2 8 138 6437 6513 6514 6438
2789 3 2 8 138 6438 6514 6515 6439
2790 3 2 8 138 6439 6515 6516 6440
2791 3 2 8 138 6440 6516 6517 6441
2792 3 2 8 138 6441 6517 6518 6442
2793 3 2 8 138 6442 6518 6519 6443
2794 3 2 8 138 6443 6519 6520 6444
2795 3 2 8 138 6444 6520 6521 6445
2796 3 2 8 138 6445 6521 6522 6446
2797 3 2 8 138 6446 6522 6523 6447
2798 3 2 8 138 6447 6523 6524 6448
2799 3 2 8 138 6448 6524 6525 6449
2800 3 2 8 138 6449 6525 6526 6450
2801 3 2 8 138 6450 6526 6527 6451
2802 3 2 8 138 6451 6527 6528 6452
2803 3 2 8 138 6452 6528 6529 6453
2804 3 2 8 138 6453 6529 6530 6454
2805 3 2 8 138 6454 6530 6531 6455
2806 3 2 8 138 6455 6531 6532 6456
2807 3 2 8 138 6456 6532 6533 6457
2808 3 2 8 138 6457 6533 6534 6458
2809 3 2 8 138 6458 6534 6535 6459
2810 3 2 8 138 6459 6535 6536 6460
2811 3 2 8 138 6460 6536 6537 6461
2812 3 2 8 138 6461 6537 6538 6462
2813 3 2 8 138 6462 6538 6539 6463
2814 3 2 8 138 6463 6539 6540 6464
2815 3 2 8 138 6464 6540 6541 6465
2816 3 2 8 138 6465 6541 6542 6466
2817 3 2 8 138 6466 6542 6543 6467
2818 3 2 8 138 6467 6543 6544 6468
2819 3 2 8 138 6468 6544 6545 6469
2820 3 2 8 138 6469 6545 6546 6470
2821 3 2 8 138 6470 6546 6547 6471
2822 3 2 8 138 6471 6547 6548 6472
2823 3 2 8 138 6472 6548 6549 6473
2824 3 2 8 138 6473 6549 6550 6474
2825 3 2 8 138 6474 6550 6551 6475
2826 3 2 8 138 6475 6551 6552 6476
2827 3 2 8 138 6476 6552 6553 6477
2828 3 2 8 138 6477 6553 6554 6478
2829 3 2 8 138 6478 6554 6555 6479
2830 3 2 8 138 6479 6555 6556 6480
2831 3 2 8 138 6480 6556 6557 6481
2832 3 2 8 138 6481 6557 6558 6482
2833 3 2 8 138 6482 6558 6559 6483
2834 3 2 8 138 6483 6559 6560 6484
2835 3 2 8 138 6484 6560 6561 6485
2836 3 2 8 138 6485 6561 6562 6486
2837 3 2 8 138 6486 6562 6563 6487
2838 3 2 8 138 6487 6563 6564 6488
2839 3 2 8 138 6488 6564 6565 6489
2840 3 2 8 138 6489 6565 6566 6490
2841 3 2 8 138 6490 6566 6567 6491
2842 3 2 8 138 6491 6567 6568 6492
2843 3 2 8 138 6492 6568 6569 6493
2844 3 2 8 138 6493 6569 6570 6494
2845 3 2 8 138 6494 6570 6571 6495
2846 3 2 8 138 6495 6571 6572 6496
2847 3 2 8 138 6496 6572 6573 6497
2848 3 2 8 138 6497 6573 6574 6498
2849 3 2 8 138 6498 6574 6575 6499
2850 3 2 8 138 6499 6575 6576 6500
2851 3 2 8 138 6500 6576 6577 6501
2852 3 2 8 138 6501 6577 6578 6502
2853 3 2 8 138 6502 6578 6579 6503
2854 3 2 8 138 6503 6579 6580 6504
2855 3 2 8 138 6504 6580 6581 6505
2856 3 2 8 138 6505 6581 6582 6506
2857 3 2 8 138 6506 6582 6583 6507
2858 3 2 8 138 6507 6583 6584 6508
2859 3 2 8 138 6508 6584 1260 1261
2860 3 2 8 138 1227 1228 6585 6509
2861 3 2 8 138 6509 6585 6586 6510
2862 3 2 8 138 6510 6586 6587 6511
2863 3 2 8 138 6511 6587 6588 6512
2864 3 2 8 138 6512 6588 6589 6513
2865 3 2 8 138 6513 6589 6590 6514
2866 3 2 8 138 6514 6590 6591 6515
2867 3 2 8 138 6515 6591 6592 6516
2868 3 2 8 138 6516 6592 6593 6517
2869 3 2 8 138 6517 6593 6594 6518
2870 3 2 8 138 6518 6594 6595 6519
2871 3 2 8 138 6519 6595 6596 6520
2872 3 2 8 138 6520 6596 6597 6521
2873 3 2 8 138 6521 6597 6598 6522
2874 3 2 8 138 6522 6598 6599 6523
2875 3 2 8 138 6523 6599 6600 6524
2876 3 2 8 138 6524 6600 6601 6525
2877 3 2 8 138 6525 6601 6602 6526
2878 3 2 8 138 6526 6602 6603 6527
2879 3 2 8 138 6527 6603 6604 6528
2880 3 2 8 138 6528 6604 6605 6529
2881 3 2 8 138 6529 6605 6606 6530
2882 3 2 8 138 6530 6606 6607 6531
2883 3 2 8 138 6531 6607 6608 6532
2884 3 2 8 138 6532 6608 6609 6533
2885 3 2 8 138 6533 6609 6610 6534
2886 3 2 8 138 6534 6610 6611 6535
2887 3 2 8 138 6535 6611 6612 6536
2888 3 2 8 138 6536 6612 6613 6537
2889 3 2 8 138 6537 6613 6614 6538
2890 3 2 8 138 6538 6614 6615 6539
2891 3 2 8 138 6539 6615 6616 6540
2892 3 2 8 138 6540 6616 6617 6541
2893 3 2 8 138 6541 6617 6618 6542
2894 3 2 8 138 6542 6618 6619 6543
2895 3 2 8 138 6543 6619 6620 6544
2896 3 2 8 138 6544 6620 6621 6545
2897 3 2 8 138 6545 6621 6622 6546
2898 3 2 8 138 6546 6622 6623 6547
2899 3 2 8 138 6547 6623 6624 6548
2900 3 2 8 138 6548 6624 6625 6549
2901 3 2 8 138 6549 6625 6626 6550
2902 3 2 8 138 6550 6626 6627 6551
2903 3 2 8 138 6551 6627 6628 6552
2904 3 2 8 138 6552 6628 6629 6553
2905 3 2 8 138 6553 6629 6630 6554
2906 3 2 8 138 6554 6630 6631 6555
2907 3 2 8 138 6555 6631 6632 6556
2908 3 2 8 138 6556 6632 6633 6557
2909 3 2 8 138 6557 6633 6634 6558
2910 3 2 8 138 6558 6634 6635 6559
2911 3 2 8 138 6559 6635 6636 6560
2912 3 2 8 138 6560 6636 6637 6561
2913 3 2 8 138 6561 6637 6638 6562
2914 3 2 8 138 6562 6638 6639 6563
2915 3 2 8 138 6563 6639 6640 6564
2916 3 2 8 138 6564 6640 6641 6565
2917 3 2 8 138 6565 6641 6642 6566
2918 3 2 8 138 6566 6642 6643 6567
2919 3 2 8 138 6567 6643 6644 6568
2920 3 2 8 138 6568 6644 6645 6569
2921 3 2 8 138 6569 6645 6646 6570
2922 3 2 8 138 6570 6646 6647 6571
2923 3 2 8 138 6571 6647 6648 6572
2924 3 2 8 138 6572 6648 6649 6573
2925 3 2 8 138 6573 6649 6650 6574
2926 3 2 8 138 6574 6650 6651 6575
2927 3 2 8 138 6575 6651 6652 6576
2928 3 2 8 138 6576 6652 6653 6577
2929 3 2 8 138 6577 6653 6654 6578
2930 3 2 8 138 6578 6654 6655 6579
2931 3 2 8 138 6579 6655 6656 6580
2932 3 2 8 138 6580 6656 6657 6581
2933 3 2 8 138 6581 6657 6658 6582
2934 3 2 8 138 6582 6658 6659 6583
2935 3 2 8 138 6583 6659 6660 6584
2936 3 2 8 138 6584 6660 1259 1260
2937 3 2 8 138 1228 1229 6661 6585
2938 3 2 8 138 6585 6661 6662 6586
2939 3 2 8 138 6586 6662 6663 6587
2940 3 2 8 138 6587 6663 6664 6588
2941 3 2 8 138 6588 6664 6665 6589
2942 3 2 8 138 6589 6665 6666 6590
2943 3 2 8 138 6590 6666 6667 6591
2944 3 2 8 138 6591 6667 6668 6592
2945 3 2 8 138 6592 6668 6669 6593
2946 3 2 8 138 6593 6669 6670 6594
2947 3 2 8 138 6594 6670 6671 6595
2948 3 2 8 138 6595 6671 6672 6596
2949 3 2 8 138 6596 6672 6673 6597
2950 3 2 8 138 6597 6673 6674 6598
2951 3 2 8 138 6598 6674 6675 6599
2952 3 2 8 138 6599 6675 6676 6600
2953 3 2 8 138 6600 6676 6677 6601
2954 3 2 8 138 6601 6677 6678 6602
2955 3 2 8 138 6602 6678 6679 6603
2956 3 2 8 138 6603 6679 6680 6604
2957 3 2 8 138 6604 6680 6681 6605
2958 3 2 8 138 6605 6681 6682 6606
2959 3 2 8 138 6606 6682 6683 6607
2960 3 2 8 138 6607 6683 6684 6608
2961 3 2 8 138 6608 6684 6685 6609
2962 3 2 8 138 6609 6685 6686 6610
2963 3 2 8 138 6610 6686 6687 6611
2964 3 2 8 138 6611 6687 6688 6612
2965 3 2 8 138 6612 6688 6689 6613
2966 3 2 8 138 6613 6689 6690 6614
2967 3 2 8 138 6614 6690 6691 6615
2968 3 2 8 138 6615 6691 6692 6616
2969 3 2 8 138 6616 6692 6693 6617
2970 3 2 8 138 6617 6693 6694 6618
2971 3 2 8 138 6618 6694 6695 6619
2972 3 2 8 138 6619 6695 6696 6620
2973 3 2 8 138 6620 6696 6697 6621
2974 3 2 8 138 6621 6697 6698 6622
2975 3 2 8 138 6622 6698 6699 6623
2976 3 2 8 138 6623 6699 6700 6624
2977 3 2 8 138 6624 6700 6701 6625
2978 3 2 8 138 6625 6701 6702 6626
2979 3 2 8 138 6626 6702 6703 6627
2980 3 2 8 138 6627 6703 6704 6628
2981 3 2 8 138 6628 6704 6705 6629
2982 3 2 8 138 6629 6705 6706 6630
2983 3 2 8 138 6630 6706 6707 6631
2984 3 2 8 138 6631 6707 6708 6632
2985 3 2 8 138 6632 6708 6709 6633
2986 3 2 8 138 6633 6709 6710 6634
2987 3 2 8 138 6634 6710 6711 6635
2988 3 2 8 138 6635 6711 6712 6636
2989 3 2 8 138 6636 6712 6713 6637
2990 3 2 8 138 6637 6713 6714 6638
2991 3 2 8 138 6638 6714 6715 6639
2992 3 2 8 138 6639 6715 6716 6640
2993 3 2 8 138 6640 6716 6717 6641
2994 3 2 8 138 6641 6717 6718 6642
2995 3 2 8 138 6642 6718 6719 6643
2996 3 2 8 138 6643 6719 6720 6644
2997 3 2 8 138 6644 6720 6721 6645
2998 3 2 8 138 6645 6721 6722 6646
2999 3 2 8 138 6646 6722 6723 6647
3000 3 2 8 138 6647 6723 6724 6648
3001 3 2 8 138 6648 6724 6725 6649
3002 3 2 8 138 6649 6725 6726 6650
3003 3 2 8 138 6650 6726 6727 6651
3004 3 2 8 138 6651 6727 6728 6652
3005 3 2 8 138 6652 6728 6729 6653
3006 3 2 8 138 6653 6729 6730 6654
3007 3 2 8 138 6654 6730 6731 6655
3008 3 2 8 138 6655 6731 6732 6656
3009 3 2 8 138 6656 6732 6733 6657
3010 3 2 8 138 6657 6733 6734 6658
3011 3 2 8 138 6658 6734 6735 6659
3012 3 2 8 138 6659 6735 6736 6660
3013 3 2 8 138 6660 6736 1258 1259
3014 3 2 8 138 1229 1230 6737 6661
3015 3 2 8 138 6661 6737 6738 6662
3016 3 2 8 138 6662 6738 6739 6663
3017 3 2 8 138 6663 6739 6740 6664
3018 3 2 8 138 6664 6740 6741 6665
3019 3 2 8 138 6665 6741 6742 6666
3020 3 2 8 138 6666 6742 6743 6667
3021 3 2 8 138 6667 6743 6744 6668
3022 3 2 8 138 6668 6744 6745 6669
3023 3 2 8 138 6669 6745 6746 6670
3024 3 2 8 138 6670 6746 6747 6671
3025 3 2 8 138 6671 6747 6748 6672
3026 3 2 8 138 6672 6748 6749 6673
3027 3 2 8 138 6673 6749 6750 6674
3028 3 2 8 138 6674 6750 6751 6675
3029 3 2 8 138 6675 6751 6752 6676
3030 3 2 8 138 6676 6752 6753 6677
3031 3 2 8 138 6677 6753 6754 6678
3032 3 2 8 138 6678 6754 6755 6679
3033 3 2 8 138 6679 6755 6756 6680
3034 3 2 8 138 6680 6756 6757 6681
3035 3 2 8 138 6681 6757 6758 6682
3036 3 2 8 138 6682 6758 6759 6683
3037 3 2 8 138 6683 6759 6760 6684
3038 3 2 8 138 6684 6760 6761 6685
3039 3 2 8 138 6685 6761 6762 6686
3040 3 2 8 138 6686 6762 6763 6687
3041 3 2 8 138 6687 6763 6764 6688
3042 3 2 8 138 6688 6764 6765 6689
3043 3 2 8 138 6689 6765 6766 6690
3044 3 2 8 138 6690 6766 6767 6691
3045 3 2 8 138 6691 6767 6768 6692
3046 3 2 8 138 6692 6768 6769 6693
3047 3 2 8 138 6693 6769 6770 6694
3048 3 2 8 138 6694 6770 6771 6695
3049 3 2 8 138 6695 6771 6772 6696
3050 3 2 8 138 6696 6772 6773 6697
3051 3 2 8 138 6697 6773 6774 6698
3052 3 2 8 138 6698 6774 6775 6699
3053 3 2 8 138 6699 6775 6776 6700
3054 3 2 8 138 6700 6776 6777 6701
3055 3 2 8 138 6701 6777 6778 6702
3056 3 2 8 138 6702 6778 6779 6703
3057 3 2 8 138 6703 6779 6780 6704
3058 3 2 8 138 6704 6780 6781 6705
3059 3 2 8 138 6705 6781 6782 6706
3060 3 2 8 138 6706 6782 6783 6707
3061 3 2 8 138 6707 6783 6784 6708
3062 3 2 8 138 6708 6784 6785 6709
3063 3 2 8 138 6709 6785 6786 6710
3064 3 2 8 138 6710 6786 6787 6711
3065 3 2 8 138 6711 6787 6788 6712
3066 3 2 8 138 6712 6788 6789 6713
3067 3 2 8 138 6713 6789 6790 6714
3068 3 2 8 138 6714 6790 6791 6715
3069 3 2 8 138 6715 6791 6792 6716
3070 3 2 8 138 6716 6792 6793 6717
3071 3 2 8 138 6717 6793 6794 6718
3072 3 2 8 138 6718 6794 6795 6719
3073 3 2 8 138 6719 6795 6796 6720
3074 3 2 8 138 6720 6796 6797 6721
3075 3 2 8 138 6721 6797 6798 6722
3076 3 2 8 138 6722 6798 6799 6723
3077 3 2 8 138 6723 6799 6800 6724
3078 3 2 8 138 6724 6800 6801 6725
3079 3 2 8 138 6725 6801 6802 6726
3080 3 2 8 138 6726 6802 6803 6727
3081 3 2 8 138 6727 6803 6804 6728
3082 3 2 8 138 6728 6804 6805 6729
3083 3 2 8 138 6729 6805 6806 6730
3084 3 2 8 138 6730 6806 6807 6731
3085 3 2 8 138 6731 6807 6808 6732
3086 3 2 8 138 6732 6808 6809 6733
3087 3 2 8 138 6733 6809 6810 6734
3088 3 2 8 138 6734 6810 6811 6735
3089 3 2 8 138 6735 6811 6812 6736
3090 3 2 8 138 6736 6812 1257 1258
3091 3 2 8 138 1230 1231 6813 6737
3092 3 2 8 138 6737 6813 6814 6738
3093 3 2 8 138 6738 6814 6815 6739
3094 3 2 8 138 6739 6815 6816 6740
3095 3 2 8 138 6740 6816 6817 6741
3096 3 2 8 138 6741 6817 6818 6742
3097 3 2 8 138 6742 6818 6819 6743
3098 3 2 8 138 6743 6819 6820 6744
3099 3 2 8 138 6744 6820 6821 6745
3100 3 2 8 138 6745 6821 6822 6746
3101 3 2 8 138 6746 6822 6823 6747
3102 3 2 8 138 6747 6823 6824 6748
3103 3 2 8 138 6748 6824 6825 6749
3104 3 2 8 138 6749 6825 6826 6750
3105 3 2 8 138 6750 6826 6827 6751
3106 3 2 8 138 6751 6827 6828 6752
3107 3 2 8 138 6752 6828 6829 6753
3108 3 2 8 138 6753 6829 6830 6754
3109 3 2 8 138 6754 6830 6831 6755
3110 3 2 8 138 6755 6831 6832 6756
3111 3 2 8 138 6756 6832 6833 6757
3112 3 2 8 138 6757 6833 6834 6758
3113 3 2 8 138 6758 6834 6835 6759
3114 3 2 8 138 6759 6835 6836 6760
3115 3 2 8 138 6760 6836 6837 6761
3116 3 2 8 138 6761 6837 6838 6762
3117 3 2 8 138 6762 6838 6839 6763
3118 3 2 8 138 6763 6839 6840 6764
3119 3 2 8 138 6764 6840 6841 6765
3120 3 2 8 138 6765 6841 6842 6766
3121 3 2 8 138 6766 6842 6843 6767
3122 3 2 8 138 6767 6843 6844 6768
3123 3 2 8 138 6768 6844 6845 6769
3124 3 2 8 138 6769 6845 6846 6770
3125 3 2 8 138 6770 6846 6847 6771
3126 3 2 8 138 6771 6847 6848 6772
3127 3 2 8 138 6772 6848 6849 6773
3128 3 2 8 138 6773 6849 6850 6774
3129 3 2 8 138 6774 6850 6851 6775
3130 3 2 8 138 6775 6851 6852 6776
3131 3 2 8 138 6776 6852 6853 6777
3132 3 2 8 138 6777 6853 6854 6778
3133 3 2 8 138 6778 6854 6855 6779
3134 3 2 8 138 6779 6855 6856 6780
3135 3 2 8 138 6780 6856 6857 6781
3136 3 2 8 138 6781 6857 6858 6782
3137 3 2 8 138 6782 6858 6859 6783
3138 3 2 8 138 6783 6859 6860 6784
3139 3 2 8 138 6784 6860 6861 6785
3140 3 2 8 138 6785 6861 6862 6786
3141 3 2 8 138 6786 6862 6863 6787
3142 3 2 8 138 6787 6863 6864 6788
3143 3 2 8 138 6788 6864 6865 6789
3144 3 2 8 138 6789 6865 6866 6790
3145 3 2 8 138 6790 6866 6867 6791
3146 3 2 8 138 6791 6867 6868 6792
3147 3 2 8 138 6792 6868 6869 6793
3148 3 2 8 138 6793 6869 6870 6794
3149 3 2 8 138 6794 6870 6871 6795
3150 3 2 8 138 6795 6871 6872 6796
3151 3 2 8 138 6796 6872 6873 6797
3152 3 2 8 138 6797 6873 6874 6798
3153 3 2 8 138 6798 6874 6875 6799
3154 3 2 8 138 6799 6875 6876 6800
3155 3 2 8 138 6800 6876 6877 6801
3156 3 2 8 138 6801 6877 6878 6802
3157 3 2 8 138 6802 6878 6879 6803
3158 3 2 8 138 6803 6879 6880 6804
3159 3 2 8 138 6804 6880 6881 6805
3160 3 2 8 138 6805 6881 6882 6806
3161 3 2 8 138 6806 6882 6883 6807
3162 3 2 8 138 6807 6883 6884 6808
3163 3 2 8 138 6808 6884 6885 6809
3164 3 2 8 138 6809 6885 6886 6810
3165 3 2 8 138 6810 6886 6887 6811
3166 3 2 8 138 6811 6887 6888 6812
3167 3 2 8 138 6812 6888 1256 1257
3168 3 2 8 138 1231 1232 6889 6813
3169 3 2 8 138 6813 6889 6890 6814
3170 3 2 8 138 6814 6890 6891 6815
3171 3 2 8 138 6815 6891 6892 6816
3172 3 2 8 138 6816 6892 6893 6817
3173 3 2 8 138 6817 6893 6894 6818
3174 3 2 8 138 6818 6894 6895 6819
3175 3 2 8 138 6819 6895 6896 6820
3176 3 2 8 138 6820 6896 6897 6821
3177 3 2 8 138 6821 6897 6898 6822
3178 3 2 8 138 6822 6898 6899 6823
3179 3 2 8 138 6823 6899 6900 6824
3180 3 2 8 138 6824 6900 6901 6825
3181 3 2 8 138 6825 6901 6902 6826
3182 3 2 8 138 6826 6902 6903 6827
3183 3 2 8 138 6827 6903 6904 6828
3184 3 2 8 138 6828 6904 6905 6829
3185 3 2 8 138 6829 6905 6906 6830
3186 3 2 8 138 6830 6906 6907 6831
3187 3 2 8 138 6831 6907 6908 6832
3188 3 2 8 138 6832 6908 6909 6833
3189 3 2 8 138 6833 6909 6910 6834
3190 3 2 8 138 6834 6910 6911 6835
3191 3 2 8 138 6835 6911 6912 6836
3192 3 2 8 138 6836 6912 6913 6837
3193 3 2 8 138 6837 6913 6914 6838
3194 3 2 8 138 6838 6914 6915 6839
3195 3 2 8 138 6839 6915 6916 6840
3196 3 2 8 138 6840 6916 6917 6841
3197 3 2 8 138 6841 6917 6918 6842
3198 3 2 8 138 6842 6918 6919 6843
3199 3 2 8 138 6843 6919 6920 6844
3200 3 2 8 138 6844 6920 6921 6845
3201 3 2 8 138 6845 6921 6922 6846
3202 3 2 8 138 6846 6922 6923 6847
3203 3 2 8 138 6847 6923 6924 6848
3204 3 2 8 138 6848 6924 6925 6849
3205 3 2 8 138 6849 6925 6926 6850
3206 3 2 8 138 6850 6926 6927 6851
3207 3 2 8 138 6851 6927 6928 6852
3208 3 2 8 138 6852 6928 6929 6853
3209 3 2 8 138 6853 6929 6930 6854
3210 3 2 8 138 6854 6930 6931 6855
3211 3 2 8 138 6855 6931 6932 6856
3212 3 2 8 138 6856 6932 6933 6857
3213 3 2 8 138 6857 6933 6934 6858
3214 3 2 8 138 6858 6934 6935 6859
3215 3 2 8 138 6859 6935 6936 6860
3216 3 2 8 138 6860 6936 6937 6861
3217 3 2 8 138 6861 6937 6938 6862
3218 3 2 8 138 6862 6938 6939 6863
3219 3 2 8 138 6863 6939 6940 6864
3220 3 2 8 138 6864 6940 6941 6865
3221 3 2 8 138 6865 6941 6942 6866
3222 3 2 8 138 6866 6942 6943 6867
3223 3 2 8 138 6867 6943 6944 6868
3224 3 2 8 138 6868 6944 6945 6869
3225 3 2 8 138 6869 6945 6946 6870
3226 3 2 8 138 6870 6946 6947 6871
3227 3 2 8 138 6871 6947 6948 6872
3228 3 2 8 138 6872 6948 6949 6873
3229 3 2 8 138 6873 6949 6950 6874
3230 3 2 8 138 6874 6950 6951 6875
3231 3 2 8 138 6875 6951 6952 6876
3232 3 2 8 138 6876 6952 6953 6877
3233 3 2 8 138 6877 6953 6954 6878
3234 3 2 8 138 6878 6954 6955 6879
3235 3 2 8 138 6879 6955 6956 6880
3236 3 2 8 138 6880 6956 6957 6881
3237 3 2 8 138 6881 6957 6958 6882
3238 3 2 8 138 6882 6958 6959 6883
3239 3 2 8 138 6883 6959 6960 6884
3240 3 2 8 138 6884 6960 6961 6885
3241 3 2 8 138 6885 6961 6962 6886
3242 3 2 8 138 6886 6962 6963 6887
3243 3 2 8 138 6887 6963 6964 6888
3244 3 2 8 138 6888 6964 1255 1256
3245 3 2 8 138 1232 1233 6965 6889
3246 3 2 8 138 6889 6965 6966 6890
3247 3 2 8 138 6890 6966 6967 6891
3248 3 2 8 138 6891 6967 6968 6892
3249 3 2 8 138 6892 6968 6969 6893
3250 3 2 8 138 6893 6969 6970 6894
3251 3 2 8 138 6894 6970 6971 6895
3252 3 2 8 138 6895 6971 6972 6896
3253 3 2 8 138 6896 6972 6973 6897
3254 3 2 8 138 6897 6973 6974 6898
3255 3 2 8 138 6898 6974 6975 6899
3256 3 2 8 138 6899 6975 6976 6900
3257 3 2 8 138 6900 6976 6977 6901
3258 3 2 8 138 6901 6977 6978 6902
3259 3 2 8 138 6902 6978 6979 6903
3260 3 2 8 138 6903 6979 6980 6904
3261 3 2 8 138 6904 6980 6981 6905
3262 3 2 8 138 6905 6981 6982 6906
3263 3 2 8 138 6906 6982 6983 6907
3264 3 2 8 138 6907 6983 6984 6908
3265 3 2 8 138 6908 6984 6985 6909
3266 3 2 8 138 6909 6985 6986 6910
3267 3 2 8 138 6910 6986 6987 6911
3268 3 2 8 138 6911 6987 6988 6912
3269 3 2 8 138 6912 6988 6989 6913
3270 3 2 8 138 6913 6989 6990 6914
3271 3 2 8 138 6914 6990 6991 6915
3272 3 2 8 138 6915 6991 6992 6916
3273 3 2 8 138 6916 6992 6993 6917
3274 3 2 8 138 6917 6993 6994 6918
3275 3 2 8 138 6918 6994 6995 6919
3276 3 2 8 138 6919 6995 6996 6920
3277 3 2 8 138 6920 6996 6997 6921
3278 3 2 8 138 6921 6997 6998 6922
3279 3 2 8 138 6922 6998 6999 6923
3280 3 2 8 138 6923 6999 7000 6924
3281 3 2 8 138 6924 7000 7001 6925
3282 3 2 8 138 6925 7001 7002 6926
3283 3 2 8 138 6926 7002 7003 6927
3284 3 2 8 138 6927 7003 7004 6928
3285 3 2 8 138 6928 7004 7005 6929
3286 3 2 8 138 6929 7005 7006 6930
3287 3 2 8 138 6930 7006 7007 6931
3288 3 2 8 138 6931 7007 7008 6932
3289 3 2 8 138 6932 7008 7009 6933
3290 3 2 8 138 6933 7009 7010 6934
3291 3 2 8 138 6934 7010 7011 6935
3292 3 2 8 138 6935 7011 7012 6936
3293 3 2 8 138 6936 7012 7013 6937
3294 3 2 8 138 6937 7013 7014 6938
3295 3 2 8 138 6938 7014 7015 6939
3296 3 2 8 138 6939 7015 7016 6940
3297 3 2 8 138 6940 7016 7017 6941
3298 3 2 8 138 6941 7017 7018 6942
3299 3 2 8 138 6942 7018 7019 6943
3300 3 2 8 138 6943 7019 7020 6944
3301 3 2 8 138 6944 7020 7021 6945
3302 3 2 8 138 6945 7021 7022 6946
3303 3 2 8 138 6946 7022 7023 6947
3304 3 2 8 138 6947 7023 7024 6948
3305 3 2 8 138 6948 7024 7025 6949
3306 3 2 8 138 6949 7025 7026 6950
3307 3 2 8 138 6950 7026 7027 6951
3308 3 2 8 138 6951 7027 7028 6952
3309 3 2 8 138 6952 7028 7029 6953
3310 3 2 8 138 6953 7029 7030 6954
3311 3 2 8 138 6954 7030 7031 6955
3312 3 2 8 138 6955 7031 7032 6956
3313 3 2 8 138 6956 7032 7033 6957
3314 3 2 8 138 6957 7033 7034 6958
3315 3 2 8 138 6958 7034 7035 6959
3316 3 2 8 138 6959 7035 7036 6960
3317 3 2 8 138 6960 7036 7037 6961
3318 3 2 8 138 6961 7037 7038 6962
3319 3 2 8 138 6962 7038 7039 6963
3320 3 2 8 138 6963 7039 7040 6964
3321 3 2 8 138 6964 7040 1254 1255
3322 3 2 8 138 1233 1234 7041 6965
3323 3 2 8 138 6965 7041 7042 6966
3324 3 2 8 138 6966 7042 7043 6967
3325 3 2 8 138 6967 7043 7044 6968
3326 3 2 8 138 6968 7044 7045 6969
3327 3 2 8 138 6969 7045 7046 6970
3328 3 2 8 138 6970 7046 7047 6971
3329 3 2 8 138 6971 7047 7048 6972
3330 3 2 8 138 6972 7048 7049 6973
3331 3 2 8 138 6973 7049 7050 6974
3332 3 2 8 138 6974 7050 7051 6975
3333 3 2 8 138 6975 7051 7052 6976
3334 3 2 8 138 6976 7052 7053 6977
3335 3 2 8 138 6977 7053 7054 6978
3336 3 2 8 138 6978 7054 7055 6979
3337 3 2 8 138 6979 7055 7056 6980
3338 3 2 8 138 6980 7056 7057 6981
3339 3 2 8 138 6981 7057 7058 6982
3340 3 2 8 138 6982 7058 7059 6983
3341 3 2 8 138 6983 7059 7060 6984
3342 3 2 8 138 6984 7060 7061 6985
3343 3 2 8 138 6985 7061 7062 6986
3344 3 2 8 138 6986 7062 7063 6987
3345 3 2 8 138 6987 7063 7064 6988
3346 3 2 8 138 6988 7064 7065 6989
3347 3 2 8 138 6989 7065 7066 6990
3348 3 2 8 138 6990 7066 7067 6991
3349 3 2 8 138 6991 7067 7068 6992
3350 3 2 8 138 6992 7068 7069 6993
3351 3 2 8 138 6993 7069 7070 6994
3352 3 2 8 138 6994 7070 7071 6995
3353 3 2 8 138 6995 7071 7072 6996
3354 3 2 8 138 6996 7072 7073 6997
3355 3 2 8 138 6997 7073 7074 6998
3356 3 2 8 138 6998 7074 7075 6999
3357 3 2 8 138 6999 7075 7076 7000
3358 3 2 8 138 7000 7076 7077 7001
3359 3 2 8 138 7001 7077 7078 7002
3360 3 2 8 138 7002 7078 7079 7003
3361 3 2 8 138 7003 7079 7080 7004
3362 3 2 8 138 7004 7080 7081 7005
3363 3 2 8 138 7005 7081 7082 7006
3364 3 2 8 138 7006 7082 7083 7007
3365 3 2 8 138 7007 7083 7084 7008
3366 3 2 8 138 7008 7084 7085 7009
3367 3 2 8 138 7009 7085 7086 7010
3368 3 2 8 138 7010 7086 7087 7011
3369 3 2 8 138 7011 7087 7088 7012
3370 3 2 8 138 7012 7088 7089 7013
3371 3 2 8 138 7013 7089 7090 7014
3372 3 2 8 138 7014 7090 7091 7015
3373 3 2 8 138 7015 7091 7092 7016
3374 3 2 8 138 7016 7092 7093 7017
3375 3 2 8 138 7017 7093 7094 7018
3376 3 2 8 138 7018 7094 7095 7019
3377 3 2 8 138 7019 7095 7096 7020
3378 3 2 8 138 7020 7096 7097 7021
3379 3 2 8 138 7021 7097 7098 7022
3380 3 2 8 138 7022 7098 7099 7023
3381 3 2 8 138 7023 7099 7100 7024
3382 3 2 8 138 7024 7100 7101 7025
3383 3 2 8 138 7025 7101 7102 7026
3384 3 2 8 138 7026 7102 7103 7027
3385 3 2 8 138 7027 7103 7104 7028
3386 3 2 8 138 7028 7104 7105 7029
3387 3 2 8 138 7029 7105 7106 7030
3388 3 2 8 138 7030 7106 7107 7031
3389 3 2 8 138 7031 7107 7108 7032
3390 3 2 8 138 7032 7108 7109 7033
3391 3 2 8 138 7033 7109 7110 7034
3392 3 2 8 138 7034 7110 7111 7035
3393 3 2 8 138 7035 7111 7112 7036
3394 3 2 8 138 7036 7112 7113 7037
3395 3 2 8 138 7037 7113 7114 7038
3396 3 2 8 138 7038 7114 7115 7039
3397 3 2 8 138 7039 7115 7116 7040
3398 3 2 8 138 7040 7116 1253 1254
3399 3 2 8 138 1234 1235 7117 7041
3400 3 2 8 138 7041 7117 7118 7042
3401 3 2 8 138 7042 7118 7119 7043
3402 3 2 8 138 7043 7119 7120 7044
3403 3 2 8 138 7044 7120 7121 7045
3404 3 2 8 138 7045 7121 7122 7046
3405 3 2 8 138 7046 7122 7123 7047
3406 3 2 8 138 7047 7123 7124 7048
3407 3 2 8 138 7048 7124 7125 7049
3408 3 2 8 138 7049 7125 7126 7050
3409 3 2 8 138 7050 7126 7127 7051
3410 3 2 8 138 7051 7127 7128 7052
3411 3 2 8 138 7052 7128 7129 7053
3412 3 2 8 138 7053 7129 7130 7054
3413 3 2 8 138 7054 7130 7131 7055
3414 3 2 8 138 7055 7131 7132 7056
3415 3 2 8 138 7056 7132 7133 7057
3416 3 2 8 138 7057 7133 7134 7058
3417 3 2 8 138 7058 7134 7135 7059
3418 3 2 8 138 7059 7135 7136 7060
3419 3 2 8 138 7060 7136 7137 7061
3420 3 2 8 138 7061 7137 7138 7062
3421 3 2 8 138 7062 7138 7139 7063
3422 3 2 8 138 7063 7139 7140 7064
3423 3 2 8 138 7064 7140 7141 7065
3424 3 2 8 138 7065 7141 7142 7066
3425 3 2 8 138 7066 7142 7143 7067
3426 3 2 8 138 7067 7143 7144 7068
3427 3 2 8 138 7068 7144 7145 7069
3428 3 2 8 138 7069 7145 7146 7070
3429 3 2 8 138 7070 7146 7147 7071
3430 3 2 8 138 7071 7147 7148 7072
3431 3 2 8 138 7072 7148 7149 7073
3432 3 2 8 138 7073 7149 7150 7074
3433 3 2 8 138 7074 7150 7151 7075
3434 3 2 8 138 7075 7151 7152 7076
3435 3 2 8 138 7076 7152 7153 7077
3436 3 2 8 138 7077 7153 7154 7078
3437 3 2 8 138 7078 7154 7155 7079
3438 3 2 8 138 7079 7155 7156 7080
3439 3 2 8 138 7080 7156 7157 7081
3440 3 2 8 138 7081 7157 7158 7082
3441 3 2 8 138 7082 7158 7159 7083
3442 3 2 8 138 7083 7159 7160 7084
3443 3 2 8 138 7084 7160 7161 7085
3444 3 2 8 138 7085 7161 7162 7086
3445 3 2 8 138 7086 7162 7163 7087
3446 3 2 8 138 7087 7163 7164 7088
3447 3 2 8 138 7088 7164 7165 7089
3448 3 2 8 138 7089 7165 7166 7090
3449 3 2 8 138 7090 7166 7167 7091
3450 3 2 8 138 7091 7167 7168 7092
3451 3 2 8 138 7092 7168 7169 7093
3452 3 2 8 138 7093 7169 7170 7094
3453 3 2 8 138 7094 7170 7171 7095
3454 3 2 8 138 7095 7171 7172 7096
3455 3 2 8 138 7096 7172 7173 7097
3456 3 2 8 138 7097 7173 7174 7098
3457 3 2 8 138 7098 7174 7175 7099
3458 3 2 8 138 7099 7175 7176 7100
3459 3 2 8 138 7100 7176 7177 7101
3460 3 2 8 138 7101 7177 7178 7102
3461 3 2 8 138 7102 7178 7179 7103
3462 3 2 8 138 7103 7179 7180 7104
3463 3 2 8 138 7104 7180 7181 7105
3464 3 2 8 138 7105 7181 7182 7106
3465 3 2 8 138 7106 7182 7183 7107
3466 3 2 8 138 7107 7183 7184 7108
3467 3 2 8 138 7108 7184 7185 7109
3468 3 2 8 138 7109 7185 7186 7110
3469 3 2 8 138 7110 7186 7187 7111
3470 3 2 8 138 7111 7187 7188 7112
3471 3 2 8 138 7112 7188 7189 7113
3472 3 2 8 138 7113 7189 7190 7114
3473 3 2 8 138 7114 7190 7191 7115
3474 3 2 8 138 7115 7191 7192 7116
3475 3 2 8 138 7116 7192 1252 1253
3476 3 2 8 138 1235 1236 7193 7117
3477 3 2 8 138 7117 7193 7194 7118
3478 3 2 8 138 7118 7194 7195 7119
3479 3 2 8 138 7119 7195 7196 7120
3480 3 2 8 138 7120 7196 7197 7121
3481 3 2 8 138 7121 7197 7198 7122
3482 3 2 8 138 7122 7198 7199 7123
3483 3 2 8 138 7123 7199 7200 7124
3484 3 2 8 138 7124 7200 7201 7125
3485 3 2 8 138 7125 7201 7202 7126
3486 3 2 8 138 7126 7202 7203 7127
3487 3 2 8 138 7127 7203 7204 7128
3488 3 2 8 138 7128 7204 7205 7129
3489 3 2 8 138 7129 7205 7206 7130
3490 3 2 8 138 7130 7206 7207 7131
3491 3 2 8 138 7131 7207 7208 7132
3492 3 2 8 138 7132 7208 7209 7133
3493 3 2 8 138 7133 7209 7210 7134
3494 3 2 8 138 7134 7210 7211 7135
3495 3 2 8 138 7135 7211 7212 7136
3496 3 2 8 138 7136 7212 7213 7137
3497 3 2 8 138 7137 7213 7214 7138
3498 3 2 8 138 7138 7214 7215 7139
3499 3 2 8 138 7139 7215 7216 7140
3500 3 2 8 138 7140 7216 7217 7141
3501 3 2 8 138 7141 7217 7218 7142
3502 3 2 8 138 7142 7218 7219 7143
3503 3 2 8 138 7143 7219 7220 7144
3504 3 2 8 138 7144 7220 7221 7145
3505 3 2 8 138 7145 7221 7222 7146
3506 3 2 8 138 7146 7222 7223 7147
3507 3 2 8 138 7147 7223 7224 7148
3508 3 2 8 138 7148 7224 7225 7149
3509 3 2 8 138 7149 7225 7226 7150
3510 3 2 8 138 7150 7226 7227 7151
3511 3 2 8 138 7151 7227 7228 7152
3512 3 2 8 138 7152 7228 7229 7153
3513 3 2 8 138 7153 7229 7230 7154
3514 3 2 8 138 7154 7230 7231 7155
3515 3 2 8 138 7155 7231 7232 7156
3516 3 2 8 138 7156 7232 7233 7157
3517 3 2 8 138 7157 7233 7234 7158
3518 3 2 8 138 7158 7234 7235 7159
3519 3 2 8 138 7159 7235 7236 7160
3520 3 2 8 138 7160 7236 7237 7161
3521 3 2 8 138 7161 7237 7238 7162
3522 3 2 8 138 7162 7238 7239 7163
3523 3 2 8 138 7163 7239 7240 7164
3524 3 2 8 138 7164 7240 7241 7165
3525 3 2 8 138 7165 7241 7242 7166
3526 3 2 8 138 7166 7242 7243 7167
3527 3 2 8 138 7167 7243 7244 7168
3528 3 2 8 138 7168 7244 7245 7169
3529 3 2 8 138 7169 7245 7246 7170
3530 3 2 8 138 7170 7246 7247 7171
3531 3 2 8 138 7171 7247 7248 7172
3532 3 2 8 138 7172 7248 7249 7173
3533 3 2 8 138 7173 7249 7250 7174
3534 3 2 8 138 7174 7250 7251 7175
3535 3 2 8 138 7175 7251 7252 7176
3536 3 2 8 138 7176 7252 7253 7177
3537 3 2 8 138 7177 7253 7254 7178
3538 3 2 8 138 7178 7254 7255 7179
3539 3 2 8 138 7179 7255 7256 7180
3540 3 2 8 138 7180 7256 7257 7181
3541 3 2 8 138 7181 7257 7258 7182
3542 3 2 8 138 7182 7258 7259 7183
3543 3 2 8 138 7183 7259 7260 7184
3544 3 2 8 138 7184 7260 7261 7185
3545 3 2 8 138 7185 7261 7262 7186
3546 3 2 8 138 7186 7262 7263 7187
3547 3 2 8 138 7187 7263 7264 7188
3548 3 2 8 138 7188 7264 7265 7189
3549 3 2 8 138 7189 7265 7266 7190
3550 3 2 8 138 7190 7266 7267 7191
3551 3 2 8 138 7191 7267 7268 7192
3552 3 2 8 138 7192 7268 1251 1252
3553 3 2 8 138 1236 1237 7269 7193
3554 3 2 8 138 7193 7269 7270 7194
3555 3 2 8 138 7194 7270 7271 7195
3556 3 2 8 138 7195 7271 7272 7196
3557 3 2 8 138 7196 7272 7273 7197
3558 3 2 8 138 7197 7273 7274 7198
3559 3 2 8 138 7198 7274 7275 7199
3560 3 2 8 138 7199 7275 7276 7200
3561 3 2 8 138 7200 7276 7277 7201
3562 3 2 8 138 7201 7277 7278 7202
3563 3 2 8 138 7202 7278 7279 7203
3564 3 2 8 138 7203 7279 7280 7204
3565 3 2 8 138 7204 7280 7281 7205
3566 3 2 8 138 7205 7281 7282 7206
3567 3 2 8 138 7206 7282 7283 7207
3568 3 2 8 138 7207 7283 7284 7208
3569 3 2 8 138 7208 7284 7285 7209
3570 3 2 8 138 7209 7285 7286 7210
3571 3 2 8 138 7210 7286 7287 7211
3572 3 2 8 138 7211 7287 7288 7212
3573 3 2 8 138 7212 7288 7289 7213
3574 3 2 8 138 7213 7289 7290 7214
3575 3 2 8 138 7214 7290 7291 7215
3576 3 2 8 138 7215 7291 7292 7216
3577 3 2 8 138 7216 7292 7293 7217
3578 3 2 8 138 7217 7293 7294 7218
3579 3 2 8 138 7218 7294 7295 7219
3580 3 2 8 138 7219 7295 7296 7220
3581 3 2 8 138 7220 7296 7297 7221
3582 3 2 8 138 7221 7297 7298 7222
3583 3 2 8 138 7222 7298 7299 7223
3584 3 2 8 138 7223 7299 7300 7224
3585 3 2 8 138 7224 7300 7301 7225
3586 3 2 8 138 7225 7301 7302 7226
3587 3 2 8 138 7226 7302 7303 7227
3588 3 2 8 138 7227 7303 7304 7228
3589 3 2 8 138 7228 7304 7305 7229
3590 3 2 8 138 7229 7305 7306 7230
3591 3 2 8 138 7230 7306 7307 7231
3592 3 2 8 138 7231 7307 7308 7232
3593 3 2 8 138 7232 7308 7309 7233
3594 3 2 8 138 7233 7309 7310 7234
3595 3 2 8 138 7234 7310 7311 7235
3596 3 2 8 138 7235 7311 7312 7236
3597 3 2 8 138 7236 7312 7313 7237
3598 3 2 8 138 7237 7313 7314 7238
3599 3 2 8 138 7238 7314 7315 7239
3600 3 2 8 138 7239 7315 7316 7240
3601 3 2 8 138 7240 7316 7317 7241
3602 3 2 8 138 7241 7317 7318 7242
3603 3 2 8 138 7242 7318 7319 7243
3604 3 2 8 138 7243 7319 7320 7244
3605 3 2 8 138 7244 7320 7321 7245
3606 3 2 8 138 7245 7321 7322 7246
3607 3 2 8 138 7246 7322 7323 7247
3608 3 2 8 138 7247 7323 7324 7248
3609 3 2 8 138 7248 7324 7325 7249
3610 3 2 8 138 7249 7325 7326 7250
3611 3 2 8 138 7250 7326 7327 7251
3612 3 2 8 138 7251 7327 7328 7252
3613 3 2 8 138 7252 7328 7329 7253
3614 3 2 8 138 7253 7329 7330 7254
3615 3 2 8 138 7254 7330 7331 7255
3616 3 2 8 138 7255 7331 7332 7256
3617 3 2 8 138 7256 7332 7333 7257
3618 3 2 8 138 7257 7333 7334 7258
3619 3 2 8 138 7258 7334 7335 7259
3620 3 2 8 138 7259 7335 7336 7260
3621 3 2 8 138 7260 7336 7337 7261
3622 3 2 8 138 7261 7337 7338 7262
3623 3 2 8 138 7262 7338 7339 7263
3624 3 2 8 138 7263 7339 7340 7264
3625 3 2 8 138 7264 7340 7341 7265
3626 3 2 8 138 7265 7341 7342 7266
3627 3 2 8 138 7266 7342 7343 7267
3628 3 2 8 138 7267 7343 7344 7268
3629 3 2 8 138 7268 7344 1250 1251
3630 3 2 8 138 1237 1238 7345 7269
3631 3 2 8 138 7269 7345 7346 7270
3632 3 2 8 138 7270 7346 7347 7271
3633 3 2 8 138 7271 7347 7348 7272
3634 3 2 8 138 7272 7348 7349 7273
3635 3 2 8 138 7273 7349 7350 7274
3636 3 2 8 138 7274 7350 7351 7275
3637 3 2 8 138 7275 7351 7352 7276
3638 3 2 8 138 7276 7352 7353 7277
3639 3 2 8 138 7277 7353 7354 7278
3640 3 2 8 138 7278 7354 7355 7279
3641 3 2 8 138 7279 7355 7356 7280
3642 3 2 8 138 7280 7356 7357 7281
3643 3 2 8 138 7281 7357 7358 7282
3644 3 2 8 138 7282 7358 7359 7283
3645 3 2 8 138 7283 7359 7360 7284
3646 3 2 8 138 7284 7360 7361 7285
3647 3 2 8 138 7285 7361 7362 7286
3648 3 2 8 138 7286 7362 7363 7287
3649 3 2 8 138 7287 7363 7364 7288
3650 3 2 8 138 7288 7364 7365 7289
3651 3 2 8 138 7289 7365 7366 7290
3652 3 2 8 138 7290 7366 7367 7291
3653 3 2 8 138 7291 7367 7368 7292
3654 3 2 8 138 7292 7368 7369 7293
3655 3 2 8 138 7293 7369 7370 7294
3656 3 2 8 138 7294 7370 7371 7295
3657 3 2 8 138 7295 7371 7372 7296
3658 3 2 8 138 7296 7372 7373 7297
3659 3 2 8 138 7297 7373 7374 7298
3660 3 2 8 138 7298 7374 7375 7299
3661 3 2 8 138 7299 7375 7376 7300
3662 3 2 8 138 7300 7376 7377 7301
3663 3 2 8 138 7301 7377 7378 7302
3664 3 2 8 138 7302 7378 7379 7303
3665 3 2 8 138 7303 7379 7380 7304
3666 3 2 8 138 7304 7380 7381 7305
3667 3 2 8 138 7305 7381 7382 7306
3668 3 2 8 138 7306 7382 7383 7307
3669 3 2 8 138 7307 7383 7384 7308
3670 3 2 8 138 7308 7384 7385 7309
3671 3 2 8 138 7309 7385 7386 7310
3672 3 2 8 138 7310 7386 7387 7311
3673 3 2 8 138 7311 7387 7388 7312
3674 3 2 8 138 7312 7388 7389 7313
3675 3 2 8 138 7313 7389 7390 7314
3676 3 2 8 138 7314 7390 7391 7315
3677 3 2 8 138 7315 7391 7392 7316
3678 3 2 8 138 7316 7392 7393 7317
3679 3 2 8 138 7317 7393 7394 7318
3680 3 2 8 138 7318 7394 7395 7319
3681 3 2 8 138 7319 7395 7396 7320
3682 3 2 8 138 7320 7396 7397 7321
3683 3 2 8 138 7321 7397 7398 7322
3684 3 2 8 138 7322 7398 7399 7323
3685 3 2 8 138 7323 7399 7400 7324
3686 3 2 8 138 7324 7400 7401 7325
3687 3 2 8 138 7325 7401 7402 7326
3688 3 2 8 138 7326 7402 7403 7327
3689 3 2 8 138 7327 7403 7404 7328
3690 3 2 8 138 7328 7404 7405 7329
3691 3 2 8 138 7329 7405 7406 7330
3692 3 2 8 138 7330 7406 7407 7331
3693 3 2 8 138 7331 7407 7408 7332
3694 3 2 8 138 7332 7408 7409 7333
3695 3 2 8 138 7333 7409 7410 7334
3696 3 2 8 138 7334 7410 7411 7335
3697 3 2 8 138 7335 7411 7412 7336
3698 3 2 8 138 7336 7412 7413 7337
3699 3 2 8 138 7337 7413 7414 7338
3700 3 2 8 138 7338 7414 7415 7339
3701 3 2 8 138 7339 7415 7416 7340
3702 3 2 8 138 7340 7416 7417 7341
3703 3 2 8 138 7341 7417 7418 7342
3704 3 2 8 138 7342 7418 7419 7343
3705 3 2 8 138 7343 7419 7420 7344
3706 3 2 8 138 7344 7420 1249 1250
3707 3 2 8 138 1238 1239 7421 7345
3708 3 2 8 138 7345 7421 7422 7346
3709 3 2 8 138 7346 7422 7423 7347
3710 3 2 8 138 7347 7423 7424 7348
3711 3 2 8 138 7348 7424 7425 7349
3712 3 2 8 138 7349 7425 7426 7350
3713 3 2 8 138 7350 7426 7427 7351
3714 3 2 8 138 7351 7427 7428 7352
3715 3 2 8 138 7352 7428 7429 7353
3716 3 2 8 138 7353 7429 7430 7354
3717 3 2 8 138 7354 7430 7431 7355
3718 3 2 8 138 7355 7431 7432 7356
3719 3 2 8 138 7356 7432 7433 7357
3720 3 2 8 138 7357 7433 7434 7358
3721 3 2 8 138 7358 7434 7435 7359
3722 3 2 8 138 7359 7435 7436 7360
3723 3 2 8 138 7360 7436 7437 7361
3724 3 2 8 138 7361 7437 7438 7362
3725 3 2 8 138 7362 7438 7439 7363
3726 3 2 8 138 7363 7439 7440 7364
3727 3 2 8 138 7364 7440 7441 7365
3728 3 2 8 138 7365 7441 7442 7366
3729 3 2 8 138 7366 7442 7443 7367
3730 3 2 8 138 7367 7443 7444 7368
3731 3 2 8 138 7368 7444 7445 7369
3732 3 2 8 138 7369 7445 7446 7370
3733 3 2 8 138 7370 7446 7447 7371
3734 3 2 8 138 7371 7447 7448 7372
3735 3 2 8 138 7372 7448 7449 7373
3736 3 2 8 138 7373 7449 7450 7374
3737 3 2 8 138 7374 7450 7451 7375
3738 3 2 8 138 7375 7451 7452 7376
3739 3 2 8 138 7376 7452 7453 7377
3740 3 2 8 138 7377 7453 7454 7378
3741 3 2 8 138 7378 7454 7455 7379
3742 3 2 8 138 7379 7455 7456 7380
3743 3 2 8 138 7380 7456 7457 7381
3744 3 2 8 138 7381 7457 7458 7382
3745 3 2 8 138 7382 7458 7459 7383
3746 3 2 8 138 7383 7459 7460 7384
3747 3 2 8 138 7384 7460 7461 7385
3748 3 2 8 138 7385 7461 7462 7386
3749 3 2 8 138 7386 7462 7463 7387
3750 3 2 8 138 7387 7463 7464 7388
3751 3 2 8 138 7388 7464 7465 7389
3752 3 2 8 138 7389 7465 7466 7390
3753 3 2 8 138 7390 7466 7467 7391
3754 3 2 8 138 7391 7467 7468 7392
3755 3 2 8 138 7392 7468 7469 7393
3756 3 2 8 138 7393 7469 7470 7394
3757 3 2 8 138 7394 7470 7471 7395
3758 3 2 8 138 7395 7471 7472 7396
3759 3 2 8 138 7396 7472 7473 7397
3760 3 2 8 138 7397 7473 7474 7398
3761 3 2 8 138 7398 7474 7475 7399
3762 3 2 8 138 7399 7475 7476 7400
3763 3 2 8 138 7400 7476 7477 7401
3764 3 2 8 138 7401 7477 7478 7402
3765 3 2 8 138 7402 7478 7479 7403
3766 3 2 8 138 7403 7479 7480 7404
3767 3 2 8 138 7404 7480 7481 7405
3768 3 2 8 138 7405 7481 7482 7406
3769 3 2 8 138 7406 7482 7483 7407
3770 3 2 8 138 7407 7483 7484 7408
3771 3 2 8 138 7408 7484 7485 7409
3772 3 2 8 138 7409 7485 7486 7410
3773 3 2 8 138 7410 7486 7487 7411
3774 3 2 8 138 7411 7487 7488 7412
3775 3 2 8 138 7412 7488 7489 7413
3776 3 2 8 138 7413 7489 7490 7414
3777 3 2 8 138 7414 7490 7491 7415
3778 3 2 8 138 7415 7491 7492 7416
3779 3 2 8 138 7416 7492 7493 7417
3780 3 2 8 138 7417 7493 7494 7418
3781 3 2 8 138 7418 7494 7495 7419
3782 3 2 8 138 7419 7495 7496 7420
3783 3 2 8 138 7420 7496 1248 1249
3784 3 2 8 138 1239 1240 7497 7421
3785 3 2 8 138 7421 7497 7498 7422
3786 3 2 8 138 7422 7498 7499 7423
3787 3 2 8 138 7423 7499 7500 7424
3788 3 2 8 138 7424 7500 7501 7425
3789 3 2 8 138 7425 7501 7502 7426
3790 3 2 8 138 7426 7502 7503 7427
3791 3 2 8 138 7427 7503 7504 7428
3792 3 2 8 138 7428 7504 7505 7429
3793 3 2 8 138 7429 7505 7506 7430
3794 3 2 8 138 7430 7506 7507 7431
3795 3 2 8 138 7431 7507 7508 7432
3796 3 2 8 138 7432 7508 7509 7433
3797 3 2 8 138 7433 7509 7510 7434
3798 3 2 8 138 7434 7510 7511 7435
3799 3 2 8 138 7435 7511 7512 7436
3800 3 2 8 138 7436 7512 7513 7437
3801 3 2 8 138 7437 7513 7514 7438
3802 3 2 8 138 7438 7514 7515 7439
3803 3 2 8 138 7439 7515 7516 7440
3804 3 2 8 138 7440 7516 7517 7441
3805 3 2 8 138 7441 7517 7518 7442
3806 3 2 8 138 7442 7518 7519 7443
3807 3 2 8 138 7443 7519 7520 7444
3808 3 2 8 138 7444 7520 7521 7445
3809 3 2 8 138 7445 7521 7522 7446
3810 3 2 8 138 7446 7522 7523 7447
3811 3 2 8 138 7447 7523 7524 7448
3812 3 2 8 138 7448 7524 7525 7449
3813 3 2 8 138 7449 7525 7526 7450
3814 3 2 8 138 7450 7526 7527 7451
3815 3 2 8 138 7451 7527 7528 7452
3816 3 2 8 138 7452 7528 7529 7453
3817 3 2 8 138 7453 7529 7530 7454
3818 3 2 8 138 7454 7530 7531 7455
3819 3 2 8 138 7455 7531 7532 7456
3820 3 2 8 138 7456 7532 7533 7457
3821 3 2 8 138 7457 7533 7534 7458
3822 3 2 8 138 7458 7534 7535 7459
3823 3 2 8 138 7459 7535 7536 7460
3824 3 2 8 138 7460 7536 7537 7461
3825 3 2 8 138 7461 7537 7538 7462
3826 3 2 8 138 7462 7538 7539 7463
3827 3 2 8 138 7463 7539 7540 7464
3828 3 2 8 138 7464 7540 7541 7465
3829 3 2 8 138 7465 7541 7542 7466
3830 3 2 8 138 7466 7542 7543 7467
3831 3 2 8 138 7467 7543 7544 7468
3832 3 2 8 138 7468 7544 7545 7469
3833 3 2 8 138 7469 7545 7546 7470
3834 3 2 8 138 7470 7546 7547 7471
3835 3 2 8 138 7471 7547 7548 7472
3836 3 2 8 138 7472 7548 7549 7473
3837 3 2 8 138 7473 7549 7550 7474
3838 3 2 8 138 7474 7550 7551 7475
3839 3 2 8 138 7475 7551 7552 7476
3840 3 2 8 138 7476 7552 7553 7477
3841 3 2 8 138 7477 7553 7554 7478
3842 3 2 8 138 7478 7554 7555 7479
3843 3 2 8 138 7479 7555 7556 7480
3844 3 2 8 138 7480 7556 7557 7481
3845 3 2 8 138 7481 7557 7558 7482
3846 3 2 8 138 7482 7558 7559 7483
3847 3 2 8 138 7483 7559 7560 7484
3848 3 2 8 138 7484 7560 7561 7485
3849 3 2 8 138 7485 7561 7562 7486
3850 3 2 8 138 7486 7562 7563 7487
3851 3 2 8 138 7487 7563 7564 7488
3852 3 2 8 138 7488 7564 7565 7489
3853 3 2 8 138 7489 7565 7566 7490
3854 3 2 8 138 7490 7566 7567 7491
3855 3 2 8 138 7491 7567 7568 7492
3856 3 2 8 138 7492 7568 7569 7493
3857 3 2 8 138 7493 7569 7570 7494
3858 3 2 8 138 7494 7570 7571 7495
3859 3 2 8 138 7495 7571 7572 7496
3860 3 2 8 138 7496 7572 1247 1248
3861 3 2 8 138 1240 1241 7573 7497
3862 3 2 8 138 7497 7573 7574 7498
3863 3 2 8 138 7498 7574 7575 7499
3864 3 2 8 138 7499 7575 7576 7500
3865 3 2 8 138 7500 7576 7577 7501
3866 3 2 8 138 7501 7577 7578 7502
3867 3 2 8 138 7502 7578 7579 7503
3868 3 2 8 138 7503 7579 7580 7504
3869 3 2 8 138 7504 7580 7581 7505
3870 3 2 8 138 7505 7581 7582 7506
3871 3 2 8 138 7506 7582 7583 7507
3872 3 2 8 138 7507 7583 7584 7508
3873 3 2 8 138 7508 7584 7585 7509
3874 3 2 8 138 7509 7585 7586 7510
3875 3 2 8 138 7510 7586 7587 7511
3876 3 2 8 138 7511 7587 7588 7512
3877 3 2 8 138 7512 7588 7589 7513
3878 3 2 8 138 7513 7589 7590 7514
3879 3 2 8 138 7514 7590 7591 7515
3880 3 2 8 138 7515 7591 7592 7516
3881 3 2 8 138 7516 7592 7593 7517
3882 3 2 8 138 7517 7593 7594 7518
3883 3 2 8 138 7518 7594 7595 7519
3884 3 2 8 138 7519 7595 7596 7520
3885 3 2 8 138 7520 7596 7597 7521
3886 3 2 8 138 7521 7597 7598 7522
3887 3 2 8 138 7522 7598 7599 7523
3888 3 2 8 138 7523 7599 7600 7524
3889 3 2 8 138 7524 7600 7601 7525
3890 3 2 8 138 7525 7601 7602 7526
3891 3 2 8 138 7526 7602 7603 7527
3892 3 2 8 138 7527 7603 7604 7528
3893 3 2 8 138 7528 7604 7605 7529
3894 3 2 8 138 7529 7605 7606 7530
3895 3 2 8 138 7530 7606 7607 7531
3896 3 2 8 138 7531 7607 7608 7532
3897 3 2 8 138 7532 7608 7609 7533
3898 3 2 8 138 7533 7609 7610 7534
3899 3 2 8 138 7534 7610 7611 7535
3900 3 2 8 138 7535 7611 7612 7536
3901 3 2 8 138 7536 7612 7613 7537
3902 3 2 8 138 7537 7613 7614 7538
3903 3 2 8 138 7538 7614 7615 7539
3904 3 2 8 138 7539 7615 7616 7540
3905 3 2 8 138 7540 7616 7617 7541
3906 3 2 8 138 7541 7617 7618 7542
3907 3 2 8 138 7542 7618 7619 7543
3908 3 2 8 138 7543 7619 7620 7544
3909 3 2 8 138 7544 7620 7621 7545
3910 3 2 8 138 7545 7621 7622 7546
3911 3 2 8 138 7546 7622 7623 7547
3912 3 2 8 138 7547 7623 7624 7548
3913 3 2 8 138 7548 7624 7625 7549
3914 3 2 8 138 7549 7625 7626 7550
3915 3 2 8 138 7550 7626 7627 7551
3916 3 2 8 138 7551 7627 7628 7552
3917 3 2 8 138 7552 7628 7629 7553
3918 3 2 8 138 7553 7629 7630 7554
3919 3 2 8 138 7554 7630 7631 7555
3920 3 2 8 138 7555 7631 7632 7556
3921 3 2 8 138 7556 7632 7633 7557
3922 3 2 8 138 7557 7633 7634 7558
3923 3 2 8 138 7558 7634 7635 7559
3924 3 2 8 138 7559 7635 7636 7560
3925 3 2 8 138 7560 7636 7637 7561
3926 3 2 8 138 7561 7637 7638 7562
3927 3 2 8 138 7562 7638 7639 7563
3928 3 2 8 138 7563 7639 7640 7564
3929 3 2 8 138 7564 7640 7641 7565
3930 3 2 8 138 7565 7641 7642 7566
3931 3 2 8 138 7566 7642 7643 7567
3932 3 2 8 138 7567 7643 7644 7568
3933 3 2 8 138 7568 7644 7645 7569
3934 3 2 8 138 7569 7645 7646 7570
3935 3 2 8 138 7570 7646 7647 7571
3936 3 2 8 138 7571 7647 7648 7572
3937 3 2 8 138 7572 7648 1246 1247
3938 3 2 8 138 1241 1242 7649 7573
3939 3 2 8 138 7573 7649 7650 7574
3940 3 2 8 138 7574 7650 7651 7575
3941 3 2 8 138 7575 7651 7652 7576
3942 3 2 8 138 7576 7652 7653 7577
3943 3 2 8 138 7577 7653 7654 7578
3944 3 2 8 138 7578 7654 7655 7579
3945 3 2 8 138 7579 7655 7656 7580
3946 3 2 8 138 7580 7656 7657 7581
3947 3 2 8 138 7581 7657 7658 7582
3948 3 2 8 138 7582 7658 7659 7583
3949 3 2 8 138 7583 7659 7660 7584
3950 3 2 8 138 7584 7660 7661 7585
3951 3 2 8 138 7585 7661 7662 7586
3952 3 2 8 138 7586 7662 7663 7587
3953 3 2 8 138 7587 7663 7664 7588
3954 3 2 8 138 7588 7664 7665 7589
3955 3 2 8 138 7589 7665 7666 7590
3956 3 2 8 138 7590 7666 7667 7591
3957 3 2 8 138 7591 7667 7668 7592
3958 3 2 8 138 7592 7668 7669 7593
3959 3 2 8 138 7593 7669 7670 7594
3960 3 2 8 138 7594 7670 7671 7595
3961 3 2 8 138 7595 7671 7672 7596
3962 3 2 8 138 7596 7672 7673 7597
3963 3 2 8 138 7597 7673 7674 7598
3964 3 2 8 138 7598 7674 7675 7599
3965 3 2 8 138 7599 7675 7676 7600
3966 3 2 8 138 7600 7676 7677 7601
3967 3 2 8 138 7601 7677 7678 7602
3968 3 2 8 138 7602 7678 7679 7603
3969 3 2 8 138 7603 7679 7680 7604
3970 3 2 8 138 7604 7680 7681 7605
3971 3 2 8 138 7605 7681 7682 7606
3972 3 2 8 138 7606 7682 7683 7607
3973 3 2 8 138 7607 7683 7684 7608
3974 3 2 8 138 7608 7684 7685 7609
3975 3 2 8 138 7609 7685 7686 7610
3976 3 2 8 138 7610 7686 7687 7611
3977 3 2 8 138 7611 7687 7688 7612
3978 3 2 8 138 7612 7688 7689 7613
3979 3 2 8 138 7613 7689 7690 7614
3980 3 2 8 138 7614 7690 7691 7615
3981 3 2 8 138 7615 7691 7692 7616
3982 3 2 8 138 7616 7692 7693 7617
3983 3 2 8 138 7617 7693 7694 7618
3984 3 2 8 138 7618 7694 7695 7619
3985 3 2 8 138 7619 7695 7696 7620
3986 3 2 8 138 7620 7696 7697 7621
3987 3 2 8 138 7621 7697 7698 7622
3988 3 2 8 138 7622 7698 7699 7623
3989 3 2 8 138 7623 7699 7700 7624
3990 3 2 8 138 7624 7700 7701 7625
3991 3 2 8 138 7625 7701 7702 7626
3992 3 2 8 138 7626 7702 7703 7627
3993 3 2 8 138 7627 7703 7704 7628
3994 3 2 8 138 7628 7704 7705 7629
3995 3 2 8 138 7629 7705 7706 7630
3996 3 2 8 138 7630 7706 7707 7631
3997 3 2 8 138 7631 7707 7708 7632
3998 3 2 8 138 7632 7708 7709 7633
3999 3 2 8 138 7633 7709 7710 7634
4000 3 2 8 138 7634 7710 7711 7635
4001 3 2 8 138 7635 7711 7712 7636
4002 3 2 8 138 7636 7712 7713 7637
4003 3 2 8 138 7637 7713 7714 7638
4004 3 2 8 138 7638 7714 7715 7639
4005 3 2 8 138 7639 7715 7716 7640
4006 3 2 8 138 7640 7716 7717 7641
4007 3 2 8 138 7641 7717 7718 7642
4008 3 2 8 138 7642 7718 7719 7643
4009 3 2 8 138 7643 7719 7720 7644
4010 3 2 8 138 7644 7720 7721 7645
4011 3 2 8 138 7645 7721 7722 7646
4012 3 2 8 138 7646 7722 7723 7647
4013 3 2 8 138 7647 7723 7724 7648
4014 3 2 8 138 7648 7724 1245 1246
4015 3 2 8 138 1242 1243 7725 7649
4016 3 2 8 138 7649 7725 7726 7650
4017 3 2 8 138 7650 7726 7727 7651
4018 3 2 8 138 7651 7727 7728 7652
4019 3 2 8 138 7652 7728 7729 7653
4020 3 2 8 138 7653 7729 7730 7654
4021 3 2 8 138 7654 7730 7731 7655
4022 3 2 8 138 7655 7731 7732 7656
4023 3 2 8 138 7656 7732 7733 7657
4024 3 2 8 138 7657 7733 7734 7658
4025 3 2 8 138 7658 7734 7735 7659
4026 3 2 8 138 7659 7735 7736 7660
4027 3 2 8 138 7660 7736 7737 7661
4028 3 2 8 138 7661 7737 7738 7662
4029 3 2 8 138 7662 7738 7739 7663
4030 3 2 8 138 7663 7739 7740 7664
4031 3 2 8 138 7664 7740 7741 7665
4032 3 2 8 138 7665 7741 7742 7666
4033 3 2 8 138 7666 7742 7743 7667
4034 3 2 8 138 7667 7743 7744 7668
4035 3 2 8 138 7668 7744 7745 7669
4036 3 2 8 138 7669 7745 7746 7670
4037 3 2 8 138 7670 7746 7747 7671
4038 3 2 8 138 7671 7747 7748 7672
4039 3 2 8 138 7672 7748 7749 7673
4040 3 2 8 138 7673 7749 7750 7674
4041 3 2 8 138 7674 7750 7751 7675
4042 3 2 8 138 7675 7751 7752 7676
4043 3 2 8 138 7676 7752 7753 7677
4044 3 2 8 138 7677 7753 7754 7678
4045 3 2 8 138 7678 7754 7755 7679
4046 3 2 8 138 7679 7755 7756 7680
4047 3 2 8 138 7680 7756 7757 7681
4048 3 2 8 138 7681 7757 7758 7682
4049 3 2 8 138 7682 7758 7759 7683
4050 3 2 8 138 7683 7759 7760 7684
4051 3 2 8 138 7684 7760 7761 7685
4052 3 2 8 138 7685 7761 7762 7686
4053 3 2 8 138 7686 7762 7763 7687
4054 3 2 8 138 7687 7763 7764 7688
4055 3 2 8 138 7688 7764 7765 7689
4056 3 2 8 138 7689 7765 7766 7690
4057 3 2 8 138 7690 7766 7767 7691
4058 3 2 8 138 7691 7767 7768 7692
4059 3 2 8 138 7692 7768 7769 7693
4060 3 2 8 138 7693 7769 7770 7694
4061 3 2 8 138 7694 7770 7771 7695
4062 3 2 8 138 7695 7771 7772 7696
4063 3 2 8 138 7696 7772 7773 7697
4064 3 2 8 138 7697 7773 7774 7698
4065 3 2 8 138 7698 7774 7775 7699
4066 3 2 8 138 7699 7775 7776 7700
4067 3 2 8 138 7700 7776 7777 7701
4068 3 2 8 138 7701 7777 7778 7702
4069 3 2 8 138 7702 7778 7779 7703
4070 3 2 8 138 7703 7779 7780 7704
4071 3 2 8 138 7704 7780 7781 7705
4072 3 2 8 138 7705 7781 7782 7706
4073 3 2 8 138 7706 7782 7783 7707
4074 3 2 8 138 7707 7783 7784 7708
4075 3 2 8 138 7708 7784 7785 7709
4076 3 2 8 138 7709 7785 7786 7710
4077 3 2 8 138 7710 7786 7787 7711
4078 3 2 8 138 7711 7787 7788 7712
4079 3 2 8 138 7712 7788 7789 7713
4080 3 2 8 138 7713 7789 7790 7714
4081 3 2 8 138 7714 7790 7791 7715
4082 3 2 8 138 7715 7791 7792 7716
4083 3 2 8 138 7716 7792 7793 7717
4084 3 2 8 138 7717 7793 7794 7718
4085 3 2 8 138 7718 7794 7795 7719
4086 3 2 8 138 7719 7795 7796 7720
4087 3 2 8 138 7720 7796 7797 7721
4088 3 2 8 138 7721 7797 7798 7722
4089 3 2 8 138 7722 7798 7799 7723
4090 3 2 8 138 7723 7799 7800 7724
4091 3 2 8 138 7724 7800 1244 1245
4092 3 2 8 138 1243 28 1222 7725
4093 3 2 8 138 7725 1222 1221 7726
4094 3 2 8 138 7726 1221 1220 7727
4095 3 2 8 138 7727 1220 1219 7728
4096 3 2 8 138 7728 1219 1218 7729
4097 3 2 8 138 7729 1218 1217 7730
4098 3 2 8 138 7730 1217 1216 7731
4099 3 2 8 138 7731 1216 1215 7732
4100 3 2 8 138 7732 1215 1214 7733
4101 3 2 8 138 7733 1214 1213 7734
4102 3 2 8 138 7734 1213 1212 7735
4103 3 2 8 138 7735 1212 1211 7736
4104 3 2 8 138 7736 1211 1210 7737
4105 3 2 8 138 7737 1210 1209 7738
4106 3 2 8 138 7738 1209 1208 7739
4107 3 2 8 138 7739 1208 1207 7740
4108 3 2 8 138 7740 1207 1206 7741
4109 3 2 8 138 7741 1206 1205 7742
4110 3 2 8 138 7742 1205 1204 7743
4111 3 2 8 138 7743 1204 1203 7744
4112 3 2 8 138 7744 1203 1202 7745
4113 3 2 8 138 7745 1202 1201 7746
4114 3 2 8 138 7746 1201 1200 7747
4115 3 2 8 138 7747 1200 1199 7748
4116 3 2 8 138 7748 1199 1198 7749
4117 3 2 8 138 7749 1198 1197 7750
4118 3 2 8 138 7750 1197 1196 7751
4119 3 2 8 138 7751 1196 1195 7752
4120 3 2 8 138 7752 1195 1194 7753
4121 3 2 8 138 7753 1194 1193 7754
4122 3 2 8 138 7754 1193 1192 7755
4123 3 2 8 138 7755 1192 1191 7756
4124 3 2 8 138 7756 1191 1190 7757
4125 3 2 8 138 7757 1190 1189 7758
4126 3 2 8 138 7758 1189 1188 7759
4127 3 2 8 138 7759 1188 1187 7760
4128 3 2 8 138 7760 1187 1186 7761
4129 3 2 8 138 7761 1186 1185 7762
4130 3 2 8 138 7762 1185 1184 7763
4131 3 2 8 138 7763 1184 1183 7764
4132 3 2 8 138 7764 1183 1182 7765
4133 3 2 8 138 7765 1182 1181 7766
4134 3 2 8 138 7766 1181 1180 7767
4135 3 2 8 138 7767 1180 1179 7768
4136 3 2 8 138 7768 1179 1178 7769
4137 3 2 8 138 7769 1178 1177 7770
4138 3 2 8 138 7770 1177 1176 7771
4139 3 2 8 138 7771 1176 1175 7772
4140 3 2 8 138 7772 1175 1174 7773
4141 3 2 8 138 7773 1174 1173 7774
4142 3 2 8 138 7774 1173 1172 7775
4143 3 2 8 138 7775 1172 1171 7776
4144 3 2 8 138 7776 1171 1170 7777
4145 3 2 8 138 7777 1170 1169 7778
4146 3 2 8 138 7778 1169 1168 7779
4147 3 2 8 138 7779 1168 1167 7780
4148 3 2 8 138 7780 1167 1166 7781
4149 3 2 8 138 7781 1166 1165 7782
4150 3 2 8 138 7782 1165 1164 7783
4151 3 2 8 138 7783 1164 1163 7784
4152 3 2 8 138 7784 1163 1162 7785
4153 3 2 8 138 7785 1162 1161 7786
4154 3 2 8 138 7786 1161 1160 7787
4155 3 2 8 138 7787 1160 1159 7788
4156 3 2 8 138 7788 1159 1158 7789
4157 3 2 8 138 7789 1158 1157 7790
4158 3 2 8 138 7790 1157 1156 7791
4159 3 2 8 138 7791 1156 1155 7792
4160 3 2 8 138 7792 1155 1154 7793
4161 3 2 8 138 7793 1154 1153 7794
4162 3 2 8 138 7794 1153 1152 7795
4163 3 2 8 138 7795 1152 1151 7796
4164 3 2 8 138 7796 1151 1150 7797
4165 3 2 8 138 7797 1150 1149 7798
4166 3 2 8 138 7798 1149 1148 7799
4167 3 2 8 138 7799 1148 1147 7800
4168 3 2 8 138 7800 1147 27 1244
4169 3 2 3 139 23 21 29 31
4170 3 2 4 140 22 24 32 30
4171 3 2 6 141 24 995 1341 32
4172 3 2 6 141 995 996 1342 1341
4173 3 2 6 141 996 997 1343 1342
4174 3 2 6 141 997 998 1344 1343
4175 3 2 6 141 998 999 1345 1344
4176 3 2 6 141 999 1000 1346 1345
4177 3 2 6 141 1000 1001 1347 1346
4178 3 2 6 141 1001 1002 1348 1347
4179 3 2 6 141 1002 1003 1349 1348
4180 3 2 6 141 1003 1004 1350 1349
4181 3 2 6 141 1004 1005 1351 1350
4182 3 2 6 141 1005 1006 1352 1351
4183 3 2 6 141 1006 1007 1353 1352
4184 3 2 6 141 1007 1008 1354 1353
4185 3 2 6 141 1008 1009 1355 1354
4186 3 2 6 141 1009 1010 1356 1355
4187 3 2 6 141 1010 1011 1357 1356
4188 3 2 6 141 1011 1012 1358 1357
4189 3 2 6 141 1012 1013 1359 1358
4190 3 2 6 141 1013 1014 1360 1359
4191 3 2 6 141 1014 1015 1361 1360
4192 3 2 6 141 1015 1016 1362 1361
4193 3 2 6 141 1016 1017 1363 1362
4194 3 2 6 141 1017 1018 1364 1363
4195 3 2 6 141 1018 1019 1365 1364
4196 3 2 6 141 1019 1020 1366 1365
4197 3 2 6 141 1020 1021 1367 1366
4198 3 2 6 141 1021 1022 1368 1367
4199 3 2 6 141 1022 1023 1369 1368
4200 3 2 6 141 1023 1024 1370 1369
4201 3 2 6 141 1024 1025 1371 1370
4202 3 2 6 141 1025 1026 1372 1371
4203 3 2 6 141 1026 1027 1373 1372
4204 3 2 6 141 1027 1028 1374 1373
4205 3 2 6 141 1028 1029 1375 1374
4206 3 2 6 141 1029 1030 1376 1375
4207 3 2 6 141 1030 1031 1377 1376
4208 3 2 6 141 1031 1032 1378 1377
4209 3 2 6 141 1032 1033 1379 1378
4210 3 2 6 141 1033 1034 1380 1379
4211 3 2 6 141 1034 1035 1381 1380
4212 3 2 6 141 1035 1036 1382 1381
4213 3 2 6 141 1036 1037 1383 1382
4214 3 2 6 141 1037 1038 1384 1383
4215 3 2 6 141 1038 1039 1385 1384
4216 3 2 6 141 1039 1040 1386 1385
4217 3 2 6 141 1040 1041 1387 1386
4218 3 2 6 141 1041 1042 1388 1387
4219 3 2 6 141 1042 1043 1389 1388
4220 3 2 6 141 1043 1044 1390 1389
4221 3 2 6 141 1044 1045 1391 1390
4222 3 2 6 141 1045 1046 1392 1391
4223 3 2 6 141 1046 1047 1393 1392
4224 3 2 6 141 1047 1048 1394 1393
4225 3 2 6 141 1048 1049 1395 1394
4226 3 2 6 141 1049 1050 1396 1395
4227 3 2 6 141 1050 1051 1397 1396
4228 3 2 6 141 1051 1052 1398 1397
4229 3 2 6 141 1052 1053 1399 1398
4230 3 2 6 141 1053 1054 1400 1399
4231 3 2 6 141 1054 1055 1401 1400
4232 3 2 6 141 1055 1056 1402 1401
4233 3 2 6 141 1056 1057 1403 1402
4234 3 2 6 141 1057 1058 1404 1403
4235 3 2 6 141 1058 1059 1405 1404
4236 3 2 6 141 1059 1060 1406 1405
4237 3 2 6 141 1060 1061 1407 1406
4238 3 2 6 141 1061 1062 1408 1407
4239 3 2 6 141 1062 1063 1409 1408
4240 3 2 6 141 1063 1064 1410 1409
4241 3 2 6 141 1064 1065 1411 1410
4242 3 2 6 141 1065 1066 1412 1411
4243 3 2 6 141 1066 1067 1413 1412
4244 3 2 6 141 1067 1068 1414 1413
4245 3 2 6 141 1068 1069 1415 1414
4246 3 2 6 141 1069 1070 1416 1415
4247 3 2 6 141 1070 23 31 1416
4248 3 2 8 142 31 29 1340 1416
4249 3 2 8 142 1416 1340 1339 1415
4250 3 2 8 142 1415 1339 1338 1414
4251 3 2 8 142 1414 1338 1337 1413
4252 3 2 8 142 1413 1337 1336 1412
4253 3 2 8 142 1412 1336 1335 1411
4254 3 2 8 142 1411 1335 1334 1410
4255 3 2 8 142 1410 1334 1333 1409
4256 3 2 8 142 1409 1333 1332 1408
4257 3 2 8 142 1408 1332 1331 1407
4258 3 2 8 142 1407 1331 1330 1406
4259 3 2 8 142 1406 1330 1329 1405
4260 3 2 8 142 1405 1329 1328 1404
4261 3 2 8 142 1404 1328 1327 1403
4262 3 2 8 142 1403 1327 1326 1402
4263 3 2 8 142 1402 1326 1325 1401
4264 3 2 8 142 1401 1325 1324 1400
4265 3 2 8 142 1400 1324 1323 1399
4266 3 2 8 142 1399 1323 1322 1398
4267 3 2 8 142 1398 1322 1321 1397
4268 3 2 8 142 1397 1321 1320 1396
4269 3 2 8 142 1396 1320 1319 1395
4270 3 2 8 142 1395 1319 1318 1394
4271 3 2 8 142 1394 1318 1317 1393
4272 3 2 8 142 1393 1317 1316 1392
4273 3 2 8 142 1392 1316 1315 1391
4274 3 2 8 142 1391 1315 1314 1390
4275 3 2 8 142 1390 1314 1313 1389
4276 3 2 8 142 1389 1313 1312 1388
4277 3 2 8 142 1388 1312 1311 1387
4278 3 2 8 142 1387 1311 1310 1386
4279 3 2 8 142 1386 1310 1309 1385
4280 3 2 8 142 1385 1309 1308 1384
4281 3 2 8 142 1384 1308 1307 1383
4282 3 2 8 142 1383 1307 1306 1382
4283 3 2 8 142 1382 1306 1305 1381
4284 3 2 8 142 1381 1305 1304 1380
4285 3 2 8 142 1380 1304 1303 1379
4286 3 2 8 142 1379 1303 1302 1378
4287 3 2 8 142 1378 1302 1301 1377
4288 3 2 8 142 1377 1301 1300 1376
4289 3 2 8 142 1376 1300 1299 1375
4290 3 2 8 142 1375 1299 1298 1374
4291 3 2 8 142 1374 1298 1297 1373
4292 3 2 8 142 1373 1297 1296 1372
4293 3 2 8 142 1372 1296 1295 1371
4294 3 2 8 142 1371 1295 1294 1370
4295 3 2 8 142 1370 1294 1293 1369
4296 3 2 8 142 1369 1293 1292 1368
4297 3 2 8 142 1368 1292 1291 1367
4298 3 2 8 142 1367 1291 1290 1366
4299 3 2 8 142 1366 1290 1289 1365
4300 3 2 8 142 1365 1289 1288 1364
4301 3 2 8 142 1364 1288 1287 1363
4302 3 2 8 142 1363 1287 1286 1362
4303 3 2 8 142 1362 1286 1285 1361
4304 3 2 8 142 1361 1285 1284 1360
4305 3 2 8 142 1360 1284 1283 1359
4306 3 2 8 142 1359 1283 1282 1358
4307 3 2 8 142 1358 1282 1281 1357
4308 3 2 8 142 1357 1281 1280 1356
4309 3 2 8 142 1356 1280 1279 1355
4310 3 2 8 142 1355 1279 1278 1354
4311 3 2 8 142 1354 1278 1277 1353
4312 3 2 8 142 1353 1277 1276 1352
4313 3 2 8 142 1352 1276 1275 1351
4314 3 2 8 142 1351 1275 1274 1350
4315 3 2 8 142 1350 1274 1273 1349
4316 3 2 8 142 1349 1273 1272 1348
4317 3 2 8 142 1348 1272 1271 1347
4318 3 2 8 142 1347 1271 1270 1346
4319 3 2 8 142 1346 1270 1269 1345
4320 3 2 8 142 1345 1269 1268 1344
4321 3 2 8 142 1344 1268 1267 1343
4322 3 2 8 142 1343 1267 1266 1342
4323 3 2 8 142 1342 1266 1265 1341
4324 3 2 8 142 1341 1265 30 32
4325 5 2 2 1 1 33 184 4 9 379 530 12
4326 5 2 2 1 33 34 183 184 379 380 529 530
4327 5 2 2 1 34 35 182 183 380 381 528 529
4328 5 2 2 1 35 36 181 182 381 382 527 528
4329 5 2 2 1 36 37 180 181 382 383 526 527
4330 5 2 2 1 37 38 179 180 383 384 525 526
4331 5 2 2 1 38 39 178 179 384 385 524 525
4332 5 2 2 1 39 40 177 178 385 386 523 524
4333 5 2 2 1 40 41 176 177 386 387 522 523
4334 5 2 2 1 41 42 175 176 387 388 521 522
4335 5 2 2 1 42 43 174 175 388 389 520 521
4336 5 2 2 1 43 44 173 174 389 390 519 520
4337 5 2 2 1 44 45 172 173 390 391 518 519
4338 5 2 2 1 45 46 171 172 391 392 517 518
4339 5 2 2 1 46 47 170 171 392 393 516 517
4340 5 2 2 1 47 48 169 170 393 394 515 516
4341 5 2 2 1 48 49 168 169 394 395 514 515
4342 5 2 2 1 49 50 167 168 395 396 513 514
4343 5 2 2 1 50 51 166 167 396 397 512 513
4344 5 2 2 1 51 52 165 166 397 398 511 512
4345 5 2 2 1 52 53 164 165 398 399 510 511
4346 5 2 2 1 53 54 163 164 399 400 509 510
4347 5 2 2 1 54 55 162 163 400 401 508 509
4348 5 2 2 1 55 56 161 162 401 402 507 508
4349 5 2 2 1 56 57 160 161 402 403 506 507
4350 5 2 2 1 57 58 159 160 403 404 505 506
4351 5 2 2 1 58 59 158 159 404 405 504 505
4352 5 2 2 1 59 60 157 158 405 406 503 504
4353 5 2 2 1 60 61 156 157 406 407 502 503
4354 5 2 2 1 61 62 155 156 407 408 501 502
4355 5 2 2 1 62 63 154 155 408 409 500 501
4356 5 2 2 1 63 64 153 154 409 410 499 500
4357 5 2 2 1 64 65 152 153 410 411 498 499
4358 5 2 2 1 65 66 151 152 411 412 497 498
4359 5 2 2 1 66 67 150 151 412 413 496 497
4360 5 2 2 1 67 68 149 150 413 414 495 496
4361 5 2 2 1 68 69 148 149 414 415 494 495
4362 5 2 2 1 69 70 147 148 415 416 493 494
4363 5 2 2 1 70 71 146 147 416 417 492 493
4364 5 2 2 1 71 72 145 146 417 418 491 492
4365 5 2 2 1 72 73 144 145 418 419 490 491
4366 5 2 2 1 73 74 143 144 419 420 489 490
4367 5 2 2 1 74 75 142 143 420 421 488 489
4368 5 2 2 1 75 76 141 142 421 422 487 488
4369 5 2 2 1 76 77 140 141 422 423 486 487
4370 5 2 2 1 77 78 139 140 423 424 485 486
4371 5 2 2 1 78 79 138 139 424 425 484 485
4372 5 2 2 1 79 80 137 138 425 426 483 484
4373 5 2 2 1 80 81 136 137 426 427 482 483
4374 5 2 2 1 81 82 135 136 427 428 481 482
4375 5 2 2 1 82 83 134 135 428 429 480 481
4376 5 2 2 1 83 84 133 134 429 430 479 480
4377 5 2 2 1 84 85 132 133 430 431 478 479
4378 5 2 2 1 85 86 131 132 431 432 477 478
4379 5 2 2 1 86 87 130 131 432 433 476 477
4380 5 2 2 1 87 88 129 130 433 434 475 476
4381 5 2 2 1 88 89 128 129 434 435 474 475
4382 5 2 2 1 89 90 127 128 435 436 473 474
4383 5 2 2 1 90 91 126 127 436 437 472 473
4384 5 2 2 1 91 92 125 126 437 438 471 472
4385 5 2 2 1 92 93 124 125 438 439 470 471
4386 5 2 2 1 93 94 123 124 439 440 469 470
4387 5 2 2 1 94 95 122 123 440 441 468 469
4388 5 2 2 1 95 96 121 122 441 442 467 468
4389 5 2 2 1 96 97 120 121 442 443 466 467
4390 5 2 2 1 97 98 119 120 443 444 465 466
4391 5 2 2 1 98 99 118 119 444 445 464 465
4392 5 2 2 1 99 100 117 118 445 446 463 464
4393 5 2 2 1 100 101 116 117 446 447 462 463
4394 5 2 2 1 101 102 115 116 447 448 461 462
4395 5 2 2 1 102 103 114 115 448 449 460 461
4396 5 2 2 1 103 104 113 114 449 450 459 460
4397 5 2 2 1 104 105 112 113 450 451 458 459
4398 5 2 2 1 105 106 111 112 451 452 457 458
4399 5 2 2 1 106 107 110 111 452 453 456 457
4400 5 2 2 1 107 108 109 110 453 454 455 456
4401 5 2 2 1 108 2 3 109 454 10 11 455
4402 5 2 2 2 5 282 1417 281 13 531 3013 648
4403 5 2 2 2 281 1417 1418 280 648 3013 3014 647
4404 5 2 2 2 280 1418 1419 279 647 3014 3015 646
4405 5 2 2 2 279 1419 1420 278 646 3015 3016 645
4406 5 2 2 2 278 1420 1421 277 645 3016 3017 644
4407 5 2 2 2 277 1421 1422 276 644 3017 3018 643
4408 5 2 2 2 276 1422 1423 275 643 3018 3019 642
4409 5 2 2 2 275 1423 1424 274 642 3019 3020 641
4410 5 2 2 2 274 1424 1425 273 641 3020 3021 640
4411 5 2 2 2 273 1425 1426 272 640 3021 3022 639
4412 5 2 2 2 272 1426 1427 271 639 3022 3023 638
4413 5 2 2 2 271 1427 1428 270 638 3023 3024 637
4414 5 2 2 2 270 1428 1429 269 637 3024 3025 636
4415 5 2 2 2 269 1429 1430 268 636 3025 3026 635
4416 5 2 2 2 268 1430 1431 267 635 3026 3027 634
4417 5 2 2 2 267 1431 1432 266 634 3027 3028 633
4418 5 2 2 2 266 1432 1433 265 633 3028 3029 632
4419 5 2 2 2 265 1433 1434 264 632 3029 3030 631
4420 5 2 2 2 264 1434 1435 263 631 3030 3031 630
4421 5 2 2 2 263 1435 1436 262 630 3031 3032 629
4422 5 2 2 2 262 1436 1437 261 629 3032 3033 628
4423 5 2 2 2 261 1437 1438 260 628 3033 3034 627
4424 5 2 2 2 260 1438 1439 259 627 3034 3035 626
4425 5 2 2 2 259 1439 1440 258 626 3035 3036 625
4426 5 2 2 2 258 1440 1441 257 625 3036 3037 624
4427 5 2 2 2 257 1441 1442 256 624 3037 3038 623
4428 5 2 2 2 256 1442 1443 255 623 3038 3039 622
4429 5 2 2 2 255 1443 1444 254 622 3039 3040 621
4430 5 2 2 2 254 1444 1445 253 621 3040 3041 620
4431 5 2 2 2 253 1445 1446 252 620 3041 3042 619
4432 5 2 2 2 252 1446 1447 251 619 3042 3043 618
4433 5 2 2 2 251 1447 1448 250 618 3043 3044 617
4434 5 2 2 2 250 1448 1449 249 617 3044 3045 616
4435 5 2 2 2 249 1449 1450 248 616 3045 3046 615
4436 5 2 2 2 248 1450 1451 247 615 3046 3047 614
4437 5 2 2 2 247 1451 1452 246 614 3047 3048 613
4438 5 2 2 2 246 1452 1453 245 613 3048 3049 612
4439 5 2 2 2 245 1453 1454 244 612 3049 3050 611
4440 5 2 2 2 244 1454 1455 243 611 3050 3051 610
4441 5 2 2 2 243 1455 1456 242 610 3051 3052 609
4442 5 2 2 2 242 1456 1457 241 609 3052 3053 608
4443 5 2 2 2 241 1457 1458 240 608 3053 3054 607
4444 5 2 2 2 240 1458 1459 239 607 3054 3055 606
4445 5 2 2 2 239 1459 1460 238 606 3055 3056 605
4446 5 2 2 2 238 1460 1461 237 605 3056 3057 604
4447 5 2 2 2 237 1461 1462 236 604 3057 3058 603
4448 5 2 2 2 236 1462 1463 235 603 3058 3059 602
4449 5 2 2 2 235 1463 1464 234 602 3059 3060 601
4450 5 2 2 2 234 1464 1465 233 601 3060 3061 600
4451 5 2 2 2 233 1465 1466 232 600 3061 3062 599
4452 5 2 2 2 232 1466 1467 231 599 3062 3063 598
4453 5 2 2 2 231 1467 1468 230 598 3063 3064 597
4454 5 2 2 2 230 1468 1469 229 597 3064 3065 596
4455 5 2 2 2 229 1469 1470 228 596 3065 3066 595
4456 5 2 2 2 228 1470 1471 227 595 3066 3067 594
4457 5 2 2 2 227 1471 1472 226 594 3067 3068 593
4458 5 2 2 2 226 1472 1473 225 593 3068 3069 592
4459 5 2 2 2 225 1473 1474 224 592 3069 3070 591
4460 5 2 2 2 224 1474 1475 223 591 3070 3071 590
4461 5 2 2 2 223 1475 1476 222 590 3071 3072 589
4462 5 2 2 2 222 1476 1477 221 589 3072 3073 588
4463 5 2 2 2 221 1477 1478 220 588 3073 3074 587
4464 5 2 2 2 220 1478 1479 219 587 3074 3075 586
4465 5 2 2 2 219 1479 1480 218 586 3075 3076 585
4466 5 2 2 2 218 1480 1481 217 585 3076 3077 584
4467 5 2 2 2 217 1481 1482 216 584 3077 3078 583
4468 5 2 2 2 216 1482 1483 215 583 3078 3079 582
4469 5 2 2 2 215 1483 1484 214 582 3079 3080 581
4470 5 2 2 2 214 1484 1485 213 581 3080 3081 580
4471 5 2 2 2 213 1485 1486 212 580 3081 3082 579
4472 5 2 2 2 212 1486 1487 211 579 3082 3083 578
4473 5 2 2 2 211 1487 1488 210 578 3083 3084 577
4474 5 2 2 2 210 1488 1489 209 577 3084 3085 576
4475 5 2 2 2 209 1489 1490 208 576 3085 3086 575
4476 5 2 2 2 208 1490 1491 207 575 3086 3087 574
4477 5 2 2 2 207 1491 1492 206 574 3087 3088 573
4478 5 2 2 2 206 1492 205 6 573 3088 572 14
4479 5 2 2 2 282 283 1493 1417 531 532 3089 3013
4480 5 2 2 2 1417 1493 1494 1418 3013 3089 3090 3014
4481 5 2 2 2 1418 1494 1495 1419 3014 3090 3091 3015
4482 5 2 2 2 1419 1495 1496 1420 3015 3091 3092 3016
4483 5 2 2 2 1420 1496 1497 1421 3016 3092 3093 3017
4484 5 2 2 2 1421 1497 1498 1422 3017 3093 3094 3018
4485 5 2 2 2 1422 1498 1499 1423 3018 3094 3095 3019
4486 5 2 2 2 1423 1499 1500 1424 3019 3095 3096 3020
4487 5 2 2 2 1424 1500 1501 1425 3020 3096 3097 3021
4488 5 2 2 2 1425 1501 1502 1426 3021 3097 3098 3022
4489 5 2 2 2 1426 1502 1503 1427 3022 3098 3099 3023
4490 5 2 2 2 1427 1503 1504 1428 3023 3099 3100 3024
4491 5 2 2 2 1428 1504 1505 1429 3024 3100 3101 3025
4492 5 2 2 2 1429 1505 1506 1430 3025 3101 3102 3026
4493 5 2 2 2 1430 1506 1507 1431 3026 3102 3103 3027
4494 5 2 2 2 1431 1507 1508 1432 3027 3103 3104 3028
4495 5 2 2 2 1432 1508 1509 1433 3028 3104 3105 3029
4496 5 2 2 2 1433 1509 1510 1434 3029 3105 3106 3030
4497 5 2 2 2 1434 1510 1511 1435 3030 3106 3107 3031
4498 5 2 2 2 1435 1511 1512 1436 3031 3107 3108 3032
4499 5 2 2 2 1436 1512 1513 1437 3032 3108 3109 3033
4500 5 2 2 2 1437 1513 1514 1438 3033 3109 3110 3034
4501 5 2 2 2 1438 1514 1515 1439 3034 3110 3111 3035
4502 5 2 2 2 1439 1515 1516 1440 3035 3111 3112 3036
4503 5 2 2 2 1440 1516 1517 1441 3036 3112 3113 3037
4504 5 2 2 2 1441 1517 1518 1442 3037 3113 3114 3038
4505 5 2 2 2 1442 1518 1519 1443 3038 3114 3115 3039
4506 5 2 2 2 1443 1519 1520 1444 3039 3115 3116 3040
4507 5 2 2 2 1444 1520 1521 1445 3040 3116 3117 3041
4508 5 2 2 2 1445 1521 1522 1446 3041 3117 3118 3042
4509 5 2 2 2 1446 1522 1523 1447 3042 3118 3119 3043
4510 5 2 2 2 1447 1523 1524 1448 3043 3119 3120 3044
4511 5 2 2 2 1448 1524 1525 1449 3044 3120 3121 3045
4512 5 2 2 2 1449 1525 1526 1450 3045 3121 3122 3046
4513 5 2 2 2 1450 1526 1527 1451 3046 3122 3123 3047
4514 5 2 2 2 1451 1527 1528 1452 3047 3123 3124 3048
4515 5 2 2 2 1452 1528 1529 1453 3048 3124 3125 3049
4516 5 2 2 2 1453 1529 1530 1454 3049 3125 3126 3050
4517 5 2 2 2 1454 1530 1531 1455 3050 3126 3127 3051
4518 5 2 2 2 1455 1531 1532 1456 3051 3127 3128 3052
4519 5 2 2 2 1456 1532 1533 1457 3052 3128 3129 3053
4520 5 2 2 2 1457 1533 1534 1458 3053 3129 3130 3054
4521 5 2 2 2 1458 1534 1535 1459 3054 3130 3131 3055
4522 5 2 2 2 1459 1535 1536 1460 3055 3131 3132 3056
4523 5 2 2 2 1460 1536 1537 1461 3056 3132 3133 3057
4524 5 2 2 2 1461 1537 1538 1462 3057 3133 3134 3058
4525 5 2 2 2 1462 1538 1539 1463 3058 3134 3135 3059
4526 5 2 2 2 1463 1539 1540 1464 3059 3135 3136 3060
4527 5 2 2 2 1464 1540 1541 1465 3060 3136 3137 3061
4528 5 2 2 2 1465 1541 1542 1466 3061 3137 3138 3062
4529 5 2 2 2 1466 1542 1543 1467 3062 3138 3139 3063
4530 5 2 2 2 1467 1543 1544 1468 3063 3139 3140 3064
4531 5 2 2 2 1468 1544 1545 1469 3064 3140 3141 3065
4532 5 2 2 2 1469 1545 1546 1470 3065 3141 3142 3066
4533 5 2 2 2 1470 1546 1547 1471 3066 3142 3143 3067
4534 5 2 2 2 1471 1547 1548 1472 3067 3143 3144 3068
4535 5 2 2 2 1472 1548 1549 1473 3068 3144 3145 3069
4536 5 2 2 2 1473 1549 1550 1474 3069 3145 3146 3070
4537 5 2 2 2 1474 1550 1551 1475 3070 3146 3147 3071
4538 5 2 2 2 1475 1551 1552 1476 3071 3147 3148 3072
4539 5 2 2 2 1476 1552 1553 1477 3072 3148 3149 3073
4540 5 2 2 2 1477 1553 1554 1478 3073 3149 3150 3074
4541 5 2 2 2 1478 1554 1555 1479 3074 3150 3151 3075
4542 5 2 2 2 1479 1555 1556 1480 3075 3151 3152 3076
4543 5 2 2 2 1480 1556 1557 1481 3076 3152 3153 3077
4544 5 2 2 2 1481 1557 1558 1482 3077 3153 3154 3078
4545 5 2 2 2 1482 1558 1559 1483 3078 3154 3155 3079
4546 5 2 2 2 1483 1559 1560 1484 3079 3155 3156 3080
4547 5 2 2 2 1484 1560 1561 1485 3080 3156 3157 3081
4548 5 2 2 2 1485 1561 1562 1486 3081 3157 3158 3082
4549 5 2 2 2 1486 1562 1563 1487 3082 3158 3159 3083
4550 5 2 2 2 1487 1563 1564 1488 3083 3159 3160 3084
4551 5 2 2 2 1488 1564 1565 1489 3084 3160 3161 3085
4552 5 2 2 2 1489 1565 1566 1490 3085 3161 3162 3086
4553 5 2 2 2 1490 1566 1567 1491 3086 3162 3163 3087
4554 5 2 2 2 1491 1567 1568 1492 3087 3163 3164 3088
4555 5 2 2 2 1492 1568 204 205 3088 3164 571 572
4556 5 2 2 2 283 284 1569 1493 532 533 3165 3089
4557 5 2 2 2 1493 1569 1570 1494 3089 3165 3166 3090
4558 5 2 2 2 1494 1570 1571 1495 3090 3166 3167 3091
4559 5 2 2 2 1495 1571 1572 1496 3091 3167 3168 3092
4560 5 2 2 2 1496 1572 1573 1497 3092 3168 3169 3093
4561 5 2 2 2 1497 1573 1574 1498 3093 3169 3170 3094
4562 5 2 2 2 1498 1574 1575 1499 3094 3170 3171 3095
4563 5 2 2 2 1499 1575 1576 1500 3095 3171 3172 3096
4564 5 2 2 2 1500 1576 1577 1501 3096 3172 3173 3097
4565 5 2 2 2 1501 1577 1578 1502 3097 3173 3174 3098
4566 5 2 2 2 1502 1578 1579 1503 3098 3174 3175 3099
4567 5 2 2 2 1503 1579 1580 1504 3099 3175 3176 3100
4568 5 2 2 2 1504 1580 1581 1505 3100 3176 3177 3101
4569 5 2 2 2 1505 1581 1582 1506 3101 3177 3178 3102
4570 5 2 2 2 1506 1582 1583 1507 3102 3178 3179 3103
4571 5 2 2 2 1507 1583 1584 1508 3103 3179 3180 3104
4572 5 2 2 2 1508 1584 1585 1509 3104 3180 3181 3105
4573 5 2 2 2 1509 1585 1586 1510 3105 3181 3182 3106
4574 5 2 2 2 1510 1586 1587 1511 3106 3182 3183 3107
4575 5 2 2 2 1511 1587 1588 1512 3107 3183 3184 3108
4576 5 2 2 2 1512 1588 1589 1513 3108 3184 3185 3109
4577 5 2 2 2 1513 1589 1590 1514 3109 3185 3186 3110
4578 5 2 2 2 1514 1590 1591 1515 3110 3186 3187 3111
4579 5 2 2 2 1515 1591 1592 1516 3111 3187 3188 3112
4580 5 2 2 2 1516 1592 1593 1517 3112 3188 3189 3113
4581 5 2 2 2 1517 1593 1594 1518 3113 3189 3190 3114
4582 5 2 2 2 1518 1594 1595 1519 3114 3190 3191 3115
4583 5 2 2 2 1519 1595 1596 1520 3115 3191 3192 3116
4584 5 2 2 2 1520 1596 1597 1521 3116 3192 3193 3117
4585 5 2 2 2 1521 1597 1598 1522 3117 3193 3194 3118
4586 5 2 2 2 1522 1598 1599 1523 3118 3194 3195 3119
4587 5 2 2 2 1523 1599 1600 1524 3119 3195 3196 3120
4588 5 2 2 2 1524 1600 1601 1525 3120 3196 3197 3121
4589 5 2 2 2 1525 1601 1602 1526 3121 3197 3198 3122
4590 5 2 2 2 1526 1602 1603 1527 3122 3198 3199 3123
4591 5 2 2 2 1527 1603 1604 1528 3123 3199 3200 3124
4592 5 2 2 2 1528 1604 1605 1529 3124 3200 3201 3125
4593 5 2 2 2 1529 1605 1606 1530 3125 3201 3202 3126
4594 5 2 2 2 1530 1606 1607 1531 3126 3202 3203 3127
4595 5 2 2 2 1531 1607 1608 1532 3127 3203 3204 3128
4596 5 2 2 2 1532 1608 1609 1533 3128 3204 3205 3129
4597 5 2 2 2 1533 1609 1610 1534 3129 3205 3206 3130
4598 5 2 2 2 1534 1610 1611 1535 3130 3206 3207 3131
4599 5 2 2 2 1535 1611 1612 1536 3131 3207 3208 3132
4600 5 2 2 2 1536 1612 1613 1537 3132 3208 3209 3133
4601 5 2 2 2 1537 1613 1614 1538 3133 3209 3210 3134
4602 5 2 2 2 1538 1614 1615 1539 3134 3210 3211 3135
4603 5 2 2 2 1539 1615 1616 1540 3135 3211 3212 3136
4604 5 2 2 2 1540 1616 1617 1541 3136 3212 3213 3137
4605 5 2 2 2 1541 1617 1618 1542 3137 3213 3214 3138
4606 5 2 2 2 1542 1618 1619 1543 3138 3214 3215 3139
4607 5 2 2 2 1543 1619 1620 1544 3139 3215 3216 3140
4608 5 2 2 2 1544 1620 1621 1545 3140 3216 3217 3141
4609 5 2 2 2 1545 1621 1622 1546 3141 3217 3218 3142
4610 5 2 2 2 1546 1622 1623 1547 3142 3218 3219 3143
4611 5 2 2 2 1547 1623 1624 1548 3143 3219 3220 3144
4612 5 2 2 2 1548 1624 1625 1549 3144 3220 3221 3145
4613 5 2 2 2 1549 1625 1626 1550 3145 3221 3222 3146
4614 5 2 2 2 1550 1626 1627 1551 3146 3222 3223 3147
4615 5 2 2 2 1551 1627 1628 1552 3147 3223 3224 3148
4616 5 2 2 2 1552 1628 1629 1553 3148 3224 3225 3149
4617 5 2 2 2 1553 1629 1630 1554 3149 3225 3226 3150
4618 5 2 2 2 1554 1630 1631 1555 3150 3226 3227 3151
4619 5 2 2 2 1555 1631 1632 1556 3151 3227 3228 3152
4620 5 2 2 2 1556 1632 1633 1557 3152 3228 3229 3153
4621 5 2 2 2 1557 1633 1634 1558 3153 3229 3230 3154
4622 5 2 2 2 1558 1634 1635 1559 3154 3230 3231 3155
4623 5 2 2 2 1559 1635 1636 1560 3155 3231 3232 3156
4624 5 2 2 2 1560 1636 1637 1561 3156 3232 3233 3157
4625 5 2 2 2 1561 1637 1638 1562 3157 3233 3234 3158
4626 5 2 2 2 1562 1638 1639 1563 3158 3234 3235 3159
4627 5 2 2 2 1563 1639 1640 1564 3159 3235 3236 3160
4628 5 2 2 2 1564 1640 1641 1565 3160 3236 3237 3161
4629 5 2 2 2 1565 1641 1642 1566 3161 3237 3238 3162
4630 5 2 2 2 1566 1642 1643 1567 3162 3238 3239 3163
4631 5 2 2 2 1567 1643 1644 1568 3163 3239 3240 3164
4632 5 2 2 2 1568 1644 203 204 3164 3240 570 571
4633 5 2 2 2 284 285 1645 1569 533 534 3241 3165
4634 5 2 2 2 1569 1645 1646 1570 3165 3241 3242 3166
4635 5 2 2 2 1570 1646 1647 1571 3166 3242 3243 3167
4636 5 2 2 2 1571 1647 1648 1572 3167 3243 3244 3168
4637 5 2 2 2 1572 1648 1649 1573 3168 3244 3245 3169
4638 5 2 2 2 1573 1649 1650 1574 3169 3245 3246 3170
4639 5 2 2 2 1574 1650 1651 1575 3170 3246 3247 3171
4640 5 2 2 2 1575 1651 1652 1576 3171 3247 3248 3172
4641 5 2 2 2 1576 1652 1653 1577 3172 3248 3249 3173
4642 5 2 2 2 1577 1653 1654 1578 3173 3249 3250 3174
4643 5 2 2 2 1578 1654 1655 1579 3174 3250 3251 3175
4644 5 2 2 2 1579 1655 1656 1580 3175 3251 3252 3176
4645 5 2 2 2 1580 1656 1657 1581 3176 3252 3253 3177
4646 5 2 2 2 1581 1657 1658 1582 3177 3253 3254 3178
4647 5 2 2 2 1582 1658 1659 1583 3178 3254 3255 3179
4648 5 2 2 2 1583 1659 1660 1584 3179 3255 3256 3180
4649 5 2 2 2 1584 1660 1661 1585 3180 3256 3257 3181
4650 5 2 2 2 1585 1661 1662 1586 3181 3257 3258 3182
4651 5 2 2 2 1586 1662 1663 1587 3182 3258 3259 3183
4652 5 2 2 2 1587 1663 1664 1588 3183 3259 3260 3184
4653 5 2 2 2 1588 1664 1665 1589 3184 3260 3261 3185
4654 5 2 2 2 1589 1665 1666 1590 3185 3261 3262 3186
4655 5 2 2 2 1590 1666 1667 1591 3186 3262 3263 3187
4656 5 2 2 2 1591 1667 1668 1592 3187 3263 3264 3188
4657 5 2 2 2 1592 1668 1669 1593 3188 3264 3265 3189
4658 5 2 2 2 1593 1669 1670 1594 3189 3265 3266 3190
4659 5 2 2 2 1594 1670 1671 1595 3190 3266 3267 3191
4660 5 2 2 2 1595 1671 1672 1596 3191 3267 3268 3192
4661 5 2 2 2 1596 1672 1673 1597 3192 3268 3269 3193
4662 5 2 2 2 1597 1673 1674 1598 3193 3269 3270 3194
4663 5 2 2 2 1598 1674 1675 1599 3194 3270 3271 3195
4664 5 2 2 2 1599 1675 1676 1600 3195 3271 3272 3196
4665 5 2 2 2 1600 1676 1677 1601 3196 3272 3273 3197
4666 5 2 2 2 1601 1677 1678 1602 3197 3273 3274 3198
4667 5 2 2 2 1602 1678 1679 1603 3198 3274 3275 3199
4668 5 2 2 2 1603 1679 1680 1604 3199 3275 3276 3200
4669 5 2 2 2 1604 1680 1681 1605 3200 3276 3277 3201
4670 5 2 2 2 1605 1681 1682 1606 3201 3277 3278 3202
4671 5 2 2 2 1606 1682 1683 1607 3202 3278 3279 3203
4672 5 2 2 2 1607 1683 1684 1608 3203 3279 3280 3204
4673 5 2 2 2 1608 1684 1685 1609 3204 3280 3281 3205
4674 5 2 2 2 1609 1685 1686 1610 3205 3281 3282 3206
4675 5 2 2 2 1610 1686 1687 1611 3206 3282 3283 3207
4676 5 2 2 2 1611 1687 1688 1612 3207 3283 3284 3208
4677 5 2 2 2 1612 1688 1689 1613 3208 3284 3285 3209
4678 5 2 2 2 1613 1689 1690 1614 3209 3285 3286 3210
4679 5 2 2 2 1614 1690 1691 1615 3210 3286 3287 3211
4680 5 2 2 2 1615 1691 1692 1616 3211 3287 3288 3212
4681 5 2 2 2 1616 1692 1693 1617 3212 3288 3289 3213
4682 5 2 2 2 1617 1693 1694 1618 3213 3289 3290 3214
4683 5 2 2 2 1618 1694 1695 1619 3214 3290 3291 3215
4684 5 2 2 2 1619 1695 1696 1620 3215 3291 3292 3216
4685 5 2 2 2 1620 1696 1697 1621 3216 3292 3293 3217
4686 5 2 2 2 1621 1697 1698 1622 3217 3293 3294 3218
4687 5 2 2 2 1622 1698 1699 1623 3218 3294 3295 3219
4688 5 2 2 2 1623 1699 1700 1624 3219 3295 3296 3220
4689 5 2 2 2 1624 1700 1701 1625 3220 3296 3297 3221
4690 5 2 2 2 1625 1701 1702 1626 3221 3297 3298 3222
4691 5 2 2 2 1626 1702 1703 1627 3222 3298 3299 3223
4692 5 2 2 2 1627 1703 1704 1628 3223 3299 3300 3224
4693 5 2 2 2 1628 1704 1705 1629 3224 3300 3301 3225
4694 5 2 2 2 1629 1705 1706 1630 3225 3301 3302 3226
4695 5 2 2 2 1630 1706 1707 1631 3226 3302 3303 3227
4696 5 2 2 2 1631 1707 1708 1632 3227 3303 3304 3228
4697 5 2 2 2 1632 1708 1709 1633 3228 3304 3305 3229
4698 5 2 2 2 1633 1709 1710 1634 3229 3305 3306 3230
4699 5 2 2 2 1634 1710 1711 1635 3230 3306 3307 3231
4700 5 2 2 2 1635 1711 1712 1636 3231 3307 3308 3232
4701 5 2 2 2 1636 1712 1713 1637 3232 3308 3309 3233
4702 5 2 2 2 1637 1713 1714 1638 3233 3309 3310 3234
4703 5 2 2 2 1638 1714 1715 1639 3234 3310 3311 3235
4704 5 2 2 2 1639 1715 1716 1640 3235 3311 3312 3236
4705 5 2 2 2 1640 1716 1717 1641 3236 3312 3313 3237
4706 5 2 2 2 1641 1717 1718 1642 3237 3313 3314 3238
4707 5 2 2 2 1642 1718 1719 1643 3238 3314 3315 3239
4708 5 2 2 2 1643 1719 1720 1644 3239 3315 3316 3240
4709 5 2 2 2 1644 1720 202 203 3240 3316 569 570
4710 5 2 2 2 285 286 1721 1645 534 535 3317 3241
4711 5 2 2 2 1645 1721 1722 1646 3241 3317 3318 3242
4712 5 2 2 2 1646 1722 1723 1647 3242 3318 3319 3243
4713 5 2 2 2 1647 1723 1724 1648 3243 3319 3320 3244
4714 5 2 2 2 1648 1724 1725 1649 3244 3320 3321 3245
4715 5 2 2 2 1649 1725 1726 1650 3245 3321 3322 3246
4716 5 2 2 2 1650 1726 1727 1651 3246 3322 3323 3247
4717 5 2 2 2 1651 1727 1728 1652 3247 3323 3324 3248
4718 5 2 2 2 1652 1728 1729 1653 3248 3324 3325 3249
4719 5 2 2 2 1653 1729 1730 1654 3249 3325 3326 3250
4720 5 2 2 2 1654 1730 1731 1655 3250 3326 3327 3251
4721 5 2 2 2 1655 1731 1732 1656 3251 3327 3328 3252
4722 5 2 2 2 1656 1732 1733 1657 3252 3328 3329 3253
4723 5 2 2 2 1657 1733 1734 1658 3253 3329 3330 3254
4724 5 2 2 2 1658 1734 1735 1659 3254 3330 3331 3255
4725 5 2 2 2 1659 1735 1736 1660 3255 3331 3332 3256
4726 5 2 2 2 1660 1736 1737 1661 3256 3332 3333 3257
4727 5 2 2 2 1661 1737 1738 1662 3257 3333 3334 3258
4728 5 2 2 2 1662 1738 1739 1663 3258 3334 3335 3259
4729 5 2 2 2 1663 1739 1740 1664 3259 3335 3336 3260
4730 5 2 2 2 1664 1740 1741 1665 3260 3336 3337 3261
4731 5 2 2 2 1665 1741 1742 1666 3261 3337 3338 3262
4732 5 2 2 2 1666 1742 1743 1667 3262 3338 3339 3263
4733 5 2 2 2 1667 1743 1744 1668 3263 3339 3340 3264
4734 5 2 2 2 1668 1744 1745 1669 3264 3340 3341 3265
4735 5 2 2 2 1669 1745 1746 1670 3265 3341 3342 3266
4736 5 2 2 2 1670 1746 1747 1671 3266 3342 3343 3267
4737 5 2 2 2 1671 1747 1748 1672 3267 3343 3344 3268
4738 5 2 2 2 1672 1748 1749 1673 3268 3344 3345 3269
4739 5 2 2 2 1673 1749 1750 1674 3269 3345 3346 3270
4740 5 2 2 2 1674 1750 1751 1675 3270 3346 3347 3271
4741 5 2 2 2 1675 1751 1752 1676 3271 3347 3348 3272
4742 5 2 2 2 1676 1752 1753 1677 3272 3348 3349 3273
4743 5 2 2 2 1677 1753 1754 1678 3273 3349 3350 3274
4744 5 2 2 2 1678 1754 1755 1679 3274 3350 3351 3275
4745 5 2 2 2 1679 1755 1756 1680 3275 3351 3352 3276
4746 5 2 2 2 1680 1756 1757 1681 3276 3352 3353 3277
4747 5 2 2 2 1681 1757 1758 1682 3277 3353 3354 3278
4748 5 2 2 2 1682 1758 1759 1683 3278 3354 3355 3279
4749 5 2 2 2 1683 1759 1760 1684 3279 3355 3356 3280
4750 5 2 2 2 1684 1760 1761 1685 3280 3356 3357 3281
4751 5 2 2 2 1685 1761 1762 1686 3281 3357 3358 3282
4752 5 2 2 2 1686 1762 1763 1687 3282 3358 3359 3283
4753 5 2 2 2 1687 1763 1764 1688 3283 3359 3360 3284
4754 5 2 2 2 1688 1764 1765 1689 3284 3360 3361 3285
4755 5 2 2 2 1689 1765 1766 1690 3285 3361 3362 3286
4756 5 2 2 2 1690 1766 1767 1691 3286 3362 3363 3287
4757 5 2 2 2 1691 1767 1768 1692 3287 3363 3364 3288
4758 5 2 2 2 1692 1768 1769 1693 3288 3364 3365 3289
4759 5 2 2 2 1693 1769 1770 1694 3289 3365 3366 3290
4760 5 2 2 2 1694 1770 1771 1695 3290 3366 3367 3291
4761 5 2 2 2 1695 1771 1772 1696 3291 3367 3368 3292
4762 5 2 2 2 1696 1772 1773 1697 3292 3368 3369 3293
4763 5 2 2 2 1697 1773 1774 1698 3293 3369 3370 3294
4764 5 2 2 2 1698 1774 1775 1699 3294 3370 3371 3295
4765 5 2 2 2 1699 1775 1776 1700 3295 3371 3372 3296
4766 5 2 2 2 1700 1776 1777 1701 3296 3372 3373 3297
4767 5 2 2 2 1701 1777 1778 1702 3297 3373 3374 3298
4768 5 2 2 2 1702 1778 1779 1703 3298 3374 3375 3299
4769 5 2 2 2 1703 1779 1780 1704 3299 3375 3376 3300
4770 5 2 2 2 1704 1780 1781 1705 3300 3376 3377 3301
4771 5 2 2 2 1705 1781 1782 1706 3301 3377 3378 3302
4772 5 2 2 2 1706 1782 1783 1707 3302 3378 3379 3303
4773 5 2 2 2 1707 1783 1784 1708 3303 3379 3380 3304
4774 5 2 2 2 1708 1784 1785 1709 3304 3380 3381 3305
4775 5 2 2 2 1709 1785 1786 1710 3305 3381 3382 3306
4776 5 2 2 2 1710 1786 1787 1711 3306 3382 3383 3307
4777 5 2 2 2 1711 1787 1788 1712 3307 3383 3384 3308
4778 5 2 2 2 1712 1788 1789 1713 3308 3384 3385 3309
4779 5 2 2 2 1713 1789 1790 1714 3309 3385 3386 3310
4780 5 2 2 2 1714 1790 1791 1715 3310 3386 3387 3311
4781 5 2 2 2 1715 1791 1792 1716 3311 3387 3388 3312
4782 5 2 2 2 1716 1792 1793 1717 3312 3388 3389 3313
4783 5 2 2 2 1717 1793 1794 1718 3313 3389 3390 3314
4784 5 2 2 2 1718 1794 1795 1719 3314 3390 3391 3315
4785 5 2 2 2 1719 1795 1796 1720 3315 3391 3392 3316
4786 5 2 2 2 1720 1796 201 202 3316 3392 568 569
4787 5 2 2 2 286 287 1797 1721 535 536 3393 3317
4788 5 2 2 2 1721 1797 1798 1722 3317 3393 3394 3318
4789 5 2 2 2 1722 1798 1799 1723 3318 3394 3395 3319
4790 5 2 2 2 1723 1799 1800 1724 3319 3395 3396 3320
4791 5 2 2 2 1724 1800 1801 1725 3320 3396 3397 3321
4792 5 2 2 2 1725 1801 1802 1726 3321 3397 3398 3322
4793 5 2 2 2 1726 1802 1803 1727 3322 3398 3399 3323
4794 5 2 2 2 1727 1803 1804 1728 3323 3399 3400 3324
4795 5 2 2 2 1728 1804 1805 1729 3324 3400 3401 3325
4796 5 2 2 2 1729 1805 1806 1730 3325 3401 3402 3326
4797 5 2 2 2 1730 1806 1807 1731 3326 3402 3403 3327
4798 5 2 2 2 1731 1807 1808 1732 3327 3403 3404 3328
4799 5 2 2 2 1732 1808 1809 1733 3328 3404 3405 3329
4800 5 2 2 2 1733 1809 1810 1734 3329 3405 3406 3330
4801 5 2 2 2 1734 1810 1811 1735 3330 3406 3407 3331
4802 5 2 2 2 1735 1811 1812 1736 3331 3407 3408 3332
4803 5 2 2 2 1736 1812 1813 1737 3332 3408 3409 3333
4804 5 2 2 2 1737 1813 1814 1738 3333 3409 3410 3334
4805 5 2 2 2 1738 1814 1815 1739 3334 3410 3411 3335
4806 5 2 2 2 1739 1815 1816 1740 3335 3411 3412 3336
4807 5 2 2 2 1740 1816 1817 1741 3336 3412 3413 3337
4808 5 2 2 2 1741 1817 1818 1742 3337 3413 3414 3338
4809 5 2 2 2 1742 1818 1819 1743 3338 3414 3415 3339
4810 5 2 2 2 1743 1819 1820 1744 3339 3415 3416 3340
4811 5 2 2 2 1744 1820 1821 1745 3340 3416 3417 3341
4812 5 2 2 2 1745 1821 1822 1746 3341 3417 3418 3342
4813 5 2 2 2 1746 1822 1823 1747 3342 3418 3419 3343
4814 5 2 2 2 1747 1823 1824 1748 3343 3419 3420 3344
4815 5 2 2 2 1748 1824 1825 1749 3344 3420 3421 3345
4816 5 2 2 2 1749 1825 1826 1750 3345 3421 3422 3346
4817 5 2 2 2 1750 1826 1827 1751 3346 3422 3423 3347
4818 5 2 2 2 1751 1827 1828 1752 3347 3423 3424 3348
4819 5 2 2 2 1752 1828 1829 1753 3348 3424 3425 3349
4820 5 2 2 2 1753 1829 1830 1754 3349 3425 3426 3350
4821 5 2 2 2 1754 1830 1831 1755 3350 3426 3427 3351
4822 5 2 2 2 1755 1831 1832 1756 3351 3427 3428 3352
4823 5 2 2 2 1756 1832 1833 1757 3352 3428 3429 3353
4824 5 2 2 2 1757 1833 1834 1758 3353 3429 3430 3354
4825 5 2 2 2 1758 1834 1835 1759 3354 3430 3431 3355
4826 5 2 2 2 1759 1835 1836 1760 3355 3431 3432 3356
4827 5 2 2 2 1760 1836 1837 1761 3356 3432 3433 3357
4828 5 2 2 2 1761 1837 1838 1762 3357 3433 3434 3358
4829 5 2 2 2 1762 1838 1839 1763 3358 3434 3435 3359
4830 5 2 2 2 1763 1839 1840 1764 3359 3435 3436 3360
4831 5 2 2 2 1764 1840 1841 1765 3360 3436 3437 3361
4832 5 2 2 2 1765 1841 1842 1766 3361 3437 3438 3362
4833 5 2 2 2 1766 1842 1843 1767 3362 3438 3439 3363
4834 5 2 2 2 1767 1843 1844 1768 3363 3439 3440 3364
4835 5 2 2 2 1768 1844 1845 1769 3364 3440 3441 3365
4836 5 2 2 2 1769 1845 1846 1770 3365 3441 3442 3366
4837 5 2 2 2 1770 1846 1847 1771 3366 3442 3443 3367
4838 5 2 2 2 1771 1847 1848 1772 3367 3443 3444 3368
4839 5 2 2 2 1772 1848 1849 1773 3368 3444 3445 3369
4840 5 2 2 2 1773 1849 1850 1774 3369 3445 3446 3370
4841 5 2 2 2 1774 1850 1851 1775 3370 3446 3447 3371
4842 5 2 2 2 1775 1851 1852 1776 3371 3447 3448 3372
4843 5 2 2 2 1776 1852 1853 1777 3372 3448 3449 3373
4844 5 2 2 2 1777 1853 1854 1778 3373 3449 3450 3374
4845 5 2 2 2 1778 1854 1855 1779 3374 3450 3451 3375
4846 5 2 2 2 1779 1855 1856 1780 3375 3451 3452 3376
4847 5 2 2 2 1780 1856 1857 1781 3376 3452 3453 3377
4848 5 2 2 2 1781 1857 1858 1782 3377 3453 3454 3378
4849 5 2 2 2 1782 1858 1859 1783 3378 3454 3455 3379
4850 5 2 2 2 1783 1859 1860 1784 3379 3455 3456 3380
4851 5 2 2 2 1784 1860 1861 1785 3380 3456 3457 3381
4852 5 2 2 2 1785 1861 1862 1786 3381 3457 3458 3382
4853 5 2 2 2 1786 1862 1863 1787 3382 3458 3459 3383
4854 5 2 2 2 1787 1863 1864 1788 3383 3459 3460 3384
4855 5 2 2 2 1788 1864 1865 1789 3384 3460 3461 3385
4856 5 2 2 2 1789 1865 1866 1790 3385 3461 3462 3386
4857 5 2 2 2 1790 1866 1867 1791 3386 3462 3463 3387
4858 5 2 2 2 1791 1867 1868 1792 3387 3463 3464 3388
4859 5 2 2 2 1792 1868 1869 1793 3388 3464 3465 3389
4860 5 2 2 2 1793 1869 1870 1794 3389 3465 3466 3390
4861 5 2 2 2 1794 1870 1871 1795 3390 3466 3467 3391
4862 5 2 2 2 1795 1871 1872 1796 3391 3467 3468 3392
4863 5 2 2 2 1796 1872 200 201 3392 3468 567 568
4864 5 2 2 2 287 288 1873 1797 536 537 3469 3393
4865 5 2 2 2 1797 1873 1874 1798 3393 3469 3470 3394
4866 5 2 2 2 1798 1874 1875 1799 3394 3470 3471 3395
4867 5 2 2 2 1799 1875 1876 1800 3395 3471 3472 3396
4868 5 2 2 2 1800 1876 1877 1801 3396 3472 3473 3397
4869 5 2 2 2 1801 1877 1878 1802 3397 3473 3474 3398
4870 5 2 2 2 1802 1878 1879 1803 3398 3474 3475 3399
4871 5 2 2 2 1803 1879 1880 1804 3399 3475 3476 3400
4872 5 2 2 2 1804 1880 1881 1805 3400 3476 3477 3401
4873 5 2 2 2 1805 1881 1882 1806 3401 3477 3478 3402
4874 5 2 2 2 1806 1882 1883 1807 3402 3478 3479 3403
4875 5 2 2 2 1807 1883 1884 1808 3403 3479 3480 3404
4876 5 2 2 2 1808 1884 1885 1809 3404 3480 3481 3405
4877 5 2 2 2 1809 1885 1886 1810 3405 3481 3482 3406
4878 5 2 2 2 1810 1886 1887 1811 3406 3482 3483 3407
4879 5 2 2 2 1811 1887 1888 1812 3407 3483 3484 3408
4880 5 2 2 2 1812 1888 1889 1813 3408 3484 3485 3409
4881 5 2 2 2 1813 1889 1890 1814 3409 3485 3486 3410
4882 5 2 2 2 1814 1890 1891 1815 3410 3486 3487 3411
4883 5 2 2 2 1815 1891 1892 1816 3411 3487 3488 3412
4884 5 2 2 2 1816 1892 1893 1817 3412 3488 3489 3413
4885 5 2 2 2 1817 1893 1894 1818 3413 3489 3490 3414
4886 5 2 2 2 1818 1894 1895 1819 3414 3490 3491 3415
4887 5 2 2 2 1819 1895 1896 1820 3415 3491 3492 3416
4888 5 2 2 2 1820 1896 1897 1821 3416 3492 3493 3417
4889 5 2 2 2 1821 1897 1898 1822 3417 3493 3494 3418
4890 5 2 2 2 1822 1898 1899 1823 3418 3494 3495 3419
4891 5 2 2 2 1823 1899 1900 1824 3419 3495 3496 3420
4892 5 2 2 2 1824 1900 1901 1825 3420 3496 3497 3421
4893 5 2 2 2 1825 1901 1902 1826 3421 3497 3498 3422
4894 5 2 2 2 1826 1902 1903 1827 3422 3498 3499 3423
4895 5 2 2 2 1827 1903 1904 1828 3423 3499 3500 3424
4896 5 2 2 2 1828 1904 1905 1829 3424 3500 3501 3425
4897 5 2 2 2 1829 1905 1906 1830 3425 3501 3502 3426
4898 5 2 2 2 1830 1906 1907 1831 3426 3502 3503 3427
4899 5 2 2 2 1831 1907 1908 1832 3427 3503 3504 3428
4900 5 2 2 2 1832 1908 1909 1833 3428 3504 3505 3429
4901 5 2 2 2 1833 1909 1910 1834 3429 3505 3506 3430
4902 5 2 2 2 1834 1910 1911 1835 3430 3506 3507 3431
4903 5 2 2 2 1835 1911 1912 1836 3431 3507 3508 3432
4904 5 2 2 2 1836 1912 1913 1837 3432 3508 3509 3433
4905 5 2 2 2 1837 1913 1914 1838 3433 3509 3510 3434
4906 5 2 2 2 1838 1914 1915 1839 3434 3510 3511 3435
4907 5 2 2 2 1839 1915 1916 1840 3435 3511 3512 3436
4908 5 2 2 2 1840 1916 1917 1841 3436 3512 3513 3437
4909 5 2 2 2 1841 1917 1918 1842 3437 3513 3514 3438
4910 5 2 2 2 1842 1918 1919 1843 3438 3514 3515 3439
4911 5 2 2 2 1843 1919 1920 1844 3439 3515 3516 3440
4912 5 2 2 2 1844 1920 1921 1845 3440 3516 3517 3441
4913 5 2 2 2 1845 1921 1922 1846 3441 3517 3518 3442
4914 5 2 2 2 1846 1922 1923 1847 3442 3518 3519 3443
4915 5 2 2 2 1847 1923 1924 1848 3443 3519 3520 3444
4916 5 2 2 2 1848 1924 1925 1849 3444 3520 3521 3445
4917 5 2 2 2 1849 1925 1926 1850 3445 3521 3522 3446
4918 5 2 2 2 1850 1926 1927 1851 3446 3522 3523 3447
4919 5 2 2 2 1851 1927 1928 1852 3447 3523 3524 3448
4920 5 2 2 2 1852 1928 1929 1853 3448 3524 3525 3449
4921 5 2 2 2 1853 1929 1930 1854 3449 3525 3526 3450
4922 5 2 2 2 1854 1930 1931 1855 3450 3526 3527 3451
4923 5 2 2 2 1855 1931 1932 1856 3451 3527 3528 3452
4924 5 2 2 2 1856 1932 1933 1857 3452 3528 3529 3453
4925 5 2 2 2 1857 1933 1934 1858 3453 3529 3530 3454
4926 5 2 2 2 1858 1934 1935 1859 3454 3530 3531 3455
4927 5 2 2 2 1859 1935 1936 1860 3455 3531 3532 3456
4928 5 2 2 2 1860 1936 1937 1861 3456 3532 3533 3457
4929 5 2 2 2 1861 1937 1938 1862 3457 3533 3534 3458
4930 5 2 2 2 1862 1938 1939 1863 3458 3534 3535 3459
4931 5 2 2 2 1863 1939 1940 1864 3459 3535 3536 3460
4932 5 2 2 2 1864 1940 1941 1865 3460 3536 3537 3461
4933 5 2 2 2 1865 1941 1942 1866 3461 3537 3538 3462
4934 5 2 2 2 1866 1942 1943 1867 3462 3538 3539 3463
4935 5 2 2 2 1867 1943 1944 1868 3463 3539 3540 3464
4936 5 2 2 2 1868 1944 1945 1869 3464 3540 3541 3465
4937 5 2 2 2 1869 1945 1946 1870 3465 3541 3542 3466
4938 5 2 2 2 1870 1946 1947 1871 3466 3542 3543 3467
4939 5 2 2 2 1871 1947 1948 1872 3467 3543 3544 3468
4940 5 2 2 2 1872 1948 199 200 3468 3544 566 567
4941 5 2 2 2 288 289 1949 1873 537 538 3545 3469
4942 5 2 2 2 1873 1949 1950 1874 3469 3545 3546 3470
4943 5 2 2 2 1874 1950 1951 1875 3470 3546 3547 3471
4944 5 2 2 2 1875 1951 1952 1876 3471 3547 3548 3472
4945 5 2 2 2 1876 1952 1953 1877 3472 3548 3549 3473
4946 5 2 2 2 1877 1953 1954 1878 3473 3549 3550 3474
4947 5 2 2 2 1878 1954 1955 1879 3474 3550 3551 3475
4948 5 2 2 2 1879 1955 1956 1880 3475 3551 3552 3476
4949 5 2 2 2 1880 1956 1957 1881 3476 3552 3553 3477
4950 5 2 2 2 1881 1957 1958 1882 3477 3553 3554 3478
4951 5 2 2 2 1882 1958 1959 1883 3478 3554 3555 3479
4952 5 2 2 2 1883 1959 1960 1884 3479 3555 3556 3480
4953 5 2 2 2 1884 1960 1961 1885 3480 3556 3557 3481
4954 5 2 2 2 1885 1961 1962 1886 3481 3557 3558 3482
4955 5 2 2 2 1886 1962 1963 1887 3482 3558 3559 3483
4956 5 2 2 2 1887 1963 1964 1888 3483 3559 3560 3484
4957 5 2 2 2 1888 1964 1965 1889 3484 3560 3561 3485
4958 5 2 2 2 1889 1965 1966 1890 3485 3561 3562 3486
4959 5 2 2 2 1890 1966 1967 1891 3486 3562 3563 3487
4960 5 2 2 2 1891 1967 1968 1892 3487 3563 3564 3488
4961 5 2 2 2 1892 1968 1969 1893 3488 3564 3565 3489
4962 5 2 2 2 1893 1969 1970 1894 3489 3565 3566 3490
4963 5 2 2 2 1894 1970 1971 1895 3490 3566 3567 3491
4964 5 2 2 2 1895 1971 1972 1896 3491 3567 3568 3492
4965 5 2 2 2 1896 1972 1973 1897 3492 3568 3569 3493
4966 5 2 2 2 1897 1973 1974 1898 3493 3569 3570 3494
4967 5 2 2 2 1898 1974 1975 1899 3494 3570 3571 3495
4968 5 2 2 2 1899 1975 1976 1900 3495 3571 3572 3496
4969 5 2 2 2 1900 1976 1977 1901 3496 3572 3573 3497
4970 5 2 2 2 1901 1977 1978 1902 3497 3573 3574 3498
4971 5 2 2 2 1902 1978 1979 1903 3498 3574 3575 3499
4972 5 2 2 2 1903 1979 1980 1904 3499 3575 3576 3500
4973 5 2 2 2 1904 1980 1981 1905 3500 3576 3577 3501
4974 5 2 2 2 1905 1981 1982 1906 3501 3577 3578 3502
4975 5 2 2 2 1906 1982 1983 1907 3502 3578 3579 3503
4976 5 2 2 2 1907 1983 1984 1908 3503 3579 3580 3504
4977 5 2 2 2 1908 1984 1985 1909 3504 3580 3581 3505
4978 5 2 2 2 1909 1985 1986 1910 3505 3581 3582 3506
4979 5 2 2 2 1910 1986 1987 1911 3506 3582 3583 3507
4980 5 2 2 2 1911 1987 1988 1912 3507 3583 3584 3508
4981 5 2 2 2 1912 1988 1989 1913 3508 3584 3585 3509
4982 5 2 2 2 1913 1989 1990 1914 3509 3585 3586 3510
4983 5 2 2 2 1914 1990 1991 1915 3510 3586 3587 3511
4984 5 2 2 2 1915 1991 1992 1916 3511 3587 3588 3512
4985 5 2 2 2 1916 1992 1993 1917 3512 3588 3589 3513
4986 5 2 2 2 1917 1993 1994 1918 3513 3589 3590 3514
4987 5 2 2 2 1918 1994 1995 1919 3514 3590 3591 3515
4988 5 2 2 2 1919 1995 1996 1920 3515 3591 3592 3516
4989 5 2 2 2 1920 1996 1997 1921 3516 3592 3593 3517
4990 5 2 2 2 1921 1997 1998 1922 3517 3593 3594 3518
4991 5 2 2 2 1922 1998 1999 1923 3518 3594 3595 3519
4992 5 2 2 2 1923 1999 2000 1924 3519 3595 3596 3520
4993 5 2 2 2 1924 2000 2001 1925 3520 3596 3597 3521
4994 5 2 2 2 1925 2001 2002 1926 3521 3597 3598 3522
4995 5 2 2 2 1926 2002 2003 1927 3522 3598 3599 3523
4996 5 2 2 2 1927 2003 2004 1928 3523 3599 3600 3524
4997 5 2 2 2 1928 2004 2005 1929 3524 3600 3601 3525
4998 5 2 2 2 1929 2005 2006 1930 3525 3601 3602 3526
4999 5 2 2 2 1930 2006 2007 1931 3526 3602 3603 3527
5000 5 2 2 2 1931 2007 2008 1932 3527 3603 3604 3528
5001 5 2 2 2 1932 2008 2009 1933 3528 3604 3605 3529
5002 5 2 2 2 1933 2009 2010 1934 3529 3605 3606 3530
5003 5 2 2 2 1934 2010 2011 1935 3530 3606 3607 3531
5004 5 2 2 2 1935 2011 2012 1936 3531 3607 3608 3532
5005 5 2 2 2 1936 2012 2013 1937 3532 3608 3609 3533
5006 5 2 2 2 1937 2013 2014 1938 3533 3609 3610 3534
5007 5 2 2 2 1938 2014 2015 1939 3534 3610 3611 3535
5008 5 2 2 2 1939 2015 2016 1940 3535 3611 3612 3536
5009 5 2 2 2 1940 2016 2017 1941 3536 3612 3613 3537
5010 5 2 2 2 1941 2017 2018 1942 3537 3613 3614 3538
5011 5 2 2 2 1942 2018 2019 1943 3538 3614 3615 3539
5012 5 2 2 2 1943 2019 2020 1944 3539 3615 3616 3540
5013 5 2 2 2 1944 2020 2021 1945 3540 3616 3617 3541
5014 5 2 2 2 1945 2021 2022 1946 3541 3617 3618 3542
5015 5 2 2 2 1946 2022 2023 1947 3542 3618 3619 3543
5016 5 2 2 2 1947 2023 2024 1948 3543 3619 3620 3544
5017 5 2 2 2 1948 2024 198 199 3544 3620 565 566
5018 5 2 2 2 289 290 2025 1949 538 539 3621 3545
5019 5 2 2 2 1949 2025 2026 1950 3545 3621 3622 3546
5020 5 2 2 2 1950 2026 2027 1951 3546 3622 3623 3547
5021 5 2 2 2 1951 2027 2028 1952 3547 3623 3624 3548
5022 5 2 2 2 1952 2028 2029 1953 3548 3624 3625 3549
5023 5 2 2 2 1953 2029 2030 1954 3549 3625 3626 3550
5024 5 2 2 2 1954 2030 2031 1955 3550 3626 3627 3551
5025 5 2 2 2 1955 2031 2032 1956 3551 3627 3628 3552
5026 5 2 2 2 1956 2032 2033 1957 3552 3628 3629 3553
5027 5 2 2 2 1957 2033 2034 1958 3553 3629 3630 3554
5028 5 2 2 2 1958 2034 2035 1959 3554 3630 3631 3555
5029 5 2 2 2 1959 2035 2036 1960 3555 3631 3632 3556
5030 5 2 2 2 1960 2036 2037 1961 3556 3632 3633 3557
5031 5 2 2 2 1961 2037 2038 1962 3557 3633 3634 3558
5032 5 2 2 2 1962 2038 2039 1963 3558 3634 3635 3559
5033 5 2 2 2 1963 2039 2040 1964 3559 3635 3636 3560
5034 5 2 2 2 1964 2040 2041 1965 3560 3636 3637 3561
5035 5 2 2 2 1965 2041 2042 1966 3561 3637 3638 3562
5036 5 2 2 2 1966 2042 2043 1967 3562 3638 3639 3563
5037 5 2 2 2 1967 2043 2044 1968 3563 3639 3640 3564
5038 5 2 2 2 1968 2044 2045 1969 3564 3640 3641 3565
5039 5 2 2 2 1969 2045 2046 1970 3565 3641 3642 3566
5040 5 2 2 2 1970 2046 2047 1971 3566 3642 3643 3567
5041 5 2 2 2 1971 2047 2048 1972 3567 3643 3644 3568
5042 5 2 2 2 1972 2048 2049 1973 3568 3644 3645 3569
5043 5 2 2 2 1973 2049 2050 1974 3569 3645 3646 3570
5044 5 2 2 2 1974 2050 2051 1975 3570 3646 3647 3571
5045 5 2 2 2 1975 2051 2052 1976 3571 3647 3648 3572
5046 5 2 2 2 1976 2052 2053 1977 3572 3648 3649 3573
5047 5 2 2 2 1977 2053 2054 1978 3573 3649 3650 3574
5048 5 2 2 2 1978 2054 2055 1979 3574 3650 3651 3575
5049 5 2 2 2 1979 2055 2056 1980 3575 3651 3652 3576
5050 5 2 2 2 1980 2056 2057 1981 3576 3652 3653 3577
5051 5 2 2 2 1981 2057 2058 1982 3577 3653 3654 3578
5052 5 2 2 2 1982 2058 2059 1983 3578 3654 3655 3579
5053 5 2 2 2 1983 2059 2060 1984 3579 3655 3656 3580
5054 5 2 2 2 1984 2060 2061 1985 3580 3656 3657 3581
5055 5 2 2 2 1985 2061 2062 1986 3581 3657 3658 3582
5056 5 2 2 2 1986 2062 2063 1987 3582 3658 3659 3583
5057 5 2 2 2 1987 2063 2064 1988 3583 3659 3660 3584
5058 5 2 2 2 1988 2064 2065 1989 3584 3660 3661 3585
5059 5 2 2 2 1989 2065 2066 1990 3585 3661 3662 3586
5060 5 2 2 2 1990 2066 2067 1991 3586 3662 3663 3587
5061 5 2 2 2 1991 2067 2068 1992 3587 3663 3664 3588
5062 5 2 2 2 1992 2068 2069 1993 3588 3664 3665 3589
5063 5 2 2 2 1993 2069 2070 1994 3589 3665 3666 3590
5064 5 2 2 2 1994 2070 2071 1995 3590 3666 3667 3591
5065 5 2 2 2 1995 2071 2072 1996 3591 3667 3668 3592
5066 5 2 2 2 1996 2072 2073 1997 3592 3668 3669 3593
5067 5 2 2 2 1997 2073 2074 1998 3593 3669 3670 3594
5068 5 2 2 2 1998 2074 2075 1999 3594 3670 3671 3595
5069 5 2 2 2 1999 2075 2076 2000 3595 3671 3672 3596
5070 5 2 2 2 2000 2076 2077 2001 3596 3672 3673 3597
5071 5 2 2 2 2001 2077 2078 2002 3597 3673 3674 3598
5072 5 2 2 2 2002 2078 2079 2003 3598 3674 3675 3599
5073 5 2 2 2 2003 2079 2080 2004 3599 3675 3676 3600
5074 5 2 2 2 2004 2080 2081 2005 3600 3676 3677 3601
5075 5 2 2 2 2005 2081 2082 2006 3601 3677 3678 3602
5076 5 2 2 2 2006 2082 2083 2007 3602 3678 3679 3603
5077 5 2 2 2 2007 2083 2084 2008 3603 3679 3680 3604
5078 5 2 2 2 2008 2084 2085 2009 3604 3680 3681 3605
5079 5 2 2 2 2009 2085 2086 2010 3605 3681 3682 3606
5080 5 2 2 2 2010 2086 2087 2011 3606 3682 3683 3607
5081 5 2 2 2 2011 2087 2088 2012 3607 3683 3684 3608
5082 5 2 2 2 2012 2088 2089 2013 3608 3684 3685 3609
5083 5 2 2 2 2013 2089 2090 2014 3609 3685 3686 3610
5084 5 2 2 2 2014 2090 2091 2015 3610 3686 3687 3611
5085 5 2 2 2 2015 2091 2092 2016 3611 3687 3688 3612
5086 5 2 2 2 2016 2092 2093 2017 3612 3688 3689 3613
5087 5 2 2 2 2017 2093 2094 2018 3613 3689 3690 3614
5088 5 2 2 2 2018 2094 2095 2019 3614 3690 3691 3615
5089 5 2 2 2 2019 2095 2096 2020 3615 3691 3692 3616
5090 5 2 2 2 2020 2096 2097 2021 3616 3692 3693 3617
5091 5 2 2 2 2021 2097 2098 2022 3617 3693 3694 3618
5092 5 2 2 2 2022 2098 2099 2023 3618 3694 3695 3619
5093 5 2 2 2 2023 2099 2100 2024 3619 3695 3696 3620
5094 5 2 2 2 2024 2100 197 198 3620 3696 564 565
5095 5 2 2 2 290 291 2101 2025 539 540 3697 3621
5096 5 2 2 2 2025 2101 2102 2026 3621 3697 3698 3622
5097 5 2 2 2 2026 2102 2103 2027 3622 3698 3699 3623
5098 5 2 2 2 2027 2103 2104 2028 3623 3699 3700 3624
5099 5 2 2 2 2028 2104 2105 2029 3624 3700 3701 3625
5100 5 2 2 2 2029 2105 2106 2030 3625 3701 3702 3626
5101 5 2 2 2 2030 2106 2107 2031 3626 3702 3703 3627
5102 5 2 2 2 2031 2107 2108 2032 3627 3703 3704 3628
5103 5 2 2 2 2032 2108 2109 2033 3628 3704 3705 3629
5104 5 2 2 2 2033 2109 2110 2034 3629 3705 3706 3630
5105 5 2 2 2 2034 2110 2111 2035 3630 3706 3707 3631
5106 5 2 2 2 2035 2111 2112 2036 3631 3707 3708 3632
5107 5 2 2 2 2036 2112 2113 2037 3632 3708 3709 3633
5108 5 2 2 2 2037 2113 2114 2038 3633 3709 3710 3634
5109 5 2 2 2 2038 2114 2115 2039 3634 3710 3711 3635
5110 5 2 2 2 2039 2115 2116 2040 3635 3711 3712 3636
5111 5 2 2 2 2040 2116 2117 2041 3636 3712 3713 3637
5112 5 2 2 2 2041 2117 2118 2042 3637 3713 3714 3638
5113 5 2 2 2 2042 2118 2119 2043 3638 3714 3715 3639
5114 5 2 2 2 2043 2119 2120 2044 3639 3715 3716 3640
5115 5 2 2 2 2044 2120 2121 2045 3640 3716 3717 3641
5116 5 2 2 2 2045 2121 2122 2046 3641 3717 3718 3642
5117 5 2 2 2 2046 2122 2123 2047 3642 3718 3719 3643
5118 5 2 2 2 2047 2123 2124 2048 3643 3719 3720 3644
5119 5 2 2 2 2048 2124 2125 2049 3644 3720 3721 3645
5120 5 2 2 2 2049 2125 2126 2050 3645 3721 3722 3646
5121 5 2 2 2 2050 2126 2127 2051 3646 3722 3723 3647
5122 5 2 2 2 2051 2127 2128 2052 3647 3723 3724 3648
5123 5 2 2 2 2052 2128 2129 2053 3648 3724 3725 3649
5124 5 2 2 2 2053 2129 2130 2054 3649 3725 3726 3650
5125 5 2 2 2 2054 2130 2131 2055 3650 3726 3727 3651
5126 5 2 2 2 2055 2131 2132 2056 3651 3727 3728 3652
5127 5 2 2 2 2056 2132 2133 2057 3652 3728 3729 3653
5128 5 2 2 2 2057 2133 2134 2058 3653 3729 3730 3654
5129 5 2 2 2 2058 2134 2135 2059 3654 3730 3731 3655
5130 5 2 2 2 2059 2135 2136 2060 3655 3731 3732 3656
5131 5 2 2 2 2060 2136 2137 2061 3656 3732 3733 3657
5132 5 2 2 2 2061 2137 2138 2062 3657 3733 3734 3658
5133 5 2 2 2 2062 2138 2139 2063 3658 3734 3735 3659
5134 5 2 2 2 2063 2139 2140 2064 3659 3735 3736 3660
5135 5 2 2 2 2064 2140 2141 2065 3660 3736 3737 3661
5136 5 2 2 2 2065 2141 2142 2066 3661 3737 3738 3662
5137 5 2 2 2 2066 2142 2143 2067 3662 3738 3739 3663
5138 5 2 2 2 2067 2143 2144 2068 3663 3739 3740 3664
5139 5 2 2 2 2068 2144 2145 2069 3664 3740 3741 3665
5140 5 2 2 2 2069 2145 2146 2070 3665 3741 3742 3666
5141 5 2 2 2 2070 2146 2147 2071 3666 3742 3743 3667
5142 5 2 2 2 2071 2147 2148 2072 3667 3743 3744 3668
5143 5 2 2 2 2072 2148 2149 2073 3668 3744 3745 3669
5144 5 2 2 2 2073 2149 2150 2074 3669 3745 3746 3670
5145 5 2 2 2 2074 2150 2151 2075 3670 3746 3747 3671
5146 5 2 2 2 2075 2151 2152 2076 3671 3747 3748 3672
5147 5 2 2 2 2076 2152 2153 2077 3672 3748 3749 3673
5148 5 2 2 2 2077 2153 2154 2078 3673 3749 3750 3674
5149 5 2 2 2 2078 2154 2155 2079 3674 3750 3751 3675
5150 5 2 2 2 2079 2155 2156 2080 3675 3751 3752 3676
5151 5 2 2 2 2080 2156 2157 2081 3676 3752 3753 3677
5152 5 2 2 2 2081 2157 2158 2082 3677 3753 3754 3678
5153 5 2 2 2 2082 2158 2159 2083 3678 3754 3755 3679
5154 5 2 2 2 2083 2159 2160 2084 3679 3755 3756 3680
5155 5 2 2 2 2084 2160 2161 2085 3680 3756 3757 3681
5156 5 2 2 2 2085 2161 2162 2086 3681 3757 3758 3682
5157 5 2 2 2 2086 2162 2163 2087 3682 3758 3759 3683
5158 5 2 2 2 2087 2163 2164 2088 3683 3759 3760 3684
5159 5 2 2 2 2088 2164 2165 2089 3684 3760 3761 3685
5160 5 2 2 2 2089 2165 2166 2090 3685 3761 3762 3686
5161 5 2 2 2 2090 2166 2167 2091 3686 3762 3763 3687
5162 5 2 2 2 2091 2167 2168 2092 3687 3763 3764 3688
5163 5 2 2 2 2092 2168 2169 2093 3688 3764 3765 3689
5164 5 2 2 2 2093 2169 2170 2094 3689 3765 3766 3690
5165 5 2 2 2 2094 2170 2171 2095 3690 3766 3767 3691
5166 5 2 2 2 2095 2171 2172 2096 3691 3767 3768 3692
5167 5 2 2 2 2096 2172 2173 2097 3692 3768 3769 3693
5168 5 2 2 2 2097 2173 2174 2098 3693 3769 3770 3694
5169 5 2 2 2 2098 2174 2175 2099 3694 3770 3771 3695
5170 5 2 2 2 2099 2175 2176 2100 3695 3771 3772 3696
5171 5 2 2 2 2100 2176 196 197 3696 3772 563 564
5172 5 2 2 2 291 292 2177 2101 540 541 3773 3697
5173 5 2 2 2 2101 2177 2178 2102 3697 3773 3774 3698
5174 5 2 2 2 2102 2178 2179 2103 3698 3774 3775 3699
5175 5 2 2 2 2103 2179 2180 2104 3699 3775 3776 3700
5176 5 2 2 2 2104 2180 2181 2105 3700 3776 3777 3701
5177 5 2 2 2 2105 2181 2182 2106 3701 3777 3778 3702
5178 5 2 2 2 2106 2182 2183 2107 3702 3778 3779 3703
5179 5 2 2 2 2107 2183 2184 2108 3703 3779 3780 3704
5180 5 2 2 2 2108 2184 2185 2109 3704 3780 3781 3705
5181 5 2 2 2 2109 2185 2186 2110 3705 3781 3782 3706
5182 5 2 2 2 2110 2186 2187 2111 3706 3782 3783 3707
5183 5 2 2 2 2111 2187 2188 2112 3707 3783 3784 3708
5184 5 2 2 2 2112 2188 2189 2113 3708 3784 3785 3709
5185 5 2 2 2 2113 2189 2190 2114 3709 3785 3786 3710
5186 5 2 2 2 2114 2190 2191 2115 3710 3786 3787 3711
5187 5 2 2 2 2115 2191 2192 2116 3711 3787 3788 3712
5188 5 2 2 2 2116 2192 2193 2117 3712 3788 3789 3713
5189 5 2 2 2 2117 2193 2194 2118 3713 3789 3790 3714
5190 5 2 2 2 2118 2194 2195 2119 3714 3790 3791 3715
5191 5 2 2 2 2119 2195 2196 2120 3715 3791 3792 3716
5192 5 2 2 2 2120 2196 2197 2121 3716 3792 3793 3717
5193 5 2 2 2 2121 2197 2198 2122 3717 3793 3794 3718
5194 5 2 2 2 2122 2198 2199 2123 3718 3794 3795 3719
5195 5 2 2 2 2123 2199 2200 2124 3719 3795 3796 3720
5196 5 2 2 2 2124 2200 2201 2125 3720 3796 3797 3721
5197 5 2 2 2 2125 2201 2202 2126 3721 3797 3798 3722
5198 5 2 2 2 2126 2202 2203 2127 3722 3798 3799 3723
5199 5 2 2 2 2127 2203 2204 2128 3723 3799 3800 3724
5200 5 2 2 2 2128 2204 2205 2129 3724 3800 3801 3725
5201 5 2 2 2 2129 2205 2206 2130 3725 3801 3802 3726
5202 5 2 2 2 2130 2206 2207 2131 3726 3802 3803 3727
5203 5 2 2 2 2131 2207 2208 2132 3727 3803 3804 3728
5204 5 2 2 2 2132 2208 2209 2133 3728 3804 3805 3729
5205 5 2 2 2 2133 2209 2210 2134 3729 3805 3806 3730
5206 5 2 2 2 2134 2210 2211 2135 3730 3806 3807 3731
5207 5 2 2 2 2135 2211 2212 2136 3731 3807 3808 3732
5208 5 2 2 2 2136 2212 2213 2137 3732 3808 3809 3733
5209 5 2 2 2 2137 2213 2214 2138 3733 3809 3810 3734
5210 5 2 2 2 2138 2214 2215 2139 3734 3810 3811 3735
5211 5 2 2 2 2139 2215 2216 2140 3735 3811 3812 3736
5212 5 2 2 2 2140 2216 2217 2141 3736 3812 3813 3737
5213 5 2 2 2 2141 2217 2218 2142 3737 3813 3814 3738
5214 5 2 2 2 2142 2218 2219 2143 3738 3814 3815 3739
5215 5 2 2 2 2143 2219 2220 2144 3739 3815 3816 3740
5216 5 2 2 2 2144 2220 2221 2145 3740 3816 3817 3741
5217 5 2 2 2 2145 2221 2222 2146 3741 3817 3818 3742
5218 5 2 2 2 2146 2222 2223 2147 3742 3818 3819 3743
5219 5 2 2 2 2147 2223 2224 2148 3743 3819 3820 3744
5220 5 2 2 2 2148 2224 2225 2149 3744 3820 3821 3745
5221 5 2 2 2 2149 2225 2226 2150 3745 3821 3822 3746
5222 5 2 2 2 2150 2226 2227 2151 3746 3822 3823 3747
5223 5 2 2 2 2151 2227 2228 2152 3747 3823 3824 3748
5224 5 2 2 2 2152 2228 2229 2153 3748 3824 3825 3749
5225 5 2 2 2 2153 2229 2230 2154 3749 3825 3826 3750
5226 5 2 2 2 2154 2230 2231 2155 3750 3826 3827 3751
5227 5 2 2 2 2155 2231 2232 2156 3751 3827 3828 3752
5228 5 2 2 2 2156 2232 2233 2157 3752 3828 3829 3753
5229 5 2 2 2 2157 2233 2234 2158 3753 3829 3830 3754
5230 5 2 2 2 2158 2234 2235 2159 3754 3830 3831 3755
5231 5 2 2 2 2159 2235 2236 2160 3755 3831 3832 3756
5232 5 2 2 2 2160 2236 2237 2161 3756 3832 3833 3757
5233 5 2 2 2 2161 2237 2238 2162 3757 3833 3834 3758
5234 5 2 2 2 2162 2238 2239 2163 3758 3834 3835 3759
5235 5 2 2 2 2163 2239 2240 2164 3759 3835 3836 3760
5236 5 2 2 2 2164 2240 2241 2165 3760 3836 3837 3761
5237 5 2 2 2 2165 2241 2242 2166 3761 3837 3838 3762
5238 5 2 2 2 2166 2242 2243 2167 3762 3838 3839 3763
5239 5 2 2 2 2167 2243 2244 2168 3763 3839 3840 3764
5240 5 2 2 2 2168 2244 2245 2169 3764 3840 3841 3765
5241 5 2 2 2 2169 2245 2246 2170 3765 3841 3842 3766
5242 5 2 2 2 2170 2246 2247 2171 3766 3842 3843 3767
5243 5 2 2 2 2171 2247 2248 2172 3767 3843 3844 3768
5244 5 2 2 2 2172 2248 2249 2173 3768 3844 3845 3769
5245 5 2 2 2 2173 2249 2250 2174 3769 3845 3846 3770
5246 5 2 2 2 2174 2250 2251 2175 3770 3846 3847 3771
5247 5 2 2 2 2175 2251 2252 2176 3771 3847 3848 3772
5248 5 2 2 2 2176 2252 195 196 3772 3848 562 563
5249 5 2 2 2 292 293 2253 2177 541 542 3849 3773
5250 5 2 2 2 2177 2253 2254 2178 3773 3849 3850 3774
5251 5 2 2 2 2178 2254 2255 2179 3774 3850 3851 3775
5252 5 2 2 2 2179 2255 2256 2180 3775 3851 3852 3776
5253 5 2 2 2 2180 2256 2257 2181 3776 3852 3853 3777
5254 5 2 2 2 2181 2257 2258 2182 3777 3853 3854 3778
5255 5 2 2 2 2182 2258 2259 2183 3778 3854 3855 3779
5256 5 2 2 2 2183 2259 2260 2184 3779 3855 3856 3780
5257 5 2 2 2 2184 2260 2261 2185 3780 3856 3857 3781
5258 5 2 2 2 2185 2261 2262 2186 3781 3857 3858 3782
5259 5 2 2 2 2186 2262 2263 2187 3782 3858 3859 3783
5260 5 2 2 2 2187 2263 2264 2188 3783 3859 3860 3784
5261 5 2 2 2 2188 2264 2265 2189 3784 3860 3861 3785
5262 5 2 2 2 2189 2265 2266 2190 3785 3861 3862 3786
5263 5 2 2 2 2190 2266 2267 2191 3786 3862 3863 3787
5264 5 2 2 2 2191 2267 2268 2192 3787 3863 3864 3788
5265 5 2 2 2 2192 2268 2269 2193 3788 3864 3865 3789
5266 5 2 2 2 2193 2269 2270 2194 3789 3865 3866 3790
5267 5 2 2 2 2194 2270 2271 2195 3790 3866 3867 3791
5268 5 2 2 2 2195 2271 2272 2196 3791 3867 3868 3792
5269 5 2 2 2 2196 2272 2273 2197 3792 3868 3869 3793
5270 5 2 2 2 2197 2273 2274 2198 3793 3869 3870 3794
5271 5 2 2 2 2198 2274 2275 2199 3794 3870 3871 3795
5272 5 2 2 2 2199 2275 2276 2200 3795 3871 3872 3796
5273 5 2 2 2 2200 2276 2277 2201 3796 3872 3873 3797
5274 5 2 2 2 2201 2277 2278 2202 3797 3873 3874 3798
5275 5 2 2 2 2202 2278 2279 2203 3798 3874 3875 3799
5276 5 2 2 2 2203 2279 2280 2204 3799 3875 3876 3800
5277 5 2 2 2 2204 2280 2281 2205 3800 3876 3877 3801
5278 5 2 2 2 2205 2281 2282 2206 3801 3877 3878 3802
5279 5 2 2 2 2206 2282 2283 2207 3802 3878 3879 3803
5280 5 2 2 2 2207 2283 2284 2208 3803 3879 3880 3804
5281 5 2 2 2 2208 2284 2285 2209 3804 3880 3881 3805
5282 5 2 2 2 2209 2285 2286 2210 3805 3881 3882 3806
5283 5 2 2 2 2210 2286 2287 2211 3806 3882 3883 3807
5284 5 2 2 2 2211 2287 2288 2212 3807 3883 3884 3808
5285 5 2 2 2 2212 2288 2289 2213 3808 3884 3885 3809
5286 5 2 2 2 2213 2289 2290 2214 3809 3885 3886 3810
5287 5 2 2 2 2214 2290 2291 2215 3810 3886 3887 3811
5288 5 2 2 2 2215 2291 2292 2216 3811 3887 3888 3812
5289 5 2 2 2 2216 2292 2293 2217 3812 3888 3889 3813
5290 5 2 2 2 2217 2293 2294 2218 3813 3889 3890 3814
5291 5 2 2 2 2218 2294 2295 2219 3814 3890 3891 3815
5292 5 2 2 2 2219 2295 2296 2220 3815 3891 3892 3816
5293 5 2 2 2 2220 2296 2297 2221 3816 3892 3893 3817
5294 5 2 2 2 2221 2297 2298 2222 3817 3893 3894 3818
5295 5 2 2 2 2222 2298 2299 2223 3818 3894 3895 3819
5296 5 2 2 2 2223 2299 2300 2224 3819 3895 3896 3820
5297 5 2 2 2 2224 2300 2301 2225 3820 3896 3897 3821
5298 5 2 2 2 2225 2301 2302 2226 3821 3897 3898 3822
5299 5 2 2 2 2226 2302 2303 2227 3822 3898 3899 3823
5300 5 2 2 2 2227 2303 2304 2228 3823 3899 3900 3824
5301 5 2 2 2 2228 2304 2305 2229 3824 3900 3901 3825
5302 5 2 2 2 2229 2305 2306 2230 3825 3901 3902 3826
5303 5 2 2 2 2230 2306 2307 2231 3826 3902 3903 3827
5304 5 2 2 2 2231 2307 2308 2232 3827 3903 3904 3828
5305 5 2 2 2 2232 2308 2309 2233 3828 3904 3905 3829
5306 5 2 2 2 2233 2309 2310 2234 3829 3905 3906 3830
5307 5 2 2 2 2234 2310 2311 2235 3830 3906 3907 3831
5308 5 2 2 2 2235 2311 2312 2236 3831 3907 3908 3832
5309 5 2 2 2 2236 2312 2313 2237 3832 3908 3909 3833
5310 5 2 2 2 2237 2313 2314 2238 3833 3909 3910 3834
5311 5 2 2 2 2238 2314 2315 2239 3834 3910 3911 3835
5312 5 2 2 2 2239 2315 2316 2240 3835 3911 3912 3836
5313 5 2 2 2 2240 2316 2317 2241 3836 3912 3913 3837
5314 5 2 2 2 2241 2317 2318 2242 3837 3913 3914 3838
5315 5 2 2 2 2242 2318 2319 2243 3838 3914 3915 3839
5316 5 2 2 2 2243 2319 2320 2244 3839 3915 3916 3840
5317 5 2 2 2 2244 2320 2321 2245 3840 3916 3917 3841
5318 5 2 2 2 2245 2321 2322 2246 3841 3917 3918 3842
5319 5 2 2 2 2246 2322 2323 2247 3842 3918 3919 3843
5320 5 2 2 2 2247 2323 2324 2248 3843 3919 3920 3844
5321 5 2 2 2 2248 2324 2325 2249 3844 3920 3921 3845
5322 5 2 2 2 2249 2325 2326 2250 3845 3921 3922 3846
5323 5 2 2 2 2250 2326 2327 2251 3846 3922 3923 3847
5324 5 2 2 2 2251 2327 2328 2252 3847 3923 3924 3848
5325 5 2 2 2 2252 2328 194 195 3848 3924 561 562
5326 5 2 2 2 293 294 2329 2253 542 543 3925 3849
5327 5 2 2 2 2253 2329 2330 2254 3849 3925 3926 3850
5328 5 2 2 2 2254 2330 2331 2255 3850 3926 3927 3851
5329 5 2 2 2 2255 2331 2332 2256 3851 3927 3928 3852
5330 5 2 2 2 2256 2332 2333 2257 3852 3928 3929 3853
5331 5 2 2 2 2257 2333 2334 2258 3853 3929 3930 3854
5332 5 2 2 2 2258 2334 2335 2259 3854 3930 3931 3855
5333 5 2 2 2 2259 2335 2336 2260 3855 3931 3932 3856
5334 5 2 2 2 2260 2336 2337 2261 3856 3932 3933 3857
5335 5 2 2 2 2261 2337 2338 2262 3857 3933 3934 3858
5336 5 2 2 2 2262 2338 2339 2263 3858 3934 3935 3859
5337 5 2 2 2 2263 2339 2340 2264 3859 3935 3936 3860
5338 5 2 2 2 2264 2340 2341 2265 3860 3936 3937 3861
5339 5 2 2 2 2265 2341 2342 2266 3861 3937 3938 3862
5340 5 2 2 2 2266 2342 2343 2267 3862 3938 3939 3863
5341 5 2 2 2 2267 2343 2344 2268 3863 3939 3940 3864
5342 5 2 2 2 2268 2344 2345 2269 3864 3940 3941 3865
5343 5 2 2 2 2269 2345 2346 2270 3865 3941 3942 3866
5344 5 2 2 2 2270 2346 2347 2271 3866 3942 3943 3867
5345 5 2 2 2 2271 2347 2348 2272 3867 3943 3944 3868
5346 5 2 2 2 2272 2348 2349 2273 3868 3944 3945 3869
5347 5 2 2 2 2273 2349 2350 2274 3869 3945 3946 3870
5348 5 2 2 2 2274 2350 2351 2275 3870 3946 3947 3871
5349 5 2 2 2 2275 2351 2352 2276 3871 3947 3948 3872
5350 5 2 2 2 2276 2352 2353 2277 3872 3948 3949 3873
5351 5 2 2 2 2277 2353 2354 2278 3873 3949 3950 3874
5352 5 2 2 2 2278 2354 2355 2279 3874 3950 3951 3875
5353 5 2 2 2 2279 2355 2356 2280 3875 3951 3952 3876
5354 5 2 2 2 2280 2356 2357 2281 3876 3952 3953 3877
5355 5 2 2 2 2281 2357 2358 2282 3877 3953 3954 3878
5356 5 2 2 2 2282 2358 2359 2283 3878 3954 3955 3879
5357 5 2 2 2 2283 2359 2360 2284 3879 3955 3956 3880
5358 5 2 2 2 2284 2360 2361 2285 3880 3956 3957 3881
5359 5 2 2 2 2285 2361 2362 2286 3881 3957 3958 3882
5360 5 2 2 2 2286 2362 2363 2287 3882 3958 3959 3883
5361 5 2 2 2 2287 2363 2364 2288 3883 3959 3960 3884
5362 5 2 2 2 2288 2364 2365 2289 3884 3960 3961 3885
5363 5 2 2 2 2289 2365 2366 2290 3885 3961 3962 3886
5364 5 2 2 2 2290 2366 2367 2291 3886 3962 3963 3887
5365 5 2 2 2 2291 2367 2368 2292 3887 3963 3964 3888
5366 5 2 2 2 2292 2368 2369 2293 3888 3964 3965 3889
5367 5 2 2 2 2293 2369 2370 2294 3889 3965 3966 3890
5368 5 2 2 2 2294 2370 2371 2295 3890 3966 3967 3891
5369 5 2 2 2 2295 2371 2372 2296 3891 3967 3968 3892
5370 5 2 2 2 2296 2372 2373 2297 3892 3968 3969 3893
5371 5 2 2 2 2297 2373 2374 2298 3893 3969 3970 3894
5372 5 2 2 2 2298 2374 2375 2299 3894 3970 3971 3895
5373 5 2 2 2 2299 2375 2376 2300 3895 3971 3972 3896
5374 5 2 2 2 2300 2376 2377 2301 3896 3972 3973 3897
5375 5 2 2 2 2301 2377 2378 2302 3897 3973 3974 3898
5376 5 2 2 2 2302 2378 2379 2303 3898 3974 3975 3899
5377 5 2 2 2 2303 2379 2380 2304 3899 3975 3976 3900
5378 5 2 2 2 2304 2380 2381 2305 3900 3976 3977 3901
5379 5 2 2 2 2305 2381 2382 2306 3901 3977 3978 3902
5380 5 2 2 2 2306 2382 2383 2307 3902 3978 3979 3903
5381 5 2 2 2 2307 2383 2384 2308 3903 3979 3980 3904
5382 5 2 2 2 2308 2384 2385 2309 3904 3980 3981 3905
5383 5 2 2 2 2309 2385 2386 2310 3905 3981 3982 3906
5384 5 2 2 2 2310 2386 2387 2311 3906 3982 3983 3907
5385 5 2 2 2 2311 2387 2388 2312 3907 3983 3984 3908
5386 5 2 2 2 2312 2388 2389 2313 3908 3984 3985 3909
5387 5 2 2 2 2313 2389 2390 2314 3909 3985 3986 3910
5388 5 2 2 2 2314 2390 2391 2315 3910 3986 3987 3911
5389 5 2 2 2 2315 2391 2392 2316 3911 3987 3988 3912
5390 5 2 2 2 2316 2392 2393 2317 3912 3988 3989 3913
5391 5 2 2 2 2317 2393 2394 2318 3913 3989 3990 3914
5392 5 2 2 2 2318 2394 2395 2319 3914 3990 3991 3915
5393 5 2 2 2 2319 2395 2396 2320 3915 3991 3992 3916
5394 5 2 2 2 2320 2396 2397 2321 3916 3992 3993 3917
5395 5 2 2 2 2321 2397 2398 2322 3917 3993 3994 3918
5396 5 2 2 2 2322 2398 2399 2323 3918 3994 3995 3919
5397 5 2 2 2 2323 2399 2400 2324 3919 3995 3996 3920
5398 5 2 2 2 2324 2400 2401 2325 3920 3996 3997 3921
5399 5 2 2 2 2325 2401 2402 2326 3921 3997 3998 3922
5400 5 2 2 2 2326 2402 2403 2327 3922 3998 3999 3923
5401 5 2 2 2 2327 2403 2404 2328 3923 3999 4000 3924
5402 5 2 2 2 2328 2404 193 194 3924 4000 560 561
5403 5 2 2 2 294 295 2405 2329 543 544 4001 3925
5404 5 2 2 2 2329 2405 2406 2330 3925 4001 4002 3926
5405 5 2 2 2 2330 2406 2407 2331 3926 4002 4003 3927
5406 5 2 2 2 2331 2407 2408 2332 3927 4003 4004 3928
5407 5 2 2 2 2332 2408 2409 2333 3928 4004 4005 3929
5408 5 2 2 2 2333 2409 2410 2334 3929 4005 4006 3930
5409 5 2 2 2 2334 2410 2411 2335 3930 4006 4007 3931
5410 5 2 2 2 2335 2411 2412 2336 3931 4007 4008 3932
5411 5 2 2 2 2336 2412 2413 2337 3932 4008 4009 3933
5412 5 2 2 2 2337 2413 2414 2338 3933 4009 4010 3934
5413 5 2 2 2 2338 2414 2415 2339 3934 4010 4011 3935
5414 5 2 2 2 2339 2415 2416 2340 3935 4011 4012 3936
5415 5 2 2 2 2340 2416 2417 2341 3936 4012 4013 3937
5416 5 2 2 2 2341 2417 2418 2342 3937 4013 4014 3938
5417 5 2 2 2 2342 2418 2419 2343 3938 4014 4015 3939
5418 5 2 2 2 2343 2419 2420 2344 3939 4015 4016 3940
5419 5 2 2 2 2344 2420 2421 2345 3940 4016 4017 3941
5420 5 2 2 2 2345 2421 2422 2346 3941 4017 4018 3942
5421 5 2 2 2 2346 2422 2423 2347 3942 4018 4019 3943
5422 5 2 2 2 2347 2423 2424 2348 3943 4019 4020 3944
5423 5 2 2 2 2348 2424 2425 2349 3944 4020 4021 3945
5424 5 2 2 2 2349 2425 2426 2350 3945 4021 4022 3946
5425 5 2 2 2 2350 2426 2427 2351 3946 4022 4023 3947
5426 5 2 2 2 2351 2427 2428 2352 3947 4023 4024 3948
5427 5 2 2 2 2352 2428 2429 2353 3948 4024 4025 3949
5428 5 2 2 2 2353 2429 2430 2354 3949 4025 4026 3950
5429 5 2 2 2 2354 2430 2431 2355 3950 4026 4027 3951
5430 5 2 2 2 2355 2431 2432 2356 3951 4027 4028 3952
5431 5 2 2 2 2356 2432 2433 2357 3952 4028 4029 3953
5432 5 2 2 2 2357 2433 2434 2358 3953 4029 4030 3954
5433 5 2 2 2 2358 2434 2435 2359 3954 4030 4031 3955
5434 5 2 2 2 2359 2435 2436 2360 3955 4031 4032 3956
5435 5 2 2 2 2360 2436 2437 2361 3956 4032 4033 3957
5436 5 2 2 2 2361 2437 2438 2362 3957 4033 4034 3958
5437 5 2 2 2 2362 2438 2439 2363 3958 4034 4035 3959
5438 5 2 2 2 2363 2439 2440 2364 3959 4035 4036 3960
5439 5 2 2 2 2364 2440 2441 2365 3960 4036 4037 3961
5440 5 2 2 2 2365 2441 2442 2366 3961 4037 4038 3962
5441 5 2 2 2 2366 2442 2443 2367 3962 4038 4039 3963
5442 5 2 2 2 2367 2443 2444 2368 3963 4039 4040 3964
5443 5 2 2 2 2368 2444 2445 2369 3964 4040 4041 3965
5444 5 2 2 2 2369 2445 2446 2370 3965 4041 4042 3966
5445 5 2 2 2 2370 2446 2447 2371 3966 4042 4043 3967
5446 5 2 2 2 2371 2447 2448 2372 3967 4043 4044 3968
5447 5 2 2 2 2372 2448 2449 2373 3968 4044 4045 3969
5448 5 2 2 2 2373 2449 2450 2374 3969 4045 4046 3970
5449 5 2 2 2 2374 2450 2451 2375 3970 4046 4047 3971
5450 5 2 2 2 2375 2451 2452 2376 3971 4047 4048 3972
5451 5 2 2 2 2376 2452 2453 2377 3972 4048 4049 3973
5452 5 2 2 2 2377 2453 2454 2378 3973 4049 4050 3974
5453 5 2 2 2 2378 2454 2455 2379 3974 4050 4051 3975
5454 5 2 2 2 2379 2455 2456 2380 3975 4051 4052 3976
5455 5 2 2 2 2380 2456 2457 2381 3976 4052 4053 3977
5456 5 2 2 2 2381 2457 2458 2382 3977 4053 4054 3978
5457 5 2 2 2 2382 2458 2459 2383 3978 4054 4055 3979
5458 5 2 2 2 2383 2459 2460 2384 3979 4055 4056 3980
5459 5 2 2 2 2384 2460 2461 2385 3980 4056 4057 3981
5460 5 2 2 2 2385 2461 2462 2386 3981 4057 4058 3982
5461 5 2 2 2 2386 2462 2463 2387 3982 4058 4059 3983
5462 5 2 2 2 2387 2463 2464 2388 3983 4059 4060 3984
5463 5 2 2 2 2388 2464 2465 2389 3984 4060 4061 3985
5464 5 2 2 2 2389 2465 2466 2390 3985 4061 4062 3986
5465 5 2 2 2 2390 2466 2467 2391 3986 4062 4063 3987
5466 5 2 2 2 2391 2467 2468 2392 3987 4063 4064 3988
5467 5 2 2 2 2392 2468 2469 2393 3988 4064 4065 3989
5468 5 2 2 2 2393 2469 2470 2394 3989 4065 4066 3990
5469 5 2 2 2 2394 2470 2471 2395 3990 4066 4067 3991
5470 5 2 2 2 2395 2471 2472 2396 3991 4067 4068 3992
5471 5 2 2 2 2396 2472 2473 2397 3992 4068 4069 3993
5472 5 2 2 2 2397 2473 2474 2398 3993 4069 4070 3994
5473 5 2 2 2 2398 2474 2475 2399 3994 4070 4071 3995
5474 5 2 2 2 2399 2475 2476 2400 3995 4071 4072 3996
5475 5 2 2 2 2400 2476 2477 2401 3996 4072 4073 3997
5476 5 2 2 2 2401 2477 2478 2402 3997 4073 4074 3998
5477 5 2 2 2 2402 2478 2479 2403 3998 4074 4075 3999
5478 5 2 2 2 2403 2479 2480 2404 3999 4075 4076 4000
5479 5 2 2 2 2404 2480 192 193 4000 4076 559 560
5480 5 2 2 2 295 296 2481 2405 544 545 4077 4001
5481 5 2 2 2 2405 2481 2482 2406 4001 4077 4078 4002
5482 5 2 2 2 2406 2482 2483 2407 4002 4078 4079 4003
5483 5 2 2 2 2407 2483 2484 2408 4003 4079 4080 4004
5484 5 2 2 2 2408 2484 2485 2409 4004 4080 4081 4005
5485 5 2 2 2 2409 2485 2486 2410 4005 4081 4082 4006
5486 5 2 2 2 2410 2486 2487 2411 4006 4082 4083 4007
5487 5 2 2 2 2411 2487 2488 2412 4007 4083 4084 4008
5488 5 2 2 2 2412 2488 2489 2413 4008 4084 4085 4009
5489 5 2 2 2 2413 2489 2490 2414 4009 4085 4086 4010
5490 5 2 2 2 2414 2490 2491 2415 4010 4086 4087 4011
5491 5 2 2 2 2415 2491 2492 2416 4011 4087 4088 4012
5492 5 2 2 2 2416 2492 2493 2417 4012 4088 4089 4013
5493 5 2 2 2 2417 2493 2494 2418 4013 4089 4090 4014
5494 5 2 2 2 2418 2494 2495 2419 4014 4090 4091 4015
5495 5 2 2 2 2419 2495 2496 2420 4015 4091 4092 4016
5496 5 2 2 2 2420 2496 2497 2421 4016 4092 4093 4017
5497 5 2 2 2 2421 2497 2498 2422 4017 4093 4094 4018
5498 5 2 2 2 2422 2498 2499 2423 4018 4094 4095 4019
5499 5 2 2 2 2423 2499 2500 2424 4019 4095 4096 4020
5500 5 2 2 2 2424 2500 2501 2425 4020 4096 4097 4021
5501 5 2 2 2 2425 2501 2502 2426 4021 4097 4098 4022
5502 5 2 2 2 2426 2502 2503 2427 4022 4098 4099 4023
5503 5 2 2 2 2427 2503 2504 2428 4023 4099 4100 4024
5504 5 2 2 2 2428 2504 2505 2429 4024 4100 4101 4025
5505 5 2 2 2 2429 2505 2506 2430 4025 4101 4102 4026
5506 5 2 2 2 2430 2506 2507 2431 4026 4102 4103 4027
5507 5 2 2 2 2431 2507 2508 2432 4027 4103 4104 4028
5508 5 2 2 2 2432 2508 2509 2433 4028 4104 4105 4029
5509 5 2 2 2 2433 2509 2510 2434 4029 4105 4106 4030
5510 5 2 2 2 2434 2510 2511 2435 4030 4106 4107 4031
5511 5 2 2 2 2435 2511 2512 2436 4031 4107 4108 4032
5512 5 2 2 2 2436 2512 2513 2437 4032 4108 4109 4033
5513 5 2 2 2 2437 2513 2514 2438 4033 4109 4110 4034
5514 5 2 2 2 2438 2514 2515 2439 4034 4110 4111 4035
5515 5 2 2 2 2439 2515 2516 2440 4035 4111 4112 4036
5516 5 2 2 2 2440 2516 2517 2441 4036 4112 4113 4037
5517 5 2 2 2 2441 2517 2518 2442 4037 4113 4114 4038
5518 5 2 2 2 2442 2518 2519 2443 4038 4114 4115 4039
5519 5 2 2 2 2443 2519 2520 2444 4039 4115 4116 4040
5520 5 2 2 2 2444 2520 2521 2445 4040 4116 4117 4041
5521 5 2 2 2 2445 2521 2522 2446 4041 4117 4118 4042
5522 5 2 2 2 2446 2522 2523 2447 4042 4118 4119 4043
5523 5 2 2 2 2447 2523 2524 2448 4043 4119 4120 4044
5524 5 2 2 2 2448 2524 2525 2449 4044 4120 4121 4045
5525 5 2 2 2 2449 2525 2526 2450 4045 4121 4122 4046
5526 5 2 2 2 2450 2526 2527 2451 4046 4122 4123 4047
5527 5 2 2 2 2451 2527 2528 2452 4047 4123 4124 4048
5528 5 2 2 2 2452 2528 2529 2453 4048 4124 4125 4049
5529 5 2 2 2 2453 2529 2530 2454 4049 4125 4126 4050
5530 5 2 2 2 2454 2530 2531 2455 4050 4126 4127 4051
5531 5 2 2 2 2455 2531 2532 2456 4051 4127 4128 4052
5532 5 2 2 2 2456 2532 2533 2457 4052 4128 4129 4053
5533 5 2 2 2 2457 2533 2534 2458 4053 4129 4130 4054
5534 5 2 2 2 2458 2534 2535 2459 4054 4130 4131 4055
5535 5 2 2 2 2459 2535 2536 2460 4055 4131 4132 4056
5536 5 2 2 2 2460 2536 2537 2461 4056 4132 4133 4057
5537 5 2 2 2 2461 2537 2538 2462 4057 4133 4134 4058
5538 5 2 2 2 2462 2538 2539 2463 4058 4134 4135 4059
5539 5 2 2 2 2463 2539 2540 2464 4059 4135 4136 4060
5540 5 2 2 2 2464 2540 2541 2465 4060 4136 4137 4061
5541 5 2 2 2 2465 2541 2542 2466 4061 4137 4138 4062
5542 5 2 2 2 2466 2542 2543 2467 4062 4138 4139 4063
5543 5 2 2 2 2467 2543 2544 2468 4063 4139 4140 4064
5544 5 2 2 2 2468 2544 2545 2469 4064 4140 4141 4065
5545 5 2 2 2 2469 2545 2546 2470 4065 4141 4142 4066
5546 5 2 2 2 2470 2546 2547 2471 4066 4142 4143 4067
5547 5 2 2 2 2471 2547 2548 2472 4067 4143 4144 4068
5548 5 2 2 2 2472 2548 2549 2473 4068 4144 4145 4069
5549 5 2 2 2 2473 2549 2550 2474 4069 4145 4146 4070
5550 5 2 2 2 2474 2550 2551 2475 4070 4146 4147 4071
5551 5 2 2 2 2475 2551 2552 2476 4071 4147 4148 4072
5552 5 2 2 2 2476 2552 2553 2477 4072 4148 4149 4073
5553 5 2 2 2 2477 2553 2554 2478 4073 4149 4150 4074
5554 5 2 2 2 2478 2554 2555 2479 4074 4150 4151 4075
5555 5 2 2 2 2479 2555 2556 2480 4075 4151 4152 4076
5556 5 2 2 2 2480 2556 191 192 4076 4152 558 559
5557 5 2 2 2 296 297 2557 2481 545 546 4153 4077
5558 5 2 2 2 2481 2557 2558 2482 4077 4153 4154 4078
5559 5 2 2 2 2482 2558 2559 2483 4078 4154 4155 4079
5560 5 2 2 2 2483 2559 2560 2484 4079 4155 4156 4080
5561 5 2 2 2 2484 2560 2561 2485 4080 4156 4157 4081
5562 5 2 2 2 2485 2561 2562 2486 4081 4157 4158 4082
5563 5 2 2 2 2486 2562 2563 2487 4082 4158 4159 4083
5564 5 2 2 2 2487 2563 2564 2488 4083 4159 4160 4084
5565 5 2 2 2 2488 2564 2565 2489 4084 4160 4161 4085
5566 5 2 2 2 2489 2565 2566 2490 4085 4161 4162 4086
5567 5 2 2 2 2490 2566 2567 2491 4086 4162 4163 4087
5568 5 2 2 2 2491 2567 2568 2492 4087 4163 4164 4088
5569 5 2 2 2 2492 2568 2569 2493 4088 4164 4165 4089
5570 5 2 2 2 2493 2569 2570 2494 4089 4165 4166 4090
5571 5 2 2 2 2494 2570 2571 2495 4090 4166 4167 4091
5572 5 2 2 2 2495 2571 2572 2496 4091 4167 4168 4092
5573 5 2 2 2 2496 2572 2573 2497 4092 4168 4169 4093
5574 5 2 2 2 2497 2573 2574 2498 4093 4169 4170 4094
5575 5 2 2 2 2498 2574 2575 2499 4094 4170 4171 4095
5576 5 2 2 2 2499 2575 2576 2500 4095 4171 4172 4096
5577 5 2 2 2 2500 2576 2577 2501 4096 4172 4173 4097
5578 5 2 2 2 2501 2577 2578 2502 4097 4173 4174 4098
5579 5 2 2 2 2502 2578 2579 2503 4098 4174 4175 4099
5580 5 2 2 2 2503 2579 2580 2504 4099 4175 4176 4100
5581 5 2 2 2 2504 2580 2581 2505 4100 4176 4177 4101
5582 5 2 2 2 2505 2581 2582 2506 4101 4177 4178 4102
5583 5 2 2 2 2506 2582 2583 2507 4102 4178 4179 4103
5584 5 2 2 2 2507 2583 2584 2508 4103 4179 4180 4104
5585 5 2 2 2 2508 2584 2585 2509 4104 4180 4181 4105
5586 5 2 2 2 2509 2585 2586 2510 4105 4181 4182 4106
5587 5 2 2 2 2510 2586 2587 2511 4106 4182 4183 4107
5588 5 2 2 2 2511 2587 2588 2512 4107 4183 4184 4108
5589 5 2 2 2 2512 2588 2589 2513 4108 4184 4185 4109
5590 5 2 2 2 2513 2589 2590 2514 4109 4185 4186 4110
5591 5 2 2 2 2514 2590 2591 2515 4110 4186 4187 4111
5592 5 2 2 2 2515 2591 2592 2516 4111 4187 4188 4112
5593 5 2 2 2 2516 2592 2593 2517 4112 4188 4189 4113
5594 5 2 2 2 2517 2593 2594 2518 4113 4189 4190 4114
5595 5 2 2 2 2518 2594 2595 2519 4114 4190 4191 4115
5596 5 2 2 2 2519 2595 2596 2520 4115 4191 4192 4116
5597 5 2 2 2 2520 2596 2597 2521 4116 4192 4193 4117
5598 5 2 2 2 2521 2597 2598 2522 4117 4193 4194 4118
5599 5 2 2 2 2522 2598 2599 2523 4118 4194 4195 4119
5600 5 2 2 2 2523 2599 2600 2524 4119 4195 4196 4120
5601 5 2 2 2 2524 2600 2601 2525 4120 4196 4197 4121
5602 5 2 2 2 2525 2601 2602 2526 4121 4197 4198 4122
5603 5 2 2 2 2526 2602 2603 2527 4122 4198 4199 4123
5604 5 2 2 2 2527 2603 2604 2528 4123 4199 4200 4124
5605 5 2 2 2 2528 2604 2605 2529 4124 4200 4201 4125
5606 5 2 2 2 2529 2605 2606 2530 4125 4201 4202 4126
5607 5 2 2 2 2530 2606 2607 2531 4126 4202 4203 4127
5608 5 2 2 2 2531 2607 2608 2532 4127 4203 4204 4128
5609 5 2 2 2 2532 2608 2609 2533 4128 4204 4205 4129
5610 5 2 2 2 2533 2609 2610 2534 4129 4205 4206 4130
5611 5 2 2 2 2534 2610 2611 2535 4130 4206 4207 4131
5612 5 2 2 2 2535 2611 2612 2536 4131 4207 4208 4132
5613 5 2 2 2 2536 2612 2613 2537 4132 4208 4209 4133
5614 5 2 2 2 2537 2613 2614 2538 4133 4209 4210 4134
5615 5 2 2 2 2538 2614 2615 2539 4134 4210 4211 4135
5616 5 2 2 2 2539 2615 2616 2540 4135 4211 4212 4136
5617 5 2 2 2 2540 2616 2617 2541 4136 4212 4213 4137
5618 5 2 2 2 2541 2617 2618 2542 4137 4213 4214 4138
5619 5 2 2 2 2542 2618 2619 2543 4138 4214 4215 4139
5620 5 2 2 2 2543 2619 2620 2544 4139 4215 4216 4140
5621 5 2 2 2 2544 2620 2621 2545 4140 4216 4217 4141
5622 5 2 2 2 2545 2621 2622 2546 4141 4217 4218 4142
5623 5 2 2 2 2546 2622 2623 2547 4142 4218 4219 4143
5624 5 2 2 2 2547 2623 2624 2548 4143 4219 4220 4144
5625 5 2 2 2 2548 2624 2625 2549 4144 4220 4221 4145
5626 5 2 2 2 2549 2625 2626 2550 4145 4221 4222 4146
5627 5 2 2 2 2550 2626 2627 2551 4146 4222 4223 4147
5628 5 2 2 2 2551 2627 2628 2552 4147 4223 4224 4148
5629 5 2 2 2 2552 2628 2629 2553 4148 4224 4225 4149
5630 5 2 2 2 2553 2629 2630 2554 4149 4225 4226 4150
5631 5 2 2 2 2554 2630 2631 2555 4150 4226 4227 4151
5632 5 2 2 2 2555 2631 2632 2556 4151 4227 4228 4152
5633 5 2 2 2 2556 2632 190 191 4152 4228 557 558
5634 5 2 2 2 297 298 2633 2557 546 547 4229 4153
5635 5 2 2 2 2557 2633 2634 2558 4153 4229 4230 4154
5636 5 2 2 2 2558 2634 2635 2559 4154 4230 4231 4155
5637 5 2 2 2 2559 2635 2636 2560 4155 4231 4232 4156
5638 5 2 2 2 2560 2636 2637 2561 4156 4232 4233 4157
5639 5 2 2 2 2561 2637 2638 2562 4157 4233 4234 4158
5640 5 2 2 2 2562 2638 2639 2563 4158 4234 4235 4159
5641 5 2 2 2 2563 2639 2640 2564 4159 4235 4236 4160
5642 5 2 2 2 2564 2640 2641 2565 4160 4236 4237 4161
5643 5 2 2 2 2565 2641 2642 2566 4161 4237 4238 4162
5644 5 2 2 2 2566 2642 2643 2567 4162 4238 4239 4163
5645 5 2 2 2 2567 2643 2644 2568 4163 4239 4240 4164
5646 5 2 2 2 2568 2644 2645 2569 4164 4240 4241 4165
5647 5 2 2 2 2569 2645 2646 2570 4165 4241 4242 4166
5648 5 2 2 2 2570 2646 2647 2571 4166 4242 4243 4167
5649 5 2 2 2 2571 2647 2648 2572 4167 4243 4244 4168
5650 5 2 2 2 2572 2648 2649 2573 4168 4244 4245 4169
5651 5 2 2 2 2573 2649 2650 2574 4169 4245 4246 4170
5652 5 2 2 2 2574 2650 2651 2575 4170 4246 4247 4171
5653 5 2 2 2 2575 2651 2652 2576 4171 4247 4248 4172
5654 5 2 2 2 2576 2652 2653 2577 4172 4248 4249 4173
5655 5 2 2 2 2577 2653 2654 2578 4173 4249 4250 4174
5656 5 2 2 2 2578 2654 2655 2579 4174 4250 4251 4175
5657 5 2 2 2 2579 2655 2656 2580 4175 4251 4252 4176
5658 5 2 2 2 2580 2656 2657 2581 4176 4252 4253 4177
5659 5 2 2 2 2581 2657 2658 2582 4177 4253 4254 4178
5660 5 2 2 2 2582 2658 2659 2583 4178 4254 4255 4179
5661 5 2 2 2 2583 2659 2660 2584 4179 4255 4256 4180
5662 5 2 2 2 2584 2660 2661 2585 4180 4256 4257 4181
5663 5 2 2 2 2585 2661 2662 2586 4181 4257 4258 4182
5664 5 2 2 2 2586 2662 2663 2587 4182 4258 4259 4183
5665 5 2 2 2 2587 2663 2664 2588 4183 4259 4260 4184
5666 5 2 2 2 2588 2664 2665 2589 4184 4260 4261 4185
5667 5 2 2 2 2589 2665 2666 2590 4185 4261 4262 4186
5668 5 2 2 2 2590 2666 2667 2591 4186 4262 4263 4187
5669 5 2 2 2 2591 2667 2668 2592 4187 4263 4264 4188
5670 5 2 2 2 2592 2668 2669 2593 4188 4264 4265 4189
5671 5 2 2 2 2593 2669 2670 2594 4189 4265 4266 4190
5672 5 2 2 2 2594 2670 2671 2595 4190 4266 4267 4191
5673 5 2 2 2 2595 2671 2672 2596 4191 4267 4268 4192
5674 5 2 2 2 2596 2672 2673 2597 4192 4268 4269 4193
5675 5 2 2 2 2597 2673 2674 2598 4193 4269 4270 4194
5676 5 2 2 2 2598 2674 2675 2599 4194 4270 4271 4195
5677 5 2 2 2 2599 2675 2676 2600 4195 4271 4272 4196
5678 5 2 2 2 2600 2676 2677 2601 4196 4272 4273 4197
5679 5 2 2 2 2601 2677 2678 2602 4197 4273 4274 4198
5680 5 2 2 2 2602 2678 2679 2603 4198 4274 4275 4199
5681 5 2 2 2 2603 2679 2680 2604 4199 4275 4276 4200
5682 5 2 2 2 2604 2680 2681 2605 4200 4276 4277 4201
5683 5 2 2 2 2605 2681 2682 2606 4201 4277 4278 4202
5684 5 2 2 2 2606 2682 2683 2607 4202 4278 4279 4203
5685 5 2 2 2 2607 2683 2684 2608 4203 4279 4280 4204
5686 5 2 2 2 2608 2684 2685 2609 4204 4280 4281 4205
5687 5 2 2 2 2609 2685 2686 2610 4205 4281 4282 4206
5688 5 2 2 2 2610 2686 2687 2611 4206 4282 4283 4207
5689 5 2 2 2 2611 2687 2688 2612 4207 4283 4284 4208
5690 5 2 2 2 2612 2688 2689 2613 4208 4284 4285 4209
5691 5 2 2 2 2613 2689 2690 2614 4209 4285 4286 4210
5692 5 2 2 2 2614 2690 2691 2615 4210 4286 4287 4211
5693 5 2 2 2 2615 2691 2692 2616 4211 4287 4288 4212
5694 5 2 2 2 2616 2692 2693 2617 4212 4288 4289 4213
5695 5 2 2 2 2617 2693 2694 2618 4213 4289 4290 4214
5696 5 2 2 2 2618 2694 2695 2619 4214 4290 4291 4215
5697 5 2 2 2 2619 2695 2696 2620 4215 4291 4292 4216
5698 5 2 2 2 2620 2696 2697 2621 4216 4292 4293 4217
5699 5 2 2 2 2621 2697 2698 2622 4217 4293 4294 4218
5700 5 2 2 2 2622 2698 2699 2623 4218 4294 4295 4219
5701 5 2 2 2 2623 2699 2700 2624 4219 4295 4296 4220
5702 5 2 2 2 2624 2700 2701 2625 4220 4296 4297 4221
5703 5 2 2 2 2625 2701 2702 2626 4221 4297 4298 4222
5704 5 2 2 2 2626 2702 2703 2627 4222 4298 4299 4223
5705 5 2 2 2 2627 2703 2704 2628 4223 4299 4300 4224
5706 5 2 2 2 2628 2704 2705 2629 4224 4300 4301 4225
5707 5 2 2 2 2629 2705 2706 2630 4225 4301 4302 4226
5708 5 2 2 2 2630 2706 2707 2631 4226 4302 4303 4227
5709 5 2 2 2 2631 2707 2708 2632 4227 4303 4304 4228
5710 5 2 2 2 2632 2708 189 190 4228 4304 556 557
5711 5 2 2 2 298 299 2709 2633 547 548 4305 4229
5712 5 2 2 2 2633 2709 2710 2634 4229 4305 4306 4230
5713 5 2 2 2 2634 2710 2711 2635 4230 4306 4307 4231
5714 5 2 2 2 2635 2711 2712 2636 4231 4307 4308 4232
5715 5 2 2 2 2636 2712 2713 2637 4232 4308 4309 4233
5716 5 2 2 2 2637 2713 2714 2638 4233 4309 4310 4234
5717 5 2 2 2 2638 2714 2715 2639 4234 4310 4311 4235
5718 5 2 2 2 2639 2715 2716 2640 4235 4311 4312 4236
5719 5 2 2 2 2640 2716 2717 2641 4236 4312 4313 4237
5720 5 2 2 2 2641 2717 2718 2642 4237 4313 4314 4238
5721 5 2 2 2 2642 2718 2719 2643 4238 4314 4315 4239
5722 5 2 2 2 2643 2719 2720 2644 4239 4315 4316 4240
5723 5 2 2 2 2644 2720 2721 2645 4240 4316 4317 4241
5724 5 2 2 2 2645 2721 2722 2646 4241 4317 4318 4242
5725 5 2 2 2 2646 2722 2723 2647 4242 4318 4319 4243
5726 5 2 2 2 2647 2723 2724 2648 4243 4319 4320 4244
5727 5 2 2 2 2648 2724 2725 2649 4244 4320 4321 4245
5728 5 2 2 2 2649 2725 2726 2650 4245 4321 4322 4246
5729 5 2 2 2 2650 2726 2727 2651 4246 4322 4323 4247
5730 5 2 2 2 2651 2727 2728 2652 4247 4323 4324 4248
5731 5 2 2 2 2652 2728 2729 2653 4248 4324 4325 4249
5732 5 2 2 2 2653 2729 2730 2654 4249 4325 4326 4250
5733 5 2 2 2 2654 2730 2731 2655 4250 4326 4327 4251
5734 5 2 2 2 2655 2731 2732 2656 4251 4327 4328 4252
5735 5 2 2 2 2656 2732 2733 2657 4252 4328 4329 4253
5736 5 2 2 2 2657 2733 2734 2658 4253 4329 4330 4254
5737 5 2 2 2 2658 2734 2735 2659 4254 4330 4331 4255
5738 5 2 2 2 2659 2735 2736 2660 4255 4331 4332 4256
5739 5 2 2 2 2660 2736 2737 2661 4256 4332 4333 4257
5740 5 2 2 2 2661 2737 2738 2662 4257 4333 4334 4258
5741 5 2 2 2 2662 2738 2739 2663 4258 4334 4335 4259
5742 5 2 2 2 2663 2739 2740 2664 4259 4335 4336 4260
5743 5 2 2 2 2664 2740 2741 2665 4260 4336 4337 4261
5744 5 2 2 2 2665 2741 2742 2666 4261 4337 4338 4262
5745 5 2 2 2 2666 2742 2743 2667 4262 4338 4339 4263
5746 5 2 2 2 2667 2743 2744 2668 4263 4339 4340 4264
5747 5 2 2 2 2668 2744 2745 2669 4264 4340 4341 4265
5748 5 2 2 2 2669 2745 2746 2670 4265 4341 4342 4266
5749 5 2 2 2 2670 2746 2747 2671 4266 4342 4343 4267
5750 5 2 2 2 2671 2747 2748 2672 4267 4343 4344 4268
5751 5 2 2 2 2672 2748 2749 2673 4268 4344 4345 4269
5752 5 2 2 2 2673 2749 2750 2674 4269 4345 4346 4270
5753 5 2 2 2 2674 2750 2751 2675 4270 4346 4347 4271
5754 5 2 2 2 2675 2751 2752 2676 4271 4347 4348 4272
5755 5 2 2 2 2676 2752 2753 2677 4272 4348 4349 4273
5756 5 2 2 2 2677 2753 2754 2678 4273 4349 4350 4274
5757 5 2 2 2 2678 2754 2755 2679 4274 4350 4351 4275
5758 5 2 2 2 2679 2755 2756 2680 4275 4351 4352 4276
5759 5 2 2 2 2680 2756 2757 2681 4276 4352 4353 4277
5760 5 2 2 2 2681 2757 2758 2682 4277 4353 4354 4278
5761 5 2 2 2 2682 2758 2759 2683 4278 4354 4355 4279
5762 5 2 2 2 2683 2759 2760 2684 4279 4355 4356 4280
5763 5 2 2 2 2684 2760 2761 2685 4280 4356 4357 4281
5764 5 2 2 2 2685 2761 2762 2686 4281 4357 4358 4282
5765 5 2 2 2 2686 2762 2763 2687 4282 4358 4359 4283
5766 5 2 2 2 2687 2763 2764 2688 4283 4359 4360 4284
5767 5 2 2 2 2688 2764 2765 2689 4284 4360 4361 4285
5768 5 2 2 2 2689 2765 2766 2690 4285 4361 4362 4286
5769 5 2 2 2 2690 2766 2767 2691 4286 4362 4363 4287
5770 5 2 2 2 2691 2767 2768 2692 4287 4363 4364 4288
5771 5 2 2 2 2692 2768 2769 2693 4288 4364 4365 4289
5772 5 2 2 2 2693 2769 2770 2694 4289 4365 4366 4290
5773 5 2 2 2 2694 2770 2771 2695 4290 4366 4367 4291
5774 5 2 2 2 2695 2771 2772 2696 4291 4367 4368 4292
5775 5 2 2 2 2696 2772 2773 2697 4292 4368 4369 4293
5776 5 2 2 2 2697 2773 2774 2698 4293 4369 4370 4294
5777 5 2 2 2 2698 2774 2775 2699 4294 4370 4371 4295
5778 5 2 2 2 2699 2775 2776 2700 4295 4371 4372 4296
5779 5 2 2 2 2700 2776 2777 2701 4296 4372 4373 4297
5780 5 2 2 2 2701 2777 2778 2702 4297 4373 4374 4298
5781 5 2 2 2 2702 2778 2779 2703 4298 4374 4375 4299
5782 5 2 2 2 2703 2779 2780 2704 4299 4375 4376 4300
5783 5 2 2 2 2704 2780 2781 2705 4300 4376 4377 4301
5784 5 2 2 2 2705 2781 2782 2706 4301 4377 4378 4302
5785 5 2 2 2 2706 2782 2783 2707 4302 4378 4379 4303
5786 5 2 2 2 2707 2783 2784 2708 4303 4379 4380 4304
5787 5 2 2 2 2708 2784 188 189 4304 4380 555 556
5788 5 2 2 2 299 300 2785 2709 548 549 4381 4305
5789 5 2 2 2 2709 2785 2786 2710 4305 4381 4382 4306
5790 5 2 2 2 2710 2786 2787 2711 4306 4382 4383 4307
5791 5 2 2 2 2711 2787 2788 2712 4307 4383 4384 4308
5792 5 2 2 2 2712 2788 2789 2713 4308 4384 4385 4309
5793 5 2 2 2 2713 2789 2790 2714 4309 4385 4386 4310
5794 5 2 2 2 2714 2790 2791 2715 4310 4386 4387 4311
5795 5 2 2 2 2715 2791 2792 2716 4311 4387 4388 4312
5796 5 2 2 2 2716 2792 2793 2717 4312 4388 4389 4313
5797 5 2 2 2 2717 2793 2794 2718 4313 4389 4390 4314
5798 5 2 2 2 2718 2794 2795 2719 4314 4390 4391 4315
5799 5 2 2 2 2719 2795 2796 2720 4315 4391 4392 4316
5800 5 2 2 2 2720 2796 2797 2721 4316 4392 4393 4317
5801 5 2 2 2 2721 2797 2798 2722 4317 4393 4394 4318
5802 5 2 2 2 2722 2798 2799 2723 4318 4394 4395 4319
5803 5 2 2 2 2723 2799 2800 2724 4319 4395 4396 4320
5804 5 2 2 2 2724 2800 2801 2725 4320 4396 4397 4321
5805 5 2 2 2 2725 2801 2802 2726 4321 4397 4398 4322
5806 5 2 2 2 2726 2802 2803 2727 4322 4398 4399 4323
5807 5 2 2 2 2727 2803 2804 2728 4323 4399 4400 4324
5808 5 2 2 2 2728 2804 2805 2729 4324 4400 4401 4325
5809 5 2 2 2 2729 2805 2806 2730 4325 4401 4402 4326
5810 5 2 2 2 2730 2806 2807 2731 4326 4402 4403 4327
5811 5 2 2 2 2731 2807 2808 2732 4327 4403 4404 4328
5812 5 2 2 2 2732 2808 2809 2733 4328 4404 4405 4329
5813 5 2 2 2 2733 2809 2810 2734 4329 4405 4406 4330
5814 5 2 2 2 2734 2810 2811 2735 4330 4406 4407 4331
5815 5 2 2 2 2735 2811 2812 2736 4331 4407 4408 4332
5816 5 2 2 2 2736 2812 2813 2737 4332 4408 4409 4333
5817 5 2 2 2 2737 2813 2814 2738 4333 4409 4410 4334
5818 5 2 2 2 2738 2814 2815 2739 4334 4410 4411 4335
5819 5 2 2 2 2739 2815 2816 2740 4335 4411 4412 4336
5820 5 2 2 2 2740 2816 2817 2741 4336 4412 4413 4337
5821 5 2 2 2 2741 2817 2818 2742 4337 4413 4414 4338
5822 5 2 2 2 2742 2818 2819 2743 4338 4414 4415 4339
5823 5 2 2 2 2743 2819 2820 2744 4339 4415 4416 4340
5824 5 2 2 2 2744 2820 2821 2745 4340 4416 4417 4341
5825 5 2 2 2 2745 2821 2822 2746 4341 4417 4418 4342
5826 5 2 2 2 2746 2822 2823 2747 4342 4418 4419 4343
5827 5 2 2 2 2747 2823 2824 2748 4343 4419 4420 4344
5828 5 2 2 2 2748 2824 2825 2749 4344 4420 4421 4345
5829 5 2 2 2 2749 2825 2826 2750 4345 4421 4422 4346
5830 5 2 2 2 2750 2826 2827 2751 4346 4422 4423 4347
5831 5 2 2 2 2751 2827 2828 2752 4347 4423 4424 4348
5832 5 2 2 2 2752 2828 2829 2753 4348 4424 4425 4349
5833 5 2 2 2 2753 2829 2830 2754 4349 4425 4426 4350
5834 5 2 2 2 2754 2830 2831 2755 4350 4426 4427 4351
5835 5 2 2 2 2755 2831 2832 2756 4351 4427 4428 4352
5836 5 2 2 2 2756 2832 2833 2757 4352 4428 4429 4353
5837 5 2 2 2 2757 2833 2834 2758 4353 4429 4430 4354
5838 5 2 2 2 2758 2834 2835 2759 4354 4430 4431 4355
5839 5 2 2 2 2759 2835 2836 2760 4355 4431 4432 4356
5840 5 2 2 2 2760 2836 2837 2761 4356 4432 4433 4357
5841 5 2 2 2 2761 2837 2838 2762 4357 4433 4434 4358
5842 5 2 2 2 2762 2838 2839 2763 4358 4434 4435 4359
5843 5 2 2 2 2763 2839 2840 2764 4359 4435 4436 4360
5844 5 2 2 2 2764 2840 2841 2765 4360 4436 4437 4361
5845 5 2 2 2 2765 2841 2842 2766 4361 4437 4438 4362
5846 5 2 2 2 2766 2842 2843 2767 4362 4438 4439 4363
5847 5 2 2 2 2767 2843 2844 2768 4363 4439 4440 4364
5848 5 2 2 2 2768 2844 2845 2769 4364 4440 4441 4365
5849 5 2 2 2 2769 2845 2846 2770 4365 4441 4442 4366
5850 5 2 2 2 2770 2846 2847 2771 4366 4442 4443 4367
5851 5 2 2 2 2771 2847 2848 2772 4367 4443 4444 4368
5852 5 2 2 2 2772 2848 2849 2773 4368 4444 4445 4369
5853 5 2 2 2 2773 2849 2850 2774 4369 4445 4446 4370
5854 5 2 2 2 2774 2850 2851 2775 4370 4446 4447 4371
5855 5 2 2 2 2775 2851 2852 2776 4371 4447 4448 4372
5856 5 2 2 2 2776 2852 2853 2777 4372 4448 4449 4373
5857 5 2 2 2 2777 2853 2854 2778 4373 4449 4450 4374
5858 5 2 2 2 2778 2854 2855 2779 4374 4450 4451 4375
5859 5 2 2 2 2779 2855 2856 2780 4375 4451 4452 4376
5860 5 2 2 2 2780 2856 2857 2781 4376 4452 4453 4377
5861 5 2 2 2 2781 2857 2858 2782 4377 4453 4454 4378
5862 5 2 2 2 2782 2858 2859 2783 4378 4454 4455 4379
5863 5 2 2 2 2783 2859 2860 2784 4379 4455 4456 4380
5864 5 2 2 2 2784 2860 187 188 4380 4456 554 555
5865 5 2 2 2 300 301 2861 2785 549 550 4457 4381
5866 5 2 2 2 2785 2861 2862 2786 4381 4457 4458 4382
5867 5 2 2 2 2786 2862 2863 2787 4382 4458 4459 4383
5868 5 2 2 2 2787 2863 2864 2788 4383 4459 4460 4384
5869 5 2 2 2 2788 2864 2865 2789 4384 4460 4461 4385
5870 5 2 2 2 2789 2865 2866 2790 4385 4461 4462 4386
5871 5 2 2 2 2790 2866 2867 2791 4386 4462 4463 4387
5872 5 2 2 2 2791 2867 2868 2792 4387 4463 4464 4388
5873 5 2 2 2 2792 2868 2869 2793 4388 4464 4465 4389
5874 5 2 2 2 2793 2869 2870 2794 4389 4465 4466 4390
5875 5 2 2 2 2794 2870 2871 2795 4390 4466 4467 4391
5876 5 2 2 2 2795 2871 2872 2796 4391 4467 4468 4392
5877 5 2 2 2 2796 2872 2873 2797 4392 4468 4469 4393
5878 5 2 2 2 2797 2873 2874 2798 4393 4469 4470 4394
5879 5 2 2 2 2798 2874 2875 2799 4394 4470 4471 4395
5880 5 2 2 2 2799 2875 2876 2800 4395 4471 4472 4396
5881 5 2 2 2 2800 2876 2877 2801 4396 4472 4473 4397
5882 5 2 2 2 2801 2877 2878 2802 4397 4473 4474 4398
5883 5 2 2 2 2802 2878 2879 2803 4398 4474 4475 4399
5884 5 2 2 2 2803 2879 2880 2804 4399 4475 4476 4400
5885 5 2 2 2 2804 2880 2881 2805 4400 4476 4477 4401
5886 5 2 2 2 2805 2881 2882 2806 4401 4477 4478 4402
5887 5 2 2 2 2806 2882 2883 2807 4402 4478 4479 4403
5888 5 2 2 2 2807 2883 2884 2808 4403 4479 4480 4404
5889 5 2 2 2 2808 2884 2885 2809 4404 4480 4481 4405
5890 5 2 2 2 2809 2885 2886 2810 4405 4481 4482 4406
5891 5 2 2 2 2810 2886 2887 2811 4406 4482 4483 4407
5892 5 2 2 2 2811 2887 2888 2812 4407 4483 4484 4408
5893 5 2 2 2 2812 2888 2889 2813 4408 4484 4485 4409
5894 5 2 2 2 2813 2889 2890 2814 4409 4485 4486 4410
5895 5 2 2 2 2814 2890 2891 2815 4410 4486 4487 4411
5896 5 2 2 2 2815 2891 2892 2816 4411 4487 4488 4412
5897 5 2 2 2 2816 2892 2893 2817 4412 4488 4489 4413
5898 5 2 2 2 2817 2893 2894 2818 4413 4489 4490 4414
5899 5 2 2 2 2818 2894 2895 2819 4414 4490 4491 4415
5900 5 2 2 2 2819 2895 2896 2820 4415 4491 4492 4416
5901 5 2 2 2 2820 2896 2897 2821 4416 4492 4493 4417
5902 5 2 2 2 2821 2897 2898 2822 4417 4493 4494 4418
5903 5 2 2 2 2822 2898 2899 2823 4418 4494 4495 4419
5904 5 2 2 2 2823 2899 2900 2824 4419 4495 4496 4420
5905 5 2 2 2 2824 2900 2901 2825 4420 4496 4497 4421
5906 5 2 2 2 2825 2901 2902 2826 4421 4497 4498 4422
5907 5 2 2 2 2826 2902 2903 2827 4422 4498 4499 4423
5908 5 2 2 2 2827 2903 2904 2828 4423 4499 4500 4424
5909 5 2 2 2 2828 2904 2905 2829 4424 4500 4501 4425
5910 5 2 2 2 2829 2905 2906 2830 4425 4501 4502 4426
5911 5 2 2 2 2830 2906 2907 2831 4426 4502 4503 4427
5912 5 2 2 2 2831 2907 2908 2832 4427 4503 4504 4428
5913 5 2 2 2 2832 2908 2909 2833 4428 4504 4505 4429
5914 5 2 2 2 2833 2909 2910 2834 4429 4505 4506 4430
5915 5 2 2 2 2834 2910 2911 2835 4430 4506 4507 4431
5916 5 2 2 2 2835 2911 2912 2836 4431 4507 4508 4432
5917 5 2 2 2 2836 2912 2913 2837 4432 4508 4509 4433
5918 5 2 2 2 2837 2913 2914 2838 4433 4509 4510 4434
5919 5 2 2 2 2838 2914 2915 2839 4434 4510 4511 4435
5920 5 2 2 2 2839 2915 2916 2840 4435 4511 4512 4436
5921 5 2 2 2 2840 2916 2917 2841 4436 4512 4513 4437
5922 5 2 2 2 2841 2917 2918 2842 4437 4513 4514 4438
5923 5 2 2 2 2842 2918 2919 2843 4438 4514 4515 4439
5924 5 2 2 2 2843 2919 2920 2844 4439 4515 4516 4440
5925 5 2 2 2 2844 2920 2921 2845 4440 4516 4517 4441
5926 5 2 2 2 2845 2921 2922 2846 4441 4517 4518 4442
5927 5 2 2 2 2846 2922 2923 2847 4442 4518 4519 4443
5928 5 2 2 2 2847 2923 2924 2848 4443 4519 4520 4444
5929 5 2 2 2 2848 2924 2925 2849 4444 4520 4521 4445
5930 5 2 2 2 2849 2925 2926 2850 4445 4521 4522 4446
5931 5 2 2 2 2850 2926 2927 2851 4446 4522 4523 4447
5932 5 2 2 2 2851 2927 2928 2852 4447 4523 4524 4448
5933 5 2 2 2 2852 2928 2929 2853 4448 4524 4525 4449
5934 5 2 2 2 2853 2929 2930 2854 4449 4525 4526 4450
5935 5 2 2 2 2854 2930 2931 2855 4450 4526 4527 4451
5936 5 2 2 2 2855 2931 2932 2856 4451 4527 4528 4452
5937 5 2 2 2 2856 2932 2933 2857 4452 4528 4529 4453
5938 5 2 2 2 2857 2933 2934 2858 4453 4529 4530 4454
5939 5 2 2 2 2858 2934 2935 2859 4454 4530 4531 4455
5940 5 2 2 2 2859 2935 2936 2860 4455 4531 4532 4456
5941 5 2 2 2 2860 2936 186 187 4456 4532 553 554
5942 5 2 2 2 301 302 2937 2861 550 551 4533 4457
5943 5 2 2 2 2861 2937 2938 2862 4457 4533 4534 4458
5944 5 2 2 2 2862 2938 2939 2863 4458 4534 4535 4459
5945 5 2 2 2 2863 2939 2940 2864 4459 4535 4536 4460
5946 5 2 2 2 2864 2940 2941 2865 4460 4536 4537 4461
5947 5 2 2 2 2865 2941 2942 2866 4461 4537 4538 4462
5948 5 2 2 2 2866 2942 2943 2867 4462 4538 4539 4463
5949 5 2 2 2 2867 2943 2944 2868 4463 4539 4540 4464
5950 5 2 2 2 2868 2944 2945 2869 4464 4540 4541 4465
5951 5 2 2 2 2869 2945 2946 2870 4465 4541 4542 4466
5952 5 2 2 2 2870 2946 2947 2871 4466 4542 4543 4467
5953 5 2 2 2 2871 2947 2948 2872 4467 4543 4544 4468
5954 5 2 2 2 2872 2948 2949 2873 4468 4544 4545 4469
5955 5 2 2 2 2873 2949 2950 2874 4469 4545 4546 4470
5956 5 2 2 2 2874 2950 2951 2875 4470 4546 4547 4471
5957 5 2 2 2 2875 2951 2952 2876 4471 4547 4548 4472
5958 5 2 2 2 2876 2952 2953 2877 4472 4548 4549 4473
5959 5 2 2 2 2877 2953 2954 2878 4473 4549 4550 4474
5960 5 2 2 2 2878 2954 2955 2879 4474 4550 4551 4475
5961 5 2 2 2 2879 2955 2956 2880 4475 4551 4552 4476
5962 5 2 2 2 2880 2956 2957 2881 4476 4552 4553 4477
5963 5 2 2 2 2881 2957 2958 2882 4477 4553 4554 4478
5964 5 2 2 2 2882 2958 2959 2883 4478 4554 4555 4479
5965 5 2 2 2 2883 2959 2960 2884 4479 4555 4556 4480
5966 5 2 2 2 2884 2960 2961 2885 4480 4556 4557 4481
5967 5 2 2 2 2885 2961 2962 2886 4481 4557 4558 4482
5968 5 2 2 2 2886 2962 2963 2887 4482 4558 4559 4483
5969 5 2 2 2 2887 2963 2964 2888 4483 4559 4560 4484
5970 5 2 2 2 2888 2964 2965 2889 4484 4560 4561 4485
5971 5 2 2 2 2889 2965 2966 2890 4485 4561 4562 4486
5972 5 2 2 2 2890 2966 2967 2891 4486 4562 4563 4487
5973 5 2 2 2 2891 2967 2968 2892 4487 4563 4564 4488
5974 5 2 2 2 2892 2968 2969 2893 4488 4564 4565 4489
5975 5 2 2 2 2893 2969 2970 2894 4489 4565 4566 4490
5976 5 2 2 2 2894 2970 2971 2895 4490 4566 4567 4491
5977 5 2 2 2 2895 2971 2972 2896 4491 4567 4568 4492
5978 5 2 2 2 2896 2972 2973 2897 4492 4568 4569 4493
5979 5 2 2 2 2897 2973 2974 2898 4493 4569 4570 4494
5980 5 2 2 2 2898 2974 2975 2899 4494 4570 4571 4495
5981 5 2 2 2 2899 2975 2976 2900 4495 4571 4572 4496
5982 5 2 2 2 2900 2976 2977 2901 4496 4572 4573 4497
5983 5 2 2 2 2901 2977 2978 2902 4497 4573 4574 4498
5984 5 2 2 2 2902 2978 2979 2903 4498 4574 4575 4499
5985 5 2 2 2 2903 2979 2980 2904 4499 4575 4576 4500
5986 5 2 2 2 2904 2980 2981 2905 4500 4576 4577 4501
5987 5 2 2 2 2905 2981 2982 2906 4501 4577 4578 4502
5988 5 2 2 2 2906 2982 2983 2907 4502 4578 4579 4503
5989 5 2 2 2 2907 2983 2984 2908 4503 4579 4580 4504
5990 5 2 2 2 2908 2984 2985 2909 4504 4580 4581 4505
5991 5 2 2 2 2909 2985 2986 2910 4505 4581 4582 4506
5992 5 2 2 2 2910 2986 2987 2911 4506 4582 4583 4507
5993 5 2 2 2 2911 2987 2988 2912 4507 4583 4584 4508
5994 5 2 2 2 2912 2988 2989 2913 4508 4584 4585 4509
5995 5 2 2 2 2913 2989 2990 2914 4509 4585 4586 4510
5996 5 2 2 2 2914 2990 2991 2915 4510 4586 4587 4511
5997 5 2 2 2 2915 2991 2992 2916 4511 4587 4588 4512
5998 5 2 2 2 2916 2992 2993 2917 4512 4588 4589 4513
5999 5 2 2 2 2917 2993 2994 2918 4513 4589 4590 4514
6000 5 2 2 2 2918 2994 2995 2919 4514 4590 4591 4515
6001 5 2 2 2 2919 2995 2996 2920 4515 4591 4592 4516
6002 5 2 2 2 2920 2996 2997 2921 4516 4592 4593 4517
6003 5 2 2 2 2921 2997 2998 2922 4517 4593 4594 4518
6004 5 2 2 2 2922 2998 2999 2923 4518 4594 4595 4519
6005 5 2 2 2 2923 2999 3000 2924 4519 4595 4596 4520
6006 5 2 2 2 2924 3000 3001 2925 4520 4596 4597 4521
6007 5 2 2 2 2925 3001 3002 2926 4521 4597 4598 4522
6008 5 2 2 2 2926 3002 3003 2927 4522 4598 4599 4523
6009 5 2 2 2 2927 3003 3004 2928 4523 4599 4600 4524
6010 5 2 2 2 2928 3004 3005 2929 4524 4600 4601 4525
6011 5 2 2 2 2929 3005 3006 2930 4525 4601 4602 4526
6012 5 2 2 2 2930 3006 3007 2931 4526 4602 4603 4527
6013 5 2 2 2 2931 3007 3008 2932 4527 4603 4604 4528
6014 5 2 2 2 2932 3008 3009 2933 4528 4604 4605 4529
6015 5 2 2 2 2933 3009 3010 2934 4529 4605 4606 4530
6016 5 2 2 2 2934 3010 3011 2935 4530 4606 4607 4531
6017 5 2 2 2 2935 3011 3012 2936 4531 4607 4608 4532
6018 5 2 2 2 2936 3012 185 186 4532 4608 552 553
6019 5 2 2 2 302 4 184 2937 551 12 530 4533
6020 5 2 2 2 2937 184 183 2938 4533 530 529 4534
6021 5 2 2 2 2938 183 182 2939 4534 529 528 4535
6022 5 2 2 2 2939 182 181 2940 4535 528 527 4536
6023 5 2 2 2 2940 181 180 2941 4536 527 526 4537
6024 5 2 2 2 2941 180 179 2942 4537 526 525 4538
6025 5 2 2 2 2942 179 178 2943 4538 525 524 4539
6026 5 2 2 2 2943 178 177 2944 4539 524 523 4540
6027 5 2 2 2 2944 177 176 2945 4540 523 522 4541
6028 5 2 2 2 2945 176 175 2946 4541 522 521 4542
6029 5 2 2 2 2946 175 174 2947 4542 521 520 4543
6030 5 2 2 2 2947 174 173 2948 4543 520 519 4544
6031 5 2 2 2 2948 173 172 2949 4544 519 518 4545
6032 5 2 2 2 2949 172 171 2950 4545 518 517 4546
6033 5 2 2 2 2950 171 170 2951 4546 517 516 4547
6034 5 2 2 2 2951 170 169 2952 4547 516 515 4548
6035 5 2 2 2 2952 169 168 2953 4548 515 514 4549
6036 5 2 2 2 2953 168 167 2954 4549 514 513 4550
6037 5 2 2 2 2954 167 166 2955 4550 513 512 4551
6038 5 2 2 2 2955 166 165 2956 4551 512 511 4552
6039 5 2 2 2 2956 165 164 2957 4552 511 510 4553
6040 5 2 2 2 2957 164 163 2958 4553 510 509 4554
6041 5 2 2 2 2958 163 162 2959 4554 509 508 4555
6042 5 2 2 2 2959 162 161 2960 4555 508 507 4556
6043 5 2 2 2 2960 161 160 2961 4556 507 506 4557
6044 5 2 2 2 2961 160 159 2962 4557 506 505 4558
6045 5 2 2 2 2962 159 158 2963 4558 505 504 4559
6046 5 2 2 2 2963 158 157 2964 4559 504 503 4560
6047 5 2 2 2 2964 157 156 2965 4560 503 502 4561
6048 5 2 2 2 2965 156 155 2966 4561 502 501 4562
6049 5 2 2 2 2966 155 154 2967 4562 501 500 4563
6050 5 2 2 2 2967 154 153 2968 4563 500 499 4564
6051 5 2 2 2 2968 153 152 2969 4564 499 498 4565
6052 5 2 2 2 2969 152 151 2970 4565 498 497 4566
6053 5 2 2 2 2970 151 150 2971 4566 497 496 4567
6054 5 2 2 2 2971 150 149 2972 4567 496 495 4568
6055 5 2 2 2 2972 149 148 2973 4568 495 494 4569
6056 5 2 2 2 2973 148 147 2974 4569 494 493 4570
6057 5 2 2 2 2974 147 146 2975 4570 493 492 4571
6058 5 2 2 2 2975 146 145 2976 4571 492 491 4572
6059 5 2 2 2 2976 145 144 2977 4572 491 490 4573
6060 5 2 2 2 2977 144 143 2978 4573 490 489 4574
6061 5 2 2 2 2978 143 142 2979 4574 489 488 4575
6062 5 2 2 2 2979 142 141 2980 4575 488 487 4576
6063 5 2 2 2 2980 141 140 2981 4576 487 486 4577
6064 5 2 2 2 2981 140 139 2982 4577 486 485 4578
6065 5 2 2 2 2982 139 138 2983 4578 485 484 4579
6066 5 2 2 2 2983 138 137 2984 4579 484 483 4580
6067 5 2 2 2 2984 137 136 2985 4580 483 482 4581
6068 5 2 2 2 2985 136 135 2986 4581 482 481 4582
6069 5 2 2 2 2986 135 134 2987 4582 481 480 4583
6070 5 2 2 2 2987 134 133 2988 4583 480 479 4584
6071 5 2 2 2 2988 133 132 2989 4584 479 478 4585
6072 5 2 2 2 2989 132 131 2990 4585 478 477 4586
6073 5 2 2 2 2990 131 130 2991 4586 477 476 4587
6074 5 2 2 2 2991 130 129 2992 4587 476 475 4588
6075 5 2 2 2 2992 129 128 2993 4588 475 474 4589
6076 5 2 2 2 2993 128 127 2994 4589 474 473 4590
6077 5 2 2 2 2994 127 126 2995 4590 473 472 4591
6078 5 2 2 2 2995 126 125 2996 4591 472 471 4592
6079 5 2 2 2 2996 125 124 2997 4592 471 470 4593
6080 5 2 2 2 2997 124 123 2998 4593 470 469 4594
6081 5 2 2 2 2998 123 122 2999 4594 469 468 4595
6082 5 2 2 2 2999 122 121 3000 4595 468 467 4596
6083 5 2 2 2 3000 121 120 3001 4596 467 466 4597
6084 5 2 2 2 3001 120 119 3002 4597 466 465 4598
6085 5 2 2 2 3002 119 118 3003 4598 465 464 4599
6086 5 2 2 2 3003 118 117 3004 4599 464 463 4600
6087 5 2 2 2 3004 117 116 3005 4600 463 462 4601
6088 5 2 2 2 3005 116 115 3006 4601 462 461 4602
6089 5 2 2 2 3006 115 114 3007 4602 461 460 4603
6090 5 2 2 2 3007 114 113 3008 4603 460 459 4604
6091 5 2 2 2 3008 113 112 3009 4604 459 458 4605
6092 5 2 2 2 3009 112 111 3010 4605 458 457 4606
6093 5 2 2 2 3010 111 110 3011 4606 457 456 4607
6094 5 2 2 2 3011 110 109 3012 4607 456 455 4608
6095 5 2 2 2 3012 109 3 185 4608 455 11 552
6096 5 2 2 3 8 5 281 378 15 13 648 724
6097 5 2 2 3 378 281 280 377 724 648 647 723
6098 5 2 2 3 377 280 279 376 723 647 646 722
6099 5 2 2 3 376 279 278 375 722 646 645 721
6100 5 2 2 3 375 278 277 374 721 645 644 720
6101 5 2 2 3 374 277 276 373 720 644 643 719
6102 5 2 2 3 373 276 275 372 719 643 642 718
6103 5 2 2 3 372 275 274 371 718 642 641 717
6104 5 2 2 3 371 274 273 370 717 641 640 716
6105 5 2 2 3 370 273 272 369 716 640 639 715
6106 5 2 2 3 369 272 271 368 715 639 638 714
6107 5 2 2 3 368 271 270 367 714 638 637 713
6108 5 2 2 3 367 270 269 366 713 637 636 712
6109 5 2 2 3 366 269 268 365 712 636 635 711
6110 5 2 2 3 365 268 267 364 711 635 634 710
6111 5 2 2 3 364 267 266 363 710 634 633 709
6112 5 2 2 3 363 266 265 362 709 633 632 708
6113 5 2 2 3 362 265 264 361 708 632 631 707
6114 5 2 2 3 361 264 263 360 707 631 630 706
6115 5 2 2 3 360 263 262 359 706 630 629 705
6116 5 2 2 3 359 262 261 358 705 629 628 704
6117 5 2 2 3 358 261 260 357 704 628 627 703
6118 5 2 2 3 357 260 259 356 703 627 626 702
6119 5 2 2 3 356 259 258 355 702 626 625 701
6120 5 2 2 3 355 258 257 354 701 625 624 700
6121 5 2 2 3 354 257 256 353 700 624 623 699
6122 5 2 2 3 353 256 255 352 699 623 622 698
6123 5 2 2 3 352 255 254 351 698 622 621 697
6124 5 2 2 3 351 254 253 350 697 621 620 696
6125 5 2 2 3 350 253 252 349 696 620 619 695
6126 5 2 2 3 349 252 251 348 695 619 618 694
6127 5 2 2 3 348 251 250 347 694 618 617 693
6128 5 2 2 3 347 250 249 346 693 617 616 692
6129 5 2 2 3 346 249 248 345 692 616 615 691
6130 5 2 2 3 345 248 247 344 691 615 614 690
6131 5 2 2 3 344 247 246 343 690 614 613 689
6132 5 2 2 3 343 246 245 342 689 613 612 688
6133 5 2 2 3 342 245 244 341 688 612 611 687
6134 5 2 2 3 341 244 243 340 687 611 610 686
6135 5 2 2 3 340 243 242 339 686 610 609 685
6136 5 2 2 3 339 242 241 338 685 609 608 684
6137 5 2 2 3 338 241 240 337 684 608 607 683
6138 5 2 2 3 337 240 239 336 683 607 606 682
6139 5 2 2 3 336 239 238 335 682 606 605 681
6140 5 2 2 3 335 238 237 334 681 605 604 680
6141 5 2 2 3 334 237 236 333 680 604 603 679
6142 5 2 2 3 333 236 235 332 679 603 602 678
6143 5 2 2 3 332 235 234 331 678 602 601 677
6144 5 2 2 3 331 234 233 330 677 601 600 676
6145 5 2 2 3 330 233 232 329 676 600 599 675
6146 5 2 2 3 329 232 231 328 675 599 598 674
6147 5 2 2 3 328 231 230 327 674 598 597 673
6148 5 2 2 3 327 230 229 326 673 597 596 672
6149 5 2 2 3 326 229 228 325 672 596 595 671
6150 5 2 2 3 325 228 227 324 671 595 594 670
6151 5 2 2 3 324 227 226 323 670 594 593 669
6152 5 2 2 3 323 226 225 322 669 593 592 668
6153 5 2 2 3 322 225 224 321 668 592 591 667
6154 5 2 2 3 321 224 223 320 667 591 590 666
6155 5 2 2 3 320 223 222 319 666 590 589 665
6156 5 2 2 3 319 222 221 318 665 589 588 664
6157 5 2 2 3 318 221 220 317 664 588 587 663
6158 5 2 2 3 317 220 219 316 663 587 586 662
6159 5 2 2 3 316 219 218 315 662 586 585 661
6160 5 2 2 3 315 218 217 314 661 585 584 660
6161 5 2 2 3 314 217 216 313 660 584 583 659
6162 5 2 2 3 313 216 215 312 659 583 582 658
6163 5 2 2 3 312 215 214 311 658 582 581 657
6164 5 2 2 3 311 214 213 310 657 581 580 656
6165 5 2 2 3 310 213 212 309 656 580 579 655
6166 5 2 2 3 309 212 211 308 655 579 578 654
6167 5 2 2 3 308 211 210 307 654 578 577 653
6168 5 2 2 3 307 210 209 306 653 577 576 652
6169 5 2 2 3 306 209 208 305 652 576 575 651
6170 5 2 2 3 305 208 207 304 651 575 574 650
6171 5 2 2 3 304 207 206 303 650 574 573 649
6172 5 2 2 3 303 206 6 7 649 573 14 16
6173 5 2 2 4 9 379 530 12 17 725 876 20
6174 5 2 2 4 379 380 529 530 725 726 875 876
6175 5 2 2 4 380 381 528 529 726 727 874 875
6176 5 2 2 4 381 382 527 528 727 728 873 874
6177 5 2 2 4 382 383 526 527 728 729 872 873
6178 5 2 2 4 383 384 525 526 729 730 871 872
6179 5 2 2 4 384 385 524 525 730 731 870 871
6180 5 2 2 4 385 386 523 524 731 732 869 870
6181 5 2 2 4 386 387 522 523 732 733 868 869
6182 5 2 2 4 387 388 521 522 733 734 867 868
6183 5 2 2 4 388 389 520 521 734 735 866 867
6184 5 2 2 4 389 390 519 520 735 736 865 866
6185 5 2 2 4 390 391 518 519 736 737 864 865
6186 5 2 2 4 391 392 517 518 737 738 863 864
6187 5 2 2 4 392 393 516 517 738 739 862 863
6188 5 2 2 4 393 394 515 516 739 740 861 862
6189 5 2 2 4 394 395 514 515 740 741 860 861
6190 5 2 2 4 395 396 513 514 741 742 859 860
6191 5 2 2 4 396 397 512 513 742 743 858 859
6192 5 2 2 4 397 398 511 512 743 744 857 858
6193 5 2 2 4 398 399 510 511 744 745 856 857
6194 5 2 2 4 399 400 509 510 745 746 855 856
6195 5 2 2 4 400 401 508 509 746 747 854 855
6196 5 2 2 4 401 402 507 508 747 748 853 854
6197 5 2 2 4 402 403 506 507 748 749 852 853
6198 5 2 2 4 403 404 505 506 749 750 851 852
6199 5 2 2 4 404 405 504 505 750 751 850 851
6200 5 2 2 4 405 406 503 504 751 752 849 850
6201 5 2 2 4 406 407 502 503 752 753 848 849
6202 5 2 2 4 407 408 501 502 753 754 847 848
6203 5 2 2 4 408 409 500 501 754 755 846 847
6204 5 2 2 4 409 410 499 500 755 756 845 846
6205 5 2 2 4 410 411 498 499 756 757 844 845
6206 5 2 2 4 411 412 497 498 757 758 843 844
6207 5 2 2 4 412 413 496 497 758 759 842 843
6208 5 2 2 4 413 414 495 496 759 760 841 842
6209 5 2 2 4 414 415 494 495 760 761 840 841
6210 5 2 2 4 415 416 493 494 761 762 839 840
6211 5 2 2 4 416 417 492 493 762 763 838 839
6212 5 2 2 4 417 418 491 492 763 764 837 838
6213 5 2 2 4 418 419 490 491 764 765 836 837
6214 5 2 2 4 419 420 489 490 765 766 835 836
6215 5 2 2 4 420 421 488 489 766 767 834 835
6216 5 2 2 4 421 422 487 488 767 768 833 834
6217 5 2 2 4 422 423 486 487 768 769 832 833
6218 5 2 2 4 423 424 485 486 769 770 831 832
6219 5 2 2 4 424 425 484 485 770 771 830 831
6220 5 2 2 4 425 426 483 484 771 772 829 830
6221 5 2 2 4 426 427 482 483 772 773 828 829
6222 5 2 2 4 427 428 481 482 773 774 827 828
6223 5 2 2 4 428 429 480 481 774 775 826 827
6224 5 2 2 4 429 430 479 480 775 776 825 826
6225 5 2 2 4 430 431 478 479 776 777 824 825
6226 5 2 2 4 431 432 477 478 777 778 823 824
6227 5 2 2 4 432 433 476 477 778 779 822 823
6228 5 2 2 4 433 434 475 476 779 780 821 822
6229 5 2 2 4 434 435 474 475 780 781 820 821
6230 5 2 2 4 435 436 473 474 781 782 819 820
6231 5 2 2 4 436 437 472 473 782 783 818 819
6232 5 2 2 4 437 438 471 472 783 784 817 818
6233 5 2 2 4 438 439 470 471 784 785 816 817
6234 5 2 2 4 439 440 469 470 785 786 815 816
6235 5 2 2 4 440 441 468 469 786 787 814 815
6236 5 2 2 4 441 442 467 468 787 788 813 814
6237 5 2 2 4 442 443 466 467 788 789 812 813
6238 5 2 2 4 443 444 465 466 789 790 811 812
6239 5 2 2 4 444 445 464 465 790 791 810 811
6240 5 2 2 4 445 446 463 464 791 792 809 810
6241 5 2 2 4 446 447 462 463 792 793 808 809
6242 5 2 2 4 447 448 461 462 793 794 807 808
6243 5 2 2 4 448 449 460 461 794 795 806 807
6244 5 2 2 4 449 450 459 460 795 796 805 806
6245 5 2 2 4 450 451 458 459 796 797 804 805
6246 5 2 2 4 451 452 457 458 797 798 803 804
6247 5 2 2 4 452 453 456 457 798 799 802 803
6248 5 2 2 4 453 454 455 456 799 800 801 802
6249 5 2 2 4 454 10 11 455 800 18 19 801
6250 5 2 1 5 13 531 3013 648 21 877 4609 994
6251 5 2 1 5 648 3013 3014 647 994 4609 4610 993
6252 5 2 1 5 647 3014 3015 646 993 4610 4611 992
6253 5 2 1 5 646 3015 3016 645 992 4611 4612 991
6254 5 2 1 5 645 3016 3017 644 991 4612 4613 990
6255 5 2 1 5 644 3017 3018 643 990 4613 4614 989
6256 5 2 1 5 643 3018 3019 642 989 4614 4615 988
6257 5 2 1 5 642 3019 3020 641 988 4615 4616 987
6258 5 2 1 5 641 3020 3021 640 987 4616 4617 986
6259 5 2 1 5 640 3021 3022 639 986 4617 4618 985
6260 5 2 1 5 639 3022 3023 638 985 4618 4619 984
6261 5 2 1 5 638 3023 3024 637 984 4619 4620 983
6262 5 2 1 5 637 3024 3025 636 983 4620 4621 982
6263 5 2 1 5 636 3025 3026 635 982 4621 4622 981
6264 5 2 1 5 635 3026 3027 634 981 4622 4623 980
6265 5 2 1 5 634 3027 3028 633 980 4623 4624 979
6266 5 2 1 5 633 3028 3029 632 979 4624 4625 978
6267 5 2 1 5 632 3029 3030 631 978 4625 4626 977
6268 5 2 1 5 631 3030 3031 630 977 4626 4627 976
6269 5 2 1 5 630 3031 3032 629 976 4627 4628 975
6270 5 2 1 5 629 3032 3033 628 975 4628 4629 974
6271 5 2 1 5 628 3033 3034 627 974 4629 4630 973
6272 5 2 1 5 627 3034 3035 626 973 4630 4631 972
6273 5 2 1 5 626 3035 3036 625 972 4631 4632 971
6274 5 2 1 5 625 3036 3037 624 971 4632 4633 970
6275 5 2 1 5 624 3037 3038 623 970 4633 4634 969
6276 5 2 1 5 623 3038 3039 622 969 4634 4635 968
6277 5 2 1 5 622 3039 3040 621 968 4635 4636 967
6278 5 2 1 5 621 3040 3041 620 967 4636 4637 966
6279 5 2 1 5 620 3041 3042 619 966 4637 4638 965
6280 5 2 1 5 619 3042 3043 618 965 4638 4639 964
6281 5 2 1 5 618 3043 3044 617 964 4639 4640 963
6282 5 2 1 5 617 3044 3045 616 963 4640 4641 962
6283 5 2 1 5 616 3045 3046 615 962 4641 4642 961
6284 5 2 1 5 615 3046 3047 614 961 4642 4643 960
6285 5 2 1 5 614 3047 3048 613 960 4643 4644 959
6286 5 2 1 5 613 3048 3049 612 959 4644 4645 958
6287 5 2 1 5 612 3049 3050 611 958 4645 4646 957
6288 5 2 1 5 611 3050 3051 610 957 4646 4647 956
6289 5 2 1 5 610 3051 3052 609 956 4647 4648 955
6290 5 2 1 5 609 3052 3053 608 955 4648 4649 954
6291 5 2 1 5 608 3053 3054 607 954 4649 4650 953
6292 5 2 1 5 607 3054 3055 606 953 4650 4651 952
6293 5 2 1 5 606 3055 3056 605 952 4651 4652 951
6294 5 2 1 5 605 3056 3057 604 951 4652 4653 950
6295 5 2 1 5 604 3057 3058 603 950 4653 4654 949
6296 5 2 1 5 603 3058 3059 602 949 4654 4655 948
6297 5 2 1 5 602 3059 3060 601 948 4655 4656 947
6298 5 2 1 5 601 3060 3061 600 947 4656 4657 946
6299 5 2 1 5 600 3061 3062 599 946 4657 4658 945
6300 5 2 1 5 599 3062 3063 598 945 4658 4659 944
6301 5 2 1 5 598 3063 3064 597 944 4659 4660 943
6302 5 2 1 5 597 3064 3065 596 943 4660 4661 942
6303 5 2 1 5 596 3065 3066 595 942 4661 4662 941
6304 5 2 1 5 595 3066 3067 594 941 4662 4663 940
6305 5 2 1 5 594 3067 3068 593 940 4663 4664 939
6306 5 2 1 5 593 3068 3069 592 939 4664 4665 938
6307 5 2 1 5 592 3069 3070 591 938 4665 4666 937
6308 5 2 1 5 591 3070 3071 590 937 4666 4667 936
6309 5 2 1 5 590 3071 3072 589 936 4667 4668 935
6310 5 2 1 5 589 3072 3073 588 935 4668 4669 934
6311 5 2 1 5 588 3073 3074 587 934 4669 4670 933
6312 5 2 1 5 587 3074 3075 586 933 4670 4671 932
6313 5 2 1 5 586 3075 3076 585 932 4671 4672 931
6314 5 2 1 5 585 3076 3077 584 931 4672 4673 930
6315 5 2 1 5 584 3077 3078 583 930 4673 4674 929
6316 5 2 1 5 583 3078 3079 582 929 4674 4675 928
6317 5 2 1 5 582 3079 3080 581 928 4675 4676 927
6318 5 2 1 5 581 3080 3081 580 927 4676 4677 926
6319 5 2 1 5 580 3081 3082 579 926 4677 4678 925
6320 5 2 1 5 579 3082 3083 578 925 4678 4679 924
6321 5 2 1 5 578 3083 3084 577 924 4679 4680 923
6322 5 2 1 5 577 3084 3085 576 923 4680 4681 922
6323 5 2 1 5 576 3085 3086 575 922 4681 4682 921
6324 5 2 1 5 575 3086 3087 574 921 4682 4683 920
6325 5 2 1 5 574 3087 3088 573 920 4683 4684 919
6326 5 2 1 5 573 3088 572 14 919 4684 918 22
6327 5 2 1 5 531 532 3089 3013 877 878 4685 4609
6328 5 2 1 5 3013 3089 3090 3014 4609 4685 4686 4610
6329 5 2 1 5 3014 3090 3091 3015 4610 4686 4687 4611
6330 5 2 1 5 3015 3091 3092 3016 4611 4687 4688 4612
6331 5 2 1 5 3016 3092 3093 3017 4612 4688 4689 4613
6332 5 2 1 5 3017 3093 3094 3018 4613 4689 4690 4614
6333 5 2 1 5 3018 3094 3095 3019 4614 4690 4691 4615
6334 5 2 1 5 3019 3095 3096 3020 4615 4691 4692 4616
6335 5 2 1 5 3020 3096 3097 3021 4616 4692 4693 4617
6336 5 2 1 5 3021 3097 3098 3022 4617 4693 4694 4618
6337 5 2 1 5 3022 3098 3099 3023 4618 4694 4695 4619
6338 5 2 1 5 3023 3099 3100 3024 4619 4695 4696 4620
6339 5 2 1 5 3024 3100 3101 3025 4620 4696 4697 4621
6340 5 2 1 5 3025 3101 3102 3026 4621 4697 4698 4622
6341 5 2 1 5 3026 3102 3103 3027 4622 4698 4699 4623
6342 5 2 1 5 3027 3103 3104 3028 4623 4699 4700 4624
6343 5 2 1 5 3028 3104 3105 3029 4624 4700 4701 4625
6344 5 2 1 5 3029 3105 3106 3030 4625 4701 4702 4626
6345 5 2 1 5 3030 3106 3107 3031 4626 4702 4703 4627
6346 5 2 1 5 3031 3107 3108 3032 4627 4703 4704 4628
6347 5 2 1 5 3032 3108 3109 3033 4628 4704 4705 4629
6348 5 2 1 5 3033 3109 3110 3034 4629 4705 4706 4630
6349 5 2 1 5 3034 3110 3111 3035 4630 4706 4707 4631
6350 5 2 1 5 3035 3111 3112 3036 4631 4707 4708 4632
6351 5 2 1 5 3036 3112 3113 3037 4632 4708 4709 4633
6352 5 2 1 5 3037 3113 3114 3038 4633 4709 4710 4634
6353 5 2 1 5 3038 3114 3115 3039 4634 4710 4711 4635
6354 5 2 1 5 3039 3115 3116 3040 4635 4711 4712 4636
6355 5 2 1 5 3040 3116 3117 3041 4636 4712 4713 4637
6356 5 2 1 5 3041 3117 3118 3042 4637 4713 4714 4638
6357 5 2 1 5 3042 3118 3119 3043 4638 4714 4715 4639
6358 5 2 1 5 3043 3119 3120 3044 4639 4715 4716 4640
6359 5 2 1 5 3044 3120 3121 3045 4640 4716 4717 4641
6360 5 2 1 5 3045 3121 3122 3046 4641 4717 4718 4642
6361 5 2 1 5 3046 3122 3123 3047 4642 4718 4719 4643
6362 5 2 1 5 3047 3123 3124 3048 4643 4719 4720 4644
6363 5 2 1 5 3048 3124 3125 3049 4644 4720 4721 4645
6364 5 2 1 5 3049 3125 3126 3050 4645 4721 4722 4646
6365 5 2 1 5 3050 3126 3127 3051 4646 4722 4723 4647
6366 5 2 1 5 3051 3127 3128 3052 4647 4723 4724 4648
6367 5 2 1 5 3052 3128 3129 3053 4648 4724 4725 4649
6368 5 2 1 5 3053 3129 3130 3054 4649 4725 4726 4650
6369 5 2 1 5 3054 3130 3131 3055 4650 4726 4727 4651
6370 5 2 1 5 3055 3131 3132 3056 4651 4727 4728 4652
6371 5 2 1 5 3056 3132 3133 3057 4652 4728 4729 4653
6372 5 2 1 5 3057 3133 3134 3058 4653 4729 4730 4654
6373 5 2 1 5 3058 3134 3135 3059 4654 4730 4731 4655
6374 5 2 1 5 3059 3135 3136 3060 4655 4731 4732 4656
6375 5 2 1 5 3060 3136 3137 3061 4656 4732 4733 4657
6376 5 2 1 5 3061 3137 3138 3062 4657 4733 4734 4658
6377 5 2 1 5 3062 3138 3139 3063 4658 4734 4735 4659
6378 5 2 1 5 3063 3139 3140 3064 4659 4735 4736 4660
6379 5 2 1 5 3064 3140 3141 3065 4660 4736 4737 4661
6380 5 2 1 5 3065 3141 3142 3066 4661 4737 4738 4662
6381 5 2 1 5 3066 3142 3143 3067 4662 4738 4739 4663
6382 5 2 1 5 3067 3143 3144 3068 4663 4739 4740 4664
6383 5 2 1 5 3068 3144 3145 3069 4664 4740 4741 4665
6384 5 2 1 5 3069 3145 3146 3070 4665 4741 4742 4666
6385 5 2 1 5 3070 3146 3147 3071 4666 4742 4743 4667
6386 5 2 1 5 3071 3147 3148 3072 4667 4743 4744 4668
6387 5 2 1 5 3072 3148 3149 3073 4668 4744 4745 4669
6388 5 2 1 5 3073 3149 3150 3074 4669 4745 4746 4670
6389 5 2 1 5 3074 3150 3151 3075 4670 4746 4747 4671
6390 5 2 1 5 3075 3151 3152 3076 4671 4747 4748 4672
6391 5 2 1 5 3076 3152 3153 3077 4672 4748 4749 4673
6392 5 2 1 5 3077 3153 3154 3078 4673 4749 4750 4674
6393 5 2 1 5 3078 3154 3155 3079 4674 4750 4751 4675
6394 5 2 1 5 3079 3155 3156 3080 4675 4751 4752 4676
6395 5 2 1 5 3080 3156 3157 3081 4676 4752 4753 4677
6396 5 2 1 5 3081 3157 3158 3082 4677 4753 4754 4678
6397 5 2 1 5 3082 3158 3159 3083 4678 4754 4755 4679
6398 5 2 1 5 3083 3159 3160 3084 4679 4755 4756 4680
6399 5 2 1 5 3084 3160 3161 3085 4680 4756 4757 4681
6400 5 2 1 5 3085 3161 3162 3086 4681 4757 4758 4682
6401 5 2 1 5 3086 3162 3163 3087 4682 4758 4759 4683
6402 5 2 1 5 3087 3163 3164 3088 4683 4759 4760 4684
6403 5 2 1 5 3088 3164 571 572 4684 4760 917 918
6404 5 2 1 5 532 533 3165 3089 878 879 4761 4685
6405 5 2 1 5 3089 3165 3166 3090 4685 4761 4762 4686
6406 5 2 1 5 3090 3166 3167 3091 4686 4762 4763 4687
6407 5 2 1 5 3091 3167 3168 3092 4687 4763 4764 4688
6408 5 2 1 5 3092 3168 3169 3093 4688 4764 4765 4689
6409 5 2 1 5 3093 3169 3170 3094 4689 4765 4766 4690
6410 5 2 1 5 3094 3170 3171 3095 4690 4766 4767 4691
6411 5 2 1 5 3095 3171 3172 3096 4691 4767 4768 4692
6412 5 2 1 5 3096 3172 3173 3097 4692 4768 4769 4693
6413 5 2 1 5 3097 3173 3174 3098 4693 4769 4770 4694
6414 5 2 1 5 3098 3174 3175 3099 4694 4770 4771 4695
6415 5 2 1 5 3099 3175 3176 3100 4695 4771 4772 4696
6416 5 2 1 5 3100 3176 3177 3101 4696 4772 4773 4697
6417 5 2 1 5 3101 3177 3178 3102 4697 4773 4774 4698
6418 5 2 1 5 3102 3178 3179 3103 4698 4774 4775 4699
6419 5 2 1 5 3103 3179 3180 3104 4699 4775 4776 4700
6420 5 2 1 5 3104 3180 3181 3105 4700 4776 4777 4701
6421 5 2 1 5 3105 3181 3182 3106 4701 4777 4778 4702
6422 5 2 1 5 3106 3182 3183 3107 4702 4778 4779 4703
6423 5 2 1 5 3107 3183 3184 3108 4703 4779 4780 4704
6424 5 2 1 5 3108 3184 3185 3109 4704 4780 4781 4705
6425 5 2 1 5 3109 3185 3186 3110 4705 4781 4782 4706
6426 5 2 1 5 3110 3186 3187 3111 4706 4782 4783 4707
6427 5 2 1 5 3111 3187 3188 3112 4707 4783 4784 4708
6428 5 2 1 5 3112 3188 3189 3113 4708 4784 4785 4709
6429 5 2 1 5 3113 3189 3190 3114 4709 4785 4786 4710
6430 5 2 1 5 3114 3190 3191 3115 4710 4786 4787 4711
6431 5 2 1 5 3115 3191 3192 3116 4711 4787 4788 4712
6432 5 2 1 5 3116 3192 3193 3117 4712 4788 4789 4713
6433 5 2 1 5 3117 3193 3194 3118 4713 4789 4790 4714
6434 5 2 1 5 3118 3194 3195 3119 4714 4790 4791 4715
6435 5 2 1 5 3119 3195 3196 3120 4715 4791 4792 4716
6436 5 2 1 5 3120 3196 3197 3121 4716 4792 4793 4717
6437 5 2 1 5 3121 3197 3198 3122 4717 4793 4794 4718
6438 5 2 1 5 3122 3198 3199 3123 4718 4794 4795 4719
6439 5 2 1 5 3123 3199 3200 3124 4719 4795 4796 4720
6440 5 2 1 5 3124 3200 3201 3125 4720 4796 4797 4721
6441 5 2 1 5 3125 3201 3202 3126 4721 4797 4798 4722
6442 5 2 1 5 3126 3202 3203 3127 4722 4798 4799 4723
6443 5 2 1 5 3127 3203 3204 3128 4723 4799 4800 4724
6444 5 2 1 5 3128 3204 3205 3129 4724 4800 4801 4725
6445 5 2 1 5 3129 3205 3206 3130 4725 4801 4802 4726
6446 5 2 1 5 3130 3206 3207 3131 4726 4802 4803 4727
6447 5 2 1 5 3131 3207 3208 3132 4727 4803 4804 4728
6448 5 2 1 5 3132 3208 3209 3133 4728 4804 4805 4729
6449 5 2 1 5 3133 3209 3210 3134 4729 4805 4806 4730
6450 5 2 1 5 3134 3210 3211 3135 4730 4806 4807 4731
6451 5 2 1 5 3135 3211 3212 3136 4731 4807 4808 4732
6452 5 2 1 5 3136 3212 3213 3137 4732 4808 4809 4733
6453 5 2 1 5 3137 3213 3214 3138 4733 4809 4810 4734
6454 5 2 1 5 3138 3214 3215 3139 4734 4810 4811 4735
6455 5 2 1 5 3139 3215 3216 3140 4735 4811 4812 4736
6456 5 2 1 5 3140 3216 3217 3141 4736 4812 4813 4737
6457 5 2 1 5 3141 3217 3218 3142 4737 4813 4814 4738
6458 5 2 1 5 3142 3218 3219 3143 4738 4814 4815 4739
6459 5 2 1 5 3143 3219 3220 3144 4739 4815 4816 4740
6460 5 2 1 5 3144 3220 3221 3145 4740 4816 4817 4741
6461 5 2 1 5 3145 3221 3222 3146 4741 4817 4818 4742
6462 5 2 1 5 3146 3222 3223 3147 4742 4818 4819 4743
6463 5 2 1 5 3147 3223 3224 3148 4743 4819 4820 4744
6464 5 2 1 5 3148 3224 3225 3149 4744 4820 4821 4745
6465 5 2 1 5 3149 3225 3226 3150 4745 4821 4822 4746
6466 5 2 1 5 3150 3226 3227 3151 4746 4822 4823 4747
6467 5 2 1 5 3151 3227 3228 3152 4747 4823 4824 4748
6468 5 2 1 5 3152 3228 3229 3153 4748 4824 4825 4749
6469 5 2 1 5 3153 3229 3230 3154 4749 4825 4826 4750
6470 5 2 1 5 3154 3230 3231 3155 4750 4826 4827 4751
6471 5 2 1 5 3155 3231 3232 3156 4751 4827 4828 4752
6472 5 2 1 5 3156 3232 3233 3157 4752 4828 4829 4753
6473 5 2 1 5 3157 3233 3234 3158 4753 4829 4830 4754
6474 5 2 1 5 3158 3234 3235 3159 4754 4830 4831 4755
6475 5 2 1 5 3159 3235 3236 3160 4755 4831 4832 4756
6476 5 2 1 5 3160 3236 3237 3161 4756 4832 4833 4757
6477 5 2 1 5 3161 3237 3238 3162 4757 4833 4834 4758
6478 5 2 1 5 3162 3238 3239 3163 4758 4834 4835 4759
6479 5 2 1 5 3163 3239 3240 3164 4759 4835 4836 4760
6480 5 2 1 5 3164 3240 570 571 4760 4836 916 917
6481 5 2 1 5 533 534 3241 3165 879 880 4837 4761
6482 5 2 1 5 3165 3241 3242 3166 4761 4837 4838 4762
6483 5 2 1 5 3166 3242 3243 3167 4762 4838 4839 4763
6484 5 2 1 5 3167 3243 3244 3168 4763 4839 4840 4764
6485 5 2 1 5 3168 3244 3245 3169 4764 4840 4841 4765
6486 5 2 1 5 3169 3245 3246 3170 4765 4841 4842 4766
6487 5 2 1 5 3170 3246 3247 3171 4766 4842 4843 4767
6488 5 2 1 5 3171 3247 3248 3172 4767 4843 4844 4768
6489 5 2 1 5 3172 3248 3249 3173 4768 4844 4845 4769
6490 5 2 1 5 3173 3249 3250 3174 4769 4845 4846 4770
6491 5 2 1 5 3174 3250 3251 3175 4770 4846 4847 4771
6492 5 2 1 5 3175 3251 3252 3176 4771 4847 4848 4772
6493 5 2 1 5 3176 3252 3253 3177 4772 4848 4849 4773
6494 5 2 1 5 3177 3253 3254 3178 4773 4849 4850 4774
6495 5 2 1 5 3178 3254 3255 3179 4774 4850 4851 4775
6496 5 2 1 5 3179 3255 3256 3180 4775 4851 4852 4776
6497 5 2 1 5 3180 3256 3257 3181 4776 4852 4853 4777
6498 5 2 1 5 3181 3257 3258 3182 4777 4853 4854 4778
6499 5 2 1 5 3182 3258 3259 3183 4778 4854 4855 4779
6500 5 2 1 5 3183 3259 3260 3184 4779 4855 4856 4780
6501 5 2 1 5 3184 3260 3261 3185 4780 4856 4857 4781
6502 5 2 1 5 3185 3261 3262 3186 4781 4857 4858 4782
6503 5 2 1 5 3186 3262 3263 3187 4782 4858 4859 4783
6504 5 2 1 5 3187 3263 3264 3188 4783 4859 4860 4784
6505 5 2 1 5 3188 3264 3265 3189 4784 4860 4861 4785
6506 5 2 1 5 3189 3265 3266 3190 4785 4861 4862 4786
6507 5 2 1 5 3190 3266 3267 3191 4786 4862 4863 4787
6508 5 2 1 5 3191 3267 3268 3192 4787 4863 4864 4788
6509 5 2 1 5 3192 3268 3269 3193 4788 4864 4865 4789
6510 5 2 1 5 3193 3269 3270 3194 4789 4865 4866 4790
6511 5 2 1 5 3194 3270 3271 3195 4790 4866 4867 4791
6512 5 2 1 5 3195 3271 3272 3196 4791 4867 4868 4792
6513 5 2 1 5 3196 3272 3273 3197 4792 4868 4869 4793
6514 5 2 1 5 3197 3273 3274 3198 4793 4869 4870 4794
6515 5 2 1 5 3198 3274 3275 3199 4794 4870 4871 4795
6516 5 2 1 5 3199 3275 3276 3200 4795 4871 4872 4796
6517 5 2 1 5 3200 3276 3277 3201 4796 4872 4873 4797
6518 5 2 1 5 3201 3277 3278 3202 4797 4873 4874 4798
6519 5 2 1 5 3202 3278 3279 3203 4798 4874 4875 4799
6520 5 2 1 5 3203 3279 3280 3204 4799 4875 4876 4800
6521 5 2 1 5 3204 3280 3281 3205 4800 4876 4877 4801
6522 5 2 1 5 3205 3281 3282 3206 4801 4877 4878 4802
6523 5 2 1 5 3206 3282 3283 3207 4802 4878 4879 4803
6524 5 2 1 5 3207 3283 3284 3208 4803 4879 4880 4804
6525 5 2 1 5 3208 3284 3285 3209 4804 4880 4881 4805
6526 5 2 1 5 3209 3285 3286 3210 4805 4881 4882 4806
6527 5 2 1 5 3210 3286 3287 3211 4806 4882 4883 4807
6528 5 2 1 5 3211 3287 3288 3212 4807 4883 4884 4808
6529 5 2 1 5 3212 3288 3289 3213 4808 4884 4885 4809
6530 5 2 1 5 3213 3289 3290 3214 4809 4885 4886 4810
6531 5 2 1 5 3214 3290 3291 3215 4810 4886 4887 4811
6532 5 2 1 5 3215 3291 3292 3216 4811 4887 4888 4812
6533 5 2 1 5 3216 3292 3293 3217 4812 4888 4889 4813
6534 5 2 1 5 3217 3293 3294 3218 4813 4889 4890 4814
6535 5 2 1 5 3218 3294 3295 3219 4814 4890 4891 4815
6536 5 2 1 5 3219 3295 3296 3220 4815 4891 4892 4816
6537 5 2 1 5 3220 3296 3297 3221 4816 4892 4893 4817
6538 5 2 1 5 3221 3297 3298 3222 4817 4893 4894 4818
6539 5 2 1 5 3222 3298 3299 3223 4818 4894 4895 4819
6540 5 2 1 5 3223 3299 3300 3224 4819 4895 4896 4820
6541 5 2 1 5 3224 3300 3301 3225 4820 4896 4897 4821
6542 5 2 1 5 3225 3301 3302 3226 4821 4897 4898 4822
6543 5 2 1 5 3226 3302 3303 3227 4822 4898 4899 4823
6544 5 2 1 5 3227 3303 3304 3228 4823 4899 4900 4824
6545 5 2 1 5 3228 3304 3305 3229 4824 4900 4901 4825
6546 5 2 1 5 3229 3305 3306 3230 4825 4901 4902 4826
6547 5 2 1 5 3230 3306 3307 3231 4826 4902 4903 4827
6548 5 2 1 5 3231 3307 3308 3232 4827 4903 4904 4828
6549 5 2 1 5 3232 3308 3309 3233 4828 4904 4905 4829
6550 5 2 1 5 3233 3309 3310 3234 4829 4905 4906 4830
6551 5 2 1 5 3234 3310 3311 3235 4830 4906 4907 4831
6552 5 2 1 5 3235 3311 3312 3236 4831 4907 4908 4832
6553 5 2 1 5 3236 3312 3313 3237 4832 4908 4909 4833
6554 5 2 1 5 3237 3313 3314 3238 4833 4909 4910 4834
6555 5 2 1 5 3238 3314 3315 3239 4834 4910 4911 4835
6556 5 2 1 5 3239 3315 3316 3240 4835 4911 4912 4836
6557 5 2 1 5 3240 3316 569 570 4836 4912 915 916
6558 5 2 1 5 534 535 3317 3241 880 881 4913 4837
6559 5 2 1 5 3241 3317 3318 3242 4837 4913 4914 4838
6560 5 2 1 5 3242 3318 3319 3243 4838 4914 4915 4839
6561 5 2 1 5 3243 3319 3320 3244 4839 4915 4916 4840
6562 5 2 1 5 3244 3320 3321 3245 4840 4916 4917 4841
6563 5 2 1 5 3245 3321 3322 3246 4841 4917 4918 4842
6564 5 2 1 5 3246 3322 3323 3247 4842 4918 4919 4843
6565 5 2 1 5 3247 3323 3324 3248 4843 4919 4920 4844
6566 5 2 1 5 3248 3324 3325 3249 4844 4920 4921 4845
6567 5 2 1 5 3249 3325 3326 3250 4845 4921 4922 4846
6568 5 2 1 5 3250 3326 3327 3251 4846 4922 4923 4847
6569 5 2 1 5 3251 3327 3328 3252 4847 4923 4924 4848
6570 5 2 1 5 3252 3328 3329 3253 4848 4924 4925 4849
6571 5 2 1 5 3253 3329 3330 3254 4849 4925 4926 4850
6572 5 2 1 5 3254 3330 3331 3255 4850 4926 4927 4851
6573 5 2 1 5 3255 3331 3332 3256 4851 4927 4928 4852
6574 5 2 1 5 3256 3332 3333 3257 4852 4928 4929 4853
6575 5 2 1 5 3257 3333 3334 3258 4853 4929 4930 4854
6576 5 2 1 5 3258 3334 3335 3259 4854 4930 4931 4855
6577 5 2 1 5 3259 3335 3336 3260 4855 4931 4932 4856
6578 5 2 1 5 3260 3336 3337 3261 4856 4932 4933 4857
6579 5 2 1 5 3261 3337 3338 3262 4857 4933 4934 4858
6580 5 2 1 5 3262 3338 3339 3263 4858 4934 4935 4859
6581 5 2 1 5 3263 3339 3340 3264 4859 4935 4936 4860
6582 5 2 1 5 3264 3340 3341 3265 4860 4936 4937 4861
6583 5 2 1 5 3265 3341 3342 3266 4861 4937 4938 4862
6584 5 2 1 5 3266 3342 3343 3267 4862 4938 4939 4863
6585 5 2 1 5 3267 3343 3344 3268 4863 4939 4940 4864
6586 5 2 1 5 3268 3344 3345 3269 4864 4940 4941 4865
6587 5 2 1 5 3269 3345 3346 3270 4865 4941 4942 4866
6588 5 2 1 5 3270 3346 3347 3271 4866 4942 4943 4867
6589 5 2 1 5 3271 3347 3348 3272 4867 4943 4944 4868
6590 5 2 1 5 3272 3348 3349 3273 4868 4944 4945 4869
6591 5 2 1 5 3273 3349 3350 3274 4869 4945 4946 4870
6592 5 2 1 5 3274 3350 3351 3275 4870 4946 4947 4871
6593 5 2 1 5 3275 3351 3352 3276 4871 4947 4948 4872
6594 5 2 1 5 3276 3352 3353 3277 4872 4948 4949 4873
6595 5 2 1 5 3277 3353 3354 3278 4873 4949 4950 4874
6596 5 2 1 5 3278 3354 3355 3279 4874 4950 4951 4875
6597 5 2 1 5 3279 3355 3356 3280 4875 4951 4952 4876
6598 5 2 1 5 3280 3356 3357 3281 4876 4952 4953 4877
6599 5 2 1 5 3281 3357 3358 3282 4877 4953 4954 4878
6600 5 2 1 5 3282 3358 3359 3283 4878 4954 4955 4879
6601 5 2 1 5 3283 3359 3360 3284 4879 4955 4956 4880
6602 5 2 1 5 3284 3360 3361 3285 4880 4956 4957 4881
6603 5 2 1 5 3285 3361 3362 3286 4881 4957 4958 4882
6604 5 2 1 5 3286 3362 3363 3287 4882 4958 4959 4883
6605 5 2 1 5 3287 3363 3364 3288 4883 4959 4960 4884
6606 5 2 1 5 3288 3364 3365 3289 4884 4960 4961 4885
6607 5 2 1 5 3289 3365 3366 3290 4885 4961 4962 4886
6608 5 2 1 5 3290 3366 3367 3291 4886 4962 4963 4887
6609 5 2 1 5 3291 3367 3368 3292 4887 4963 4964 4888
6610 5 2 1 5 3292 3368 3369 3293 4888 4964 4965 4889
6611 5 2 1 5 3293 3369 3370 3294 4889 4965 4966 4890
6612 5 2 1 5 3294 3370 3371 3295 4890 4966 4967 4891
6613 5 2 1 5 3295 3371 3372 3296 4891 4967 4968 4892
6614 5 2 1 5 3296 3372 3373 3297 4892 4968 4969 4893
6615 5 2 1 5 3297 3373 3374 3298 4893 4969 4970 4894
6616 5 2 1 5 3298 3374 3375 3299 4894 4970 4971 4895
6617 5 2 1 5 3299 3375 3376 3300 4895 4971 4972 4896
6618 5 2 1 5 3300 3376 3377 3301 4896 4972 4973 4897
6619 5 2 1 5 3301 3377 3378 3302 4897 4973 4974 4898
6620 5 2 1 5 3302 3378 3379 3303 4898 4974 4975 4899
6621 5 2 1 5 3303 3379 3380 3304 4899 4975 4976 4900
6622 5 2 1 5 3304 3380 3381 3305 4900 4976 4977 4901
6623 5 2 1 5 3305 3381 3382 3306 4901 4977 4978 4902
6624 5 2 1 5 3306 3382 3383 3307 4902 4978 4979 4903
6625 5 2 1 5 3307 3383 3384 3308 4903 4979 4980 4904
6626 5 2 1 5 3308 3384 3385 3309 4904 4980 4981 4905
6627 5 2 1 5 3309 3385 3386 3310 4905 4981 4982 4906
6628 5 2 1 5 3310 3386 3387 3311 4906 4982 4983 4907
6629 5 2 1 5 3311 3387 3388 3312 4907 4983 4984 4908
6630 5 2 1 5 3312 3388 3389 3313 4908 4984 4985 4909
6631 5 2 1 5 3313 3389 3390 3314 4909 4985 4986 4910
6632 5 2 1 5 3314 3390 3391 3315 4910 4986 4987 4911
6633 5 2 1 5 3315 3391 3392 3316 4911 4987 4988 4912
6634 5 2 1 5 3316 3392 568 569 4912 4988 914 915
6635 5 2 1 5 535 536 3393 3317 881 882 4989 4913
6636 5 2 1 5 3317 3393 3394 3318 4913 4989 4990 4914
6637 5 2 1 5 3318 3394 3395 3319 4914 4990 4991 4915
6638 5 2 1 5 3319 3395 3396 3320 4915 4991 4992 4916
6639 5 2 1 5 3320 3396 3397 3321 4916 4992 4993 4917
6640 5 2 1 5 3321 3397 3398 3322 4917 4993 4994 4918
6641 5 2 1 5 3322 3398 3399 3323 4918 4994 4995 4919
6642 5 2 1 5 3323 3399 3400 3324 4919 4995 4996 4920
6643 5 2 1 5 3324 3400 3401 3325 4920 4996 4997 4921
6644 5 2 1 5 3325 3401 3402 3326 4921 4997 4998 4922
6645 5 2 1 5 3326 3402 3403 3327 4922 4998 4999 4923
6646 5 2 1 5 3327 3403 3404 3328 4923 4999 5000 4924
6647 5 2 1 5 3328 3404 3405 3329 4924 5000 5001 4925
6648 5 2 1 5 3329 3405 3406 3330 4925 5001 5002 4926
6649 5 2 1 5 3330 3406 3407 3331 4926 5002 5003 4927
6650 5 2 1 5 3331 3407 3408 3332 4927 5003 5004 4928
6651 5 2 1 5 3332 3408 3409 3333 4928 5004 5005 4929
6652 5 2 1 5 3333 3409 3410 3334 4929 5005 5006 4930
6653 5 2 1 5 3334 3410 3411 3335 4930 5006 5007 4931
6654 5 2 1 5 3335 3411 3412 3336 4931 5007 5008 4932
6655 5 2 1 5 3336 3412 3413 3337 4932 5008 5009 4933
6656 5 2 1 5 3337 3413 3414 3338 4933 5009 5010 4934
6657 5 2 1 5 3338 3414 3415 3339 4934 5010 5011 4935
6658 5 2 1 5 3339 3415 3416 3340 4935 5011 5012 4936
6659 5 2 1 5 3340 3416 3417 3341 4936 5012 5013 4937
6660 5 2 1 5 3341 3417 3418 3342 4937 5013 5014 4938
6661 5 2 1 5 3342 3418 3419 3343 4938 5014 5015 4939
6662 5 2 1 5 3343 3419 3420 3344 4939 5015 5016 4940
6663 5 2 1 5 3344 3420 3421 3345 4940 5016 5017 4941
6664 5 2 1 5 3345 3421 3422 3346 4941 5017 5018 4942
6665 5 2 1 5 3346 3422 3423 3347 4942 5018 5019 4943
6666 5 2 1 5 3347 3423 3424 3348 4943 5019 5020 4944
6667 5 2 1 5 3348 3424 3425 3349 4944 5020 5021 4945
6668 5 2 1 5 3349 3425 3426 3350 4945 5021 5022 4946
6669 5 2 1 5 3350 3426 3427 3351 4946 5022 5023 4947
6670 5 2 1 5 3351 3427 3428 3352 4947 5023 5024 4948
6671 5 2 1 5 3352 3428 3429 3353 4948 5024 5025 4949
6672 5 2 1 5 3353 3429 3430 3354 4949 5025 5026 4950
6673 5 2 1 5 3354 3430 3431 3355 4950 5026 5027 4951
6674 5 2 1 5 3355 3431 3432 3356 4951 5027 5028 4952
6675 5 2 1 5 3356 3432 3433 3357 4952 5028 5029 4953
6676 5 2 1 5 3357 3433 3434 3358 4953 5029 5030 4954
6677 5 2 1 5 3358 3434 3435 3359 4954 5030 5031 4955
6678 5 2 1 5 3359 3435 3436 3360 4955 5031 5032 4956
6679 5 2 1 5 3360 3436 3437 3361 4956 5032 5033 4957
6680 5 2 1 5 3361 3437 3438 3362 4957 5033 5034 4958
6681 5 2 1 5 3362 3438 3439 3363 4958 5034 5035 4959
6682 5 2 1 5 3363 3439 3440 3364 4959 5035 5036 4960
6683 5 2 1 5 3364 3440 3441 3365 4960 5036 5037 4961
6684 5 2 1 5 3365 3441 3442 3366 4961 5037 5038 4962
6685 5 2 1 5 3366 3442 3443 3367 4962 5038 5039 4963
6686 5 2 1 5 3367 3443 3444 3368 4963 5039 5040 4964
6687 5 2 1 5 3368 3444 3445 3369 4964 5040 5041 4965
6688 5 2 1 5 3369 3445 3446 3370 4965 5041 5042 4966
6689 5 2 1 5 3370 3446 3447 3371 4966 5042 5043 4967
6690 5 2 1 5 3371 3447 3448 3372 4967 5043 5044 4968
6691 5 2 1 5 3372 3448 3449 3373 4968 5044 5045 4969
6692 5 2 1 5 3373 3449 3450 3374 4969 5045 5046 4970
6693 5 2 1 5 3374 3450 3451 3375 4970 5046 5047 4971
6694 5 2 1 5 3375 3451 3452 3376 4971 5047 5048 4972
6695 5 2 1 5 3376 3452 3453 3377 4972 5048 5049 4973
6696 5 2 1 5 3377 3453 3454 3378 4973 5049 5050 4974
6697 5 2 1 5 3378 3454 3455 3379 4974 5050 5051 4975
6698 5 2 1 5 3379 3455 3456 3380 4975 5051 5052 4976
6699 5 2 1 5 3380 3456 3457 3381 4976 5052 5053 4977
6700 5 2 1 5 3381 3457 3458 3382 4977 5053 5054 4978
6701 5 2 1 5 3382 3458 3459 3383 4978 5054 5055 4979
6702 5 2 1 5 3383 3459 3460 3384 4979 5055 5056 4980
6703 5 2 1 5 3384 3460 3461 3385 4980 5056 5057 4981
6704 5 2 1 5 3385 3461 3462 3386 4981 5057 5058 4982
6705 5 2 1 5 3386 3462 3463 3387 4982 5058 5059 4983
6706 5 2 1 5 3387 3463 3464 3388 4983 5059 5060 4984
6707 5 2 1 5 3388 3464 3465 3389 4984 5060 5061 4985
6708 5 2 1 5 3389 3465 3466 3390 4985 5061 5062 4986
6709 5 2 1 5 3390 3466 3467 3391 4986 5062 5063 4987
6710 5 2 1 5 3391 3467 3468 3392 4987 5063 5064 4988
6711 5 2 1 5 3392 3468 567 568 4988 5064 913 914
6712 5 2 1 5 536 537 3469 3393 882 883 5065 4989
6713 5 2 1 5 3393 3469 3470 3394 4989 5065 5066 4990
6714 5 2 1 5 3394 3470 3471 3395 4990 5066 5067 4991
6715 5 2 1 5 3395 3471 3472 3396 4991 5067 5068 4992
6716 5 2 1 5 3396 3472 3473 3397 4992 5068 5069 4993
6717 5 2 1 5 3397 3473 3474 3398 4993 5069 5070 4994
6718 5 2 1 5 3398 3474 3475 3399 4994 5070 5071 4995
6719 5 2 1 5 3399 3475 3476 3400 4995 5071 5072 4996
6720 5 2 1 5 3400 3476 3477 3401 4996 5072 5073 4997
6721 5 2 1 5 3401 3477 3478 3402 4997 5073 5074 4998
6722 5 2 1 5 3402 3478 3479 3403 4998 5074 5075 4999
6723 5 2 1 5 3403 3479 3480 3404 4999 5075 5076 5000
6724 5 2 1 5 3404 3480 3481 3405 5000 5076 5077 5001
6725 5 2 1 5 3405 3481 3482 3406 5001 5077 5078 5002
6726 5 2 1 5 3406 3482 3483 3407 5002 5078 5079 5003
6727 5 2 1 5 3407 3483 3484 3408 5003 5079 5080 5004
6728 5 2 1 5 3408 3484 3485 3409 5004 5080 5081 5005
6729 5 2 1 5 3409 3485 3486 3410 5005 5081 5082 5006
6730 5 2 1 5 3410 3486 3487 3411 5006 5082 5083 5007
6731 5 2 1 5 3411 3487 3488 3412 5007 5083 5084 5008
6732 5 2 1 5 3412 3488 3489 3413 5008 5084 5085 5009
6733 5 2 1 5 3413 3489 3490 3414 5009 5085 5086 5010
6734 5 2 1 5 3414 3490 3491 3415 5010 5086 5087 5011
6735 5 2 1 5 3415 3491 3492 3416 5011 5087 5088 5012
6736 5 2 1 5 3416 3492 3493 3417 5012 5088 5089 5013
6737 5 2 1 5 3417 3493 3494 3418 5013 5089 5090 5014
6738 5 2 1 5 3418 3494 3495 3419 5014 5090 5091 5015
6739 5 2 1 5 3419 3495 3496 3420 5015 5091 5092 5016
6740 5 2 1 5 3420 3496 3497 3421 5016 5092 5093 5017
6741 5 2 1 5 3421 3497 3498 3422 5017 5093 5094 5018
6742 5 2 1 5 3422 3498 3499 3423 5018 5094 5095 5019
6743 5 2 1 5 3423 3499 3500 3424 5019 5095 5096 5020
6744 5 2 1 5 3424 3500 3501 3425 5020 5096 5097 5021
6745 5 2 1 5 3425 3501 3502 3426 5021 5097 5098 5022
6746 5 2 1 5 3426 3502 3503 3427 5022 5098 5099 5023
6747 5 2 1 5 3427 3503 3504 3428 5023 5099 5100 5024
6748 5 2 1 5 3428 3504 3505 3429 5024 5100 5101 5025
6749 5 2 1 5 3429 3505 3506 3430 5025 5101 5102 5026
6750 5 2 1 5 3430 3506 3507 3431 5026 5102 5103 5027
6751 5 2 1 5 3431 3507 3508 3432 5027 5103 5104 5028
6752 5 2 1 5 3432 3508 3509 3433 5028 5104 5105 5029
6753 5 2 1 5 3433 3509 3510 3434 5029 5105 5106 5030
6754 5 2 1 5 3434 3510 3511 3435 5030 5106 5107 5031
6755 5 2 1 5 3435 3511 3512 3436 5031 5107 5108 5032
6756 5 2 1 5 3436 3512 3513 3437 5032 5108 5109 5033
6757 5 2 1 5 3437 3513 3514 3438 5033 5109 5110 5034
6758 5 2 1 5 3438 3514 3515 3439 5034 5110 5111 5035
6759 5 2 1 5 3439 3515 3516 3440 5035 5111 5112 5036
6760 5 2 1 5 3440 3516 3517 3441 5036 5112 5113 5037
6761 5 2 1 5 3441 3517 3518 3442 5037 5113 5114 5038
6762 5 2 1 5 3442 3518 3519 3443 5038 5114 5115 5039
6763 5 2 1 5 3443 3519 3520 3444 5039 5115 5116 5040
6764 5 2 1 5 3444 3520 3521 3445 5040 5116 5117 5041
6765 5 2 1 5 3445 3521 3522 3446 5041 5117 5118 5042
6766 5 2 1 5 3446 3522 3523 3447 5042 5118 5119 5043
6767 5 2 1 5 3447 3523 3524 3448 5043 5119 5120 5044
6768 5 2 1 5 3448 3524 3525 3449 5044 5120 5121 5045
6769 5 2 1 5 3449 3525 3526 3450 5045 5121 5122 5046
6770 5 2 1 5 3450 3526 3527 3451 5046 5122 5123 5047
6771 5 2 1 5 3451 3527 3528 3452 5047 5123 5124 5048
6772 5 2 1 5 3452 3528 3529 3453 5048 5124 5125 5049
6773 5 2 1 5 3453 3529 3530 3454 5049 5125 5126 5050
6774 5 2 1 5 3454 3530 3531 3455 5050 5126 5127 5051
6775 5 2 1 5 3455 3531 3532 3456 5051 5127 5128 5052
6776 5 2 1 5 3456 3532 3533 3457 5052 5128 5129 5053
6777 5 2 1 5 3457 3533 3534 3458 5053 5129 5130 5054
6778 5 2 1 5 3458 3534 3535 3459 5054 5130 5131 5055
6779 5 2 1 5 3459 3535 3536 3460 5055 5131 5132 5056
6780 5 2 1 5 3460 3536 3537 3461 5056 5132 5133 5057
6781 5 2 1 5 3461 3537 3538 3462 5057 5133 5134 5058
6782 5 2 1 5 3462 3538 3539 3463 5058 5134 5135 5059
6783 5 2 1 5 3463 3539 3540 3464 5059 5135 5136 5060
6784 5 2 1 5 3464 3540 3541 3465 5060 5136 5137 5061
6785 5 2 1 5 3465 3541 3542 3466 5061 5137 5138 5062
6786 5 2 1 5 3466 3542 3543 3467 5062 5138 5139 5063
6787 5 2 1 5 3467 3543 3544 3468 5063 5139 5140 5064
6788 5 2 1 5 3468 3544 566 567 5064 5140 912 913
6789 5 2 1 5 537 538 3545 3469 883 884 5141 5065
6790 5 2 1 5 3469 3545 3546 3470 5065 5141 5142 5066
6791 5 2 1 5 3470 3546 3547 3471 5066 5142 5143 5067
6792 5 2 1 5 3471 3547 3548 3472 5067 5143 5144 5068
6793 5 2 1 5 3472 3548 3549 3473 5068 5144 5145 5069
6794 5 2 1 5 3473 3549 3550 3474 5069 5145 5146 5070
6795 5 2 1 5 3474 3550 3551 3475 5070 5146 5147 5071
6796 5 2 1 5 3475 3551 3552 3476 5071 5147 5148 5072
6797 5 2 1 5 3476 3552 3553 3477 5072 5148 5149 5073
6798 5 2 1 5 3477 3553 3554 3478 5073 5149 5150 5074
6799 5 2 1 5 3478 3554 3555 3479 5074 5150 5151 5075
6800 5 2 1 5 3479 3555 3556 3480 5075 5151 5152 5076
6801 5 2 1 5 3480 3556 3557 3481 5076 5152 5153 5077
6802 5 2 1 5 3481 3557 3558 3482 5077 5153 5154 5078
6803 5 2 1 5 3482 3558 3559 3483 5078 5154 5155 5079
6804 5 2 1 5 3483 3559 3560 3484 5079 5155 5156 5080
6805 5 2 1 5 3484 3560 3561 3485 5080 5156 5157 5081
6806 5 2 1 5 3485 3561 3562 3486 5081 5157 5158 5082
6807 5 2 1 5 3486 3562 3563 3487 5082 5158 5159 5083
6808 5 2 1 5 3487 3563 3564 3488 5083 5159 5160 5084
6809 5 2 1 5 3488 3564 3565 3489 5084 5160 5161 5085
6810 5 2 1 5 3489 3565 3566 3490 5085 5161 5162 5086
6811 5 2 1 5 3490 3566 3567 3491 5086 5162 5163 5087
6812 5 2 1 5 3491 3567 3568 3492 5087 5163 5164 5088
6813 5 2 1 5 3492 3568 3569 3493 5088 5164 5165 5089
6814 5 2 1 5 3493 3569 3570 3494 5089 5165 5166 5090
6815 5 2 1 5 3494 3570 3571 3495 5090 5166 5167 5091
6816 5 2 1 5 3495 3571 3572 3496 5091 5167 5168 5092
6817 5 2 1 5 3496 3572 3573 3497 5092 5168 5169 5093
6818 5 2 1 5 3497 3573 3574 3498 5093 5169 5170 5094
6819 5 2 1 5 3498 3574 3575 3499 5094 5170 5171 5095
6820 5 2 1 5 3499 3575 3576 3500 5095 5171 5172 5096
6821 5 2 1 5 3500 3576 3577 3501 5096 5172 5173 5097
6822 5 2 1 5 3501 3577 3578 3502 5097 5173 5174 5098
6823 5 2 1 5 3502 3578 3579 3503 5098 5174 5175 5099
6824 5 2 1 5 3503 3579 3580 3504 5099 5175 5176 5100
6825 5 2 1 5 3504 3580 3581 3505 5100 5176 5177 5101
6826 5 2 1 5 3505 3581 3582 3506 5101 5177 5178 5102
6827 5 2 1 5 3506 3582 3583 3507 5102 5178 5179 5103
6828 5 2 1 5 3507 3583 3584 3508 5103 5179 5180 5104
6829 5 2 1 5 3508 3584 3585 3509 5104 5180 5181 5105
6830 5 2 1 5 3509 3585 3586 3510 5105 5181 5182 5106
6831 5 2 1 5 3510 3586 3587 3511 5106 5182 5183 5107
6832 5 2 1 5 3511 3587 3588 3512 5107 5183 5184 5108
6833 5 2 1 5 3512 3588 3589 3513 5108 5184 5185 5109
6834 5 2 1 5 3513 3589 3590 3514 5109 5185 5186 5110
6835 5 2 1 5 3514 3590 3591 3515 5110 5186 5187 5111
6836 5 2 1 5 3515 3591 3592 3516 5111 5187 5188 5112
6837 5 2 1 5 3516 3592 3593 3517 5112 5188 5189 5113
6838 5 2 1 5 3517 3593 3594 3518 5113 5189 5190 5114
6839 5 2 1 5 3518 3594 3595 3519 5114 5190 5191 5115
6840 5 2 1 5 3519 3595 3596 3520 5115 5191 5192 5116
6841 5 2 1 5 3520 3596 3597 3521 5116 5192 5193 5117
6842 5 2 1 5 3521 3597 3598 3522 5117 5193 5194 5118
6843 5 2 1 5 3522 3598 3599 3523 5118 5194 5195 5119
6844 5 2 1 5 3523 3599 3600 3524 5119 5195 5196 5120
6845 5 2 1 5 3524 3600 3601 3525 5120 5196 5197 5121
6846 5 2 1 5 3525 3601 3602 3526 5121 5197 5198 5122
6847 5 2 1 5 3526 3602 3603 3527 5122 5198 5199 5123
6848 5 2 1 5 3527 3603 3604 3528 5123 5199 5200 5124
6849 5 2 1 5 3528 3604 3605 3529 5124 5200 5201 5125
6850 5 2 1 5 3529 3605 3606 3530 5125 5201 5202 5126
6851 5 2 1 5 3530 3606 3607 3531 5126 5202 5203 5127
6852 5 2 1 5 3531 3607 3608 3532 5127 5203 5204 5128
6853 5 2 1 5 3532 3608 3609 3533 5128 5204 5205 5129
6854 5 2 1 5 3533 3609 3610 3534 5129 5205 5206 5130
6855 5 2 1 5 3534 3610 3611 3535 5130 5206 5207 5131
6856 5 2 1 5 3535 3611 3612 3536 5131 5207 5208 5132
6857 5 2 1 5 3536 3612 3613 3537 5132 5208 5209 5133
6858 5 2 1 5 3537 3613 3614 3538 5133 5209 5210 5134
6859 5 2 1 5 3538 3614 3615 3539 5134 5210 5211 5135
6860 5 2 1 5 3539 3615 3616 3540 5135 5211 5212 5136
6861 5 2 1 5 3540 3616 3617 3541 5136 5212 5213 5137
6862 5 2 1 5 3541 3617 3618 3542 5137 5213 5214 5138
6863 5 2 1 5 3542 3618 3619 3543 5138 5214 5215 5139
6864 5 2 1 5 3543 3619 3620 3544 5139 5215 5216 5140
6865 5 2 1 5 3544 3620 565 566 5140 5216 911 912
6866 5 2 1 5 538 539 3621 3545 884 885 5217 5141
6867 5 2 1 5 3545 3621 3622 3546 5141 5217 5218 5142
6868 5 2 1 5 3546 3622 3623 3547 5142 5218 5219 5143
6869 5 2 1 5 3547 3623 3624 3548 5143 5219 5220 5144
6870 5 2 1 5 3548 3624 3625 3549 5144 5220 5221 5145
6871 5 2 1 5 3549 3625 3626 3550 5145 5221 5222 5146
6872 5 2 1 5 3550 3626 3627 3551 5146 5222 5223 5147
6873 5 2 1 5 3551 3627 3628 3552 5147 5223 5224 5148
6874 5 2 1 5 3552 3628 3629 3553 5148 5224 5225 5149
6875 5 2 1 5 3553 3629 3630 3554 5149 5225 5226 5150
6876 5 2 1 5 3554 3630 3631 3555 5150 5226 5227 5151
6877 5 2 1 5 3555 3631 3632 3556 5151 5227 5228 5152
6878 5 2 1 5 3556 3632 3633 3557 5152 5228 5229 5153
6879 5 2 1 5 3557 3633 3634 3558 5153 5229 5230 5154
6880 5 2 1 5 3558 3634 3635 3559 5154 5230 5231 5155
6881 5 2 1 5 3559 3635 3636 3560 5155 5231 5232 5156
6882 5 2 1 5 3560 3636 3637 3561 5156 5232 5233 5157
6883 5 2 1 5 3561 3637 3638 3562 5157 5233 5234 5158
6884 5 2 1 5 3562 3638 3639 3563 5158 5234 5235 5159
6885 5 2 1 5 3563 3639 3640 3564 5159 5235 5236 5160
6886 5 2 1 5 3564 3640 3641 3565 5160 5236 5237 5161
6887 5 2 1 5 3565 3641 3642 3566 5161 5237 5238 5162
6888 5 2 1 5 3566 3642 3643 3567 5162 5238 5239 5163
6889 5 2 1 5 3567 3643 3644 3568 5163 5239 5240 5164
6890 5 2 1 5 3568 3644 3645 3569 5164 5240 5241 5165
6891 5 2 1 5 3569 3645 3646 3570 5165 5241 5242 5166
6892 5 2 1 5 3570 3646 3647 3571 5166 5242 5243 5167
6893 5 2 1 5 3571 3647 3648 3572 5167 5243 5244 5168
6894 5 2 1 5 3572 3648 3649 3573 5168 5244 5245 5169
6895 5 2 1 5 3573 3649 3650 3574 5169 5245 5246 5170
6896 5 2 1 5 3574 3650 3651 3575 5170 5246 5247 5171
6897 5 2 1 5 3575 3651 3652 3576 5171 5247 5248 5172
6898 5 2 1 5 3576 3652 3653 3577 5172 5248 5249 5173
6899 5 2 1 5 3577 3653 3654 3578 5173 5249 5250 5174
6900 5 2 1 5 3578 3654 3655 3579 5174 5250 5251 5175
6901 5 2 1 5 3579 3655 3656 3580 5175 5251 5252 5176
6902 5 2 1 5 3580 3656 3657 3581 5176 5252 5253 5177
6903 5 2 1 5 3581 3657 3658 3582 5177 5253 5254 5178
6904 5 2 1 5 3582 3658 3659 3583 5178 5254 5255 5179
6905 5 2 1 5 3583 3659 3660 3584 5179 5255 5256 5180
6906 5 2 1 5 3584 3660 3661 3585 5180 5256 5257 5181
6907 5 2 1 5 3585 3661 3662 3586 5181 5257 5258 5182
6908 5 2 1 5 3586 3662 3663 3587 5182 5258 5259 5183
6909 5 2 1 5 3587 3663 3664 3588 5183 5259 5260 5184
6910 5 2 1 5 3588 3664 3665 3589 5184 5260 5261 5185
6911 5 2 1 5 3589 3665 3666 3590 5185 5261 5262 5186
6912 5 2 1 5 3590 3666 3667 3591 5186 5262 5263 5187
6913 5 2 1 5 3591 3667 3668 3592 5187 5263 5264 5188
6914 5 2 1 5 3592 3668 3669 3593 5188 5264 5265 5189
6915 5 2 1 5 3593 3669 3670 3594 5189 5265 5266 5190
6916 5 2 1 5 3594 3670 3671 3595 5190 5266 5267 5191
6917 5 2 1 5 3595 3671 3672 3596 5191 5267 5268 5192
6918 5 2 1 5 3596 3672 3673 3597 5192 5268 5269 5193
6919 5 2 1 5 3597 3673 3674 3598 5193 5269 5270 5194
6920 5 2 1 5 3598 3674 3675 3599 5194 5270 5271 5195
6921 5 2 1 5 3599 3675 3676 3600 5195 5271 5272 5196
6922 5 2 1 5 3600 3676 3677 3601 5196 5272 5273 5197
6923 5 2 1 5 3601 3677 3678 3602 5197 5273 5274 5198
6924 5 2 1 5 3602 3678 3679 3603 5198 5274 5275 5199
6925 5 2 1 5 3603 3679 3680 3604 5199 5275 5276 5200
6926 5 2 1 5 3604 3680 3681 3605 5200 5276 5277 5201
6927 5 2 1 5 3605 3681 3682 3606 5201 5277 5278 5202
6928 5 2 1 5 3606 3682 3683 3607 5202 5278 5279 5203
6929 5 2 1 5 3607 3683 3684 3608 5203 5279 5280 5204
6930 5 2 1 5 3608 3684 3685 3609 5204 5280 5281 5205
6931 5 2 1 5 3609 3685 3686 3610 5205 5281 5282 5206
6932 5 2 1 5 3610 3686 3687 3611 5206 5282 5283 5207
6933 5 2 1 5 3611 3687 3688 3612 5207 5283 5284 5208
6934 5 2 1 5 3612 3688 3689 3613 5208 5284 5285 5209
6935 5 2 1 5 3613 3689 3690 3614 5209 5285 5286 5210
6936 5 2 1 5 3614 3690 3691 3615 5210 5286 5287 5211
6937 5 2 1 5 3615 3691 3692 3616 5211 5287 5288 5212
6938 5 2 1 5 3616 3692 3693 3617 5212 5288 5289 5213
6939 5 2 1 5 3617 3693 3694 3618 5213 5289 5290 5214
6940 5 2 1 5 3618 3694 3695 3619 5214 5290 5291 5215
6941 5 2 1 5 3619 3695 3696 3620 5215 5291 5292 5216
6942 5 2 1 5 3620 3696 564 565 5216 5292 910 911
6943 5 2 1 5 539 540 3697 3621 885 886 5293 5217
6944 5 2 1 5 3621 3697 3698 3622 5217 5293 5294 5218
6945 5 2 1 5 3622 3698 3699 3623 5218 5294 5295 5219
6946 5 2 1 5 3623 3699 3700 3624 5219 5295 5296 5220
6947 5 2 1 5 3624 3700 3701 3625 5220 5296 5297 5221
6948 5 2 1 5 3625 3701 3702 3626 5221 5297 5298 5222
6949 5 2 1 5 3626 3702 3703 3627 5222 5298 5299 5223
6950 5 2 1 5 3627 3703 3704 3628 5223 5299 5300 5224
6951 5 2 1 5 3628 3704 3705 3629 5224 5300 5301 5225
6952 5 2 1 5 3629 3705 3706 3630 5225 5301 5302 5226
6953 5 2 1 5 3630 3706 3707 3631 5226 5302 5303 5227
6954 5 2 1 5 3631 3707 3708 3632 5227 5303 5304 5228
6955 5 2 1 5 3632 3708 3709 3633 5228 5304 5305 5229
6956 5 2 1 5 3633 3709 3710 3634 5229 5305 5306 5230
6957 5 2 1 5 3634 3710 3711 3635 5230 5306 5307 5231
6958 5 2 1 5 3635 3711 3712 3636 5231 5307 5308 5232
6959 5 2 1 5 3636 3712 3713 3637 5232 5308 5309 5233
6960 5 2 1 5 3637 3713 3714 3638 5233 5309 5310 5234
6961 5 2 1 5 3638 3714 3715 3639 5234 5310 5311 5235
6962 5 2 1 5 3639 3715 3716 3640 5235 5311 5312 5236
6963 5 2 1 5 3640 3716 3717 3641 5236 5312 5313 5237
6964 5 2 1 5 3641 3717 3718 3642 5237 5313 5314 5238
6965 5 2 1 5 3642 3718 3719 3643 5238 5314 5315 5239
6966 5 2 1 5 3643 3719 3720 3644 5239 5315 5316 5240
6967 5 2 1 5 3644 3720 3721 3645 5240 5316 5317 5241
6968 5 2 1 5 3645 3721 3722 3646 5241 5317 5318 5242
6969 5 2 1 5 3646 3722 3723 3647 5242 5318 5319 5243
6970 5 2 1 5 3647 3723 3724 3648 5243 5319 5320 5244
6971 5 2 1 5 3648 3724 3725 3649 5244 5320 5321 5245
6972 5 2 1 5 3649 3725 3726 3650 5245 5321 5322 5246
6973 5 2 1 5 3650 3726 3727 3651 5246 5322 5323 5247
6974 5 2 1 5 3651 3727 3728 3652 5247 5323 5324 5248
6975 5 2 1 5 3652 3728 3729 3653 5248 5324 5325 5249
6976 5 2 1 5 3653 3729 3730 3654 5249 5325 5326 5250
6977 5 2 1 5 3654 3730 3731 3655 5250 5326 5327 5251
6978 5 2 1 5 3655 3731 3732 3656 5251 5327 5328 5252
6979 5 2 1 5 3656 3732 3733 3657 5252 5328 5329 5253
6980 5 2 1 5 3657 3733 3734 3658 5253 5329 5330 5254
6981 5 2 1 5 3658 3734 3735 3659 5254 5330 5331 5255
6982 5 2 1 5 3659 3735 3736 3660 5255 5331 5332 5256
6983 5 2 1 5 3660 3736 3737 3661 5256 5332 5333 5257
6984 5 2 1 5 3661 3737 3738 3662 5257 5333 5334 5258
6985 5 2 1 5 3662 3738 3739 3663 5258 5334 5335 5259
6986 5 2 1 5 3663 3739 3740 3664 5259 5335 5336 5260
6987 5 2 1 5 3664 3740 3741 3665 5260 5336 5337 5261
6988 5 2 1 5 3665 3741 3742 3666 5261 5337 5338 5262
6989 5 2 1 5 3666 3742 3743 3667 5262 5338 5339 5263
6990 5 2 1 5 3667 3743 3744 3668 5263 5339 5340 5264
6991 5 2 1 5 3668 3744 3745 3669 5264 5340 5341 5265
6992 5 2 1 5 3669 3745 3746 3670 5265 5341 5342 5266
6993 5 2 1 5 3670 3746 3747 3671 5266 5342 5343 5267
6994 5 2 1 5 3671 3747 3748 3672 5267 5343 5344 5268
6995 5 2 1 5 3672 3748 3749 3673 5268 5344 5345 5269
6996 5 2 1 5 3673 3749 3750 3674 5269 5345 5346 5270
6997 5 2 1 5 3674 3750 3751 3675 5270 5346 5347 5271
6998 5 2 1 5 3675 3751 3752 3676 5271 5347 5348 5272
6999 5 2 1 5 3676 3752 3753 3677 5272 5348 5349 5273
7000 5 2 1 5 3677 3753 3754 3678 5273 5349 5350 5274
7001 5 2 1 5 3678 3754 3755 3679 5274 5350 5351 5275
7002 5 2 1 5 3679 3755 3756 3680 5275 5351 5352 5276
7003 5 2 1 5 3680 3756 3757 3681 5276 5352 5353 5277
7004 5 2 1 5 3681 3757 3758 3682 5277 5353 5354 5278
7005 5 2 1 5 3682 3758 3759 3683 5278 5354 5355 5279
7006 5 2 1 5 3683 3759 3760 3684 5279 5355 5356 5280
7007 5 2 1 5 3684 3760 3761 3685 5280 5356 5357 5281
7008 5 2 1 5 3685 3761 3762 3686 5281 5357 5358 5282
7009 5 2 1 5 3686 3762 3763 3687 5282 5358 5359 5283
7010 5 2 1 5 3687 3763 3764 3688 5283 5359 5360 5284
7011 5 2 1 5 3688 3764 3765 3689 5284 5360 5361 5285
7012 5 2 1 5 3689 3765 3766 3690 5285 5361 5362 5286
7013 5 2 1 5 3690 3766 3767 3691 5286 5362 5363 5287
7014 5 2 1 5 3691 3767 3768 3692 5287 5363 5364 5288
7015 5 2 1 5 3692 3768 3769 3693 5288 5364 5365 5289
7016 5 2 1 5 3693 3769 3770 3694 5289 5365 5366 5290
7017 5 2 1 5 3694 3770 3771 3695 5290 5366 5367 5291
7018 5 2 1 5 3695 3771 3772 3696 5291 5367 5368 5292
7019 5 2 1 5 3696 3772 563 564 5292 5368 909 910
7020 5 2 1 5 540 541 3773 3697 886 887 5369 5293
7021 5 2 1 5 3697 3773 3774 3698 5293 5369 5370 5294
7022 5 2 1 5 3698 3774 3775 3699 5294 5370 5371 5295
7023 5 2 1 5 3699 3775 3776 3700 5295 5371 5372 5296
7024 5 2 1 5 3700 3776 3777 3701 5296 5372 5373 5297
7025 5 2 1 5 3701 3777 3778 3702 5297 5373 5374 5298
7026 5 2 1 5 3702 3778 3779 3703 5298 5374 5375 5299
7027 5 2 1 5 3703 3779 3780 3704 5299 5375 5376 5300
7028 5 2 1 5 3704 3780 3781 3705 5300 5376 5377 5301
7029 5 2 1 5 3705 3781 3782 3706 5301 5377 5378 5302
7030 5 2 1 5 3706 3782 3783 3707 5302 5378 5379 5303
7031 5 2 1 5 3707 3783 3784 3708 5303 5379 5380 5304
7032 5 2 1 5 3708 3784 3785 3709 5304 5380 5381 5305
7033 5 2 1 5 3709 3785 3786 3710 5305 5381 5382 5306
7034 5 2 1 5 3710 3786 3787 3711 5306 5382 5383 5307
7035 5 2 1 5 3711 3787 3788 3712 5307 5383 5384 5308
7036 5 2 1 5 3712 3788 3789 3713 5308 5384 5385 5309
7037 5 2 1 5 3713 3789 3790 3714 5309 5385 5386 5310
7038 5 2 1 5 3714 3790 3791 3715 5310 5386 5387 5311
7039 5 2 1 5 3715 3791 3792 3716 5311 5387 5388 5312
7040 5 2 1 5 3716 3792 3793 3717 5312 5388 5389 5313
7041 5 2 1 5 3717 3793 3794 3718 5313 5389 5390 5314
7042 5 2 1 5 3718 3794 3795 3719 5314 5390 5391 5315
7043 5 2 1 5 3719 3795 3796 3720 5315 5391 5392 5316
7044 5 2 1 5 3720 3796 3797 3721 5316 5392 5393 5317
7045 5 2 1 5 3721 3797 3798 3722 5317 5393 5394 5318
7046 5 2 1 5 3722 3798 3799 3723 5318 5394 5395 5319
7047 5 2 1 5 3723 3799 3800 3724 5319 5395 5396 5320
7048 5 2 1 5 3724 3800 3801 3725 5320 5396 5397 5321
7049 5 2 1 5 3725 3801 3802 3726 5321 5397 5398 5322
7050 5 2 1 5 3726 3802 3803 3727 5322 5398 5399 5323
7051 5 2 1 5 3727 3803 3804 3728 5323 5399 5400 5324
7052 5 2 1 5 3728 3804 3805 3729 5324 5400 5401 5325
7053 5 2 1 5 3729 3805 3806 3730 5325 5401 5402 5326
7054 5 2 1 5 3730 3806 3807 3731 5326 5402 5403 5327
7055 5 2 1 5 3731 3807 3808 3732 5327 5403 5404 5328
7056 5 2 1 5 3732 3808 3809 3733 5328 5404 5405 5329
7057 5 2 1 5 3733 3809 3810 3734 5329 5405 5406 5330
7058 5 2 1 5 3734 3810 3811 3735 5330 5406 5407 5331
7059 5 2 1 5 3735 3811 3812 3736 5331 5407 5408 5332
7060 5 2 1 5 3736 3812 3813 3737 5332 5408 5409 5333
7061 5 2 1 5 3737 3813 3814 3738 5333 5409 5410 5334
7062 5 2 1 5 3738 3814 3815 3739 5334 5410 5411 5335
7063 5 2 1 5 3739 3815 3816 3740 5335 5411 5412 5336
7064 5 2 1 5 3740 3816 3817 3741 5336 5412 5413 5337
7065 5 2 1 5 3741 3817 3818 3742 5337 5413 5414 5338
7066 5 2 1 5 3742 3818 3819 3743 5338 5414 5415 5339
7067 5 2 1 5 3743 3819 3820 3744 5339 5415 5416 5340
7068 5 2 1 5 3744 3820 3821 3745 5340 5416 5417 5341
7069 5 2 1 5 3745 3821 3822 3746 5341 5417 5418 5342
7070 5 2 1 5 3746 3822 3823 3747 5342 5418 5419 5343
7071 5 2 1 5 3747 3823 3824 3748 5343 5419 5420 5344
7072 5 2 1 5 3748 3824 3825 3749 5344 5420 5421 5345
7073 5 2 1 5 3749 3825 3826 3750 5345 5421 5422 5346
7074 5 2 1 5 3750 3826 3827 3751 5346 5422 5423 5347
7075 5 2 1 5 3751 3827 3828 3752 5347 5423 5424 5348
7076 5 2 1 5 3752 3828 3829 3753 5348 5424 5425 5349
7077 5 2 1 5 3753 3829 3830 3754 5349 5425 5426 5350
7078 5 2 1 5 3754 3830 3831 3755 5350 5426 5427 5351
7079 5 2 1 5 3755 3831 3832 3756 5351 5427 5428 5352
7080 5 2 1 5 3756 3832 3833 3757 5352 5428 5429 5353
7081 5 2 1 5 3757 3833 3834 3758 5353 5429 5430 5354
7082 5 2 1 5 3758 3834 3835 3759 5354 5430 5431 5355
7083 5 2 1 5 3759 3835 3836 3760 5355 5431 5432 5356
7084 5 2 1 5 3760 3836 3837 3761 5356 5432 5433 5357
7085 5 2 1 5 3761 3837 3838 3762 5357 5433 5434 5358
7086 5 2 1 5 3762 3838 3839 3763 5358 5434 5435 5359
7087 5 2 1 5 3763 3839 3840 3764 5359 5435 5436 5360
7088 5 2 1 5 3764 3840 3841 3765 5360 5436 5437 5361
7089 5 2 1 5 3765 3841 3842 3766 5361 5437 5438 5362
7090 5 2 1 5 3766 3842 3843 3767 5362 5438 5439 5363
7091 5 2 1 5 3767 3843 3844 3768 5363 5439 5440 5364
7092 5 2 1 5 3768 3844 3845 3769 5364 5440 5441 5365
7093 5 2 1 5 3769 3845 3846 3770 5365 5441 5442 5366
7094 5 2 1 5 3770 3846 3847 3771 5366 5442 5443 5367
7095 5 2 1 5 3771 3847 3848 3772 5367 5443 5444 5368
7096 5 2 1 5 3772 3848 562 563 5368 5444 908 909
7097 5 2 1 5 541 542 3849 3773 887 888 5445 5369
7098 5 2 1 5 3773 3849 3850 3774 5369 5445 5446 5370
7099 5 2 1 5 3774 3850 3851 3775 5370 5446 5447 5371
7100 5 2 1 5 3775 3851 3852 3776 5371 5447 5448 5372
7101 5 2 1 5 3776 3852 3853 3777 5372 5448 5449 5373
7102 5 2 1 5 3777 3853 3854 3778 5373 5449 5450 5374
7103 5 2 1 5 3778 3854 3855 3779 5374 5450 5451 5375
7104 5 2 1 5 3779 3855 3856 3780 5375 5451 5452 5376
7105 5 2 1 5 3780 3856 3857 3781 5376 5452 5453 5377
7106 5 2 1 5 3781 3857 3858 3782 5377 5453 5454 5378
7107 5 2 1 5 3782 3858 3859 3783 5378 5454 5455 5379
7108 5 2 1 5 3783 3859 3860 3784 5379 5455 5456 5380
7109 5 2 1 5 3784 3860 3861 3785 5380 5456 5457 5381
7110 5 2 1 5 3785 3861 3862 3786 5381 5457 5458 5382
7111 5 2 1 5 3786 3862 3863 3787 5382 5458 5459 5383
7112 5 2 1 5 3787 3863 3864 3788 5383 5459 5460 5384
7113 5 2 1 5 3788 3864 3865 3789 5384 5460 5461 5385
7114 5 2 1 5 3789 3865 3866 3790 5385 5461 5462 5386
7115 5 2 1 5 3790 3866 3867 3791 5386 5462 5463 5387
7116 5 2 1 5 3791 3867 3868 3792 5387 5463 5464 5388
7117 5 2 1 5 3792 3868 3869 3793 5388 5464 5465 5389
7118 5 2 1 5 3793 3869 3870 3794 5389 5465 5466 5390
7119 5 2 1 5 3794 3870 3871 3795 5390 5466 5467 5391
7120 5 2 1 5 3795 3871 3872 3796 5391 5467 5468 5392
7121 5 2 1 5 3796 3872 3873 3797 5392 5468 5469 5393
7122 5 2 1 5 3797 3873 3874 3798 5393 5469 5470 5394
7123 5 2 1 5 3798 3874 3875 3799 5394 5470 5471 5395
7124 5 2 1 5 3799 3875 3876 3800 5395 5471 5472 5396
7125 5 2 1 5 3800 3876 3877 3801 5396 5472 5473 5397
7126 5 2 1 5 3801 3877 3878 3802 5397 5473 5474 5398
7127 5 2 1 5 3802 3878 3879 3803 5398 5474 5475 5399
7128 5 2 1 5 3803 3879 3880 3804 5399 5475 5476 5400
7129 5 2 1 5 3804 3880 3881 3805 5400 5476 5477 5401
7130 5 2 1 5 3805 3881 3882 3806 5401 5477 5478 5402
7131 5 2 1 5 3806 3882 3883 3807 5402 5478 5479 5403
7132 5 2 1 5 3807 3883 3884 3808 5403 5479 5480 5404
7133 5 2 1 5 3808 3884 3885 3809 5404 5480 5481 5405
7134 5 2 1 5 3809 3885 3886 3810 5405 5481 5482 5406
7135 5 2 1 5 3810 3886 3887 3811 5406 5482 5483 5407
7136 5 2 1 5 3811 3887 3888 3812 5407 5483 5484 5408
7137 5 2 1 5 3812 3888 3889 3813 5408 5484 5485 5409
7138 5 2 1 5 3813 3889 3890 3814 5409 5485 5486 5410
7139 5 2 1 5 3814 3890 3891 3815 5410 5486 5487 5411
7140 5 2 1 5 3815 3891 3892 3816 5411 5487 5488 5412
7141 5 2 1 5 3816 3892 3893 3817 5412 5488 5489 5413
7142 5 2 1 5 3817 3893 3894 3818 5413 5489 5490 5414
7143 5 2 1 5 3818 3894 3895 3819 5414 5490 5491 5415
7144 5 2 1 5 3819 3895 3896 3820 5415 5491 5492 5416
7145 5 2 1 5 3820 3896 3897 3821 5416 5492 5493 5417
7146 5 2 1 5 3821 3897 3898 3822 5417 5493 5494 5418
7147 5 2 1 5 3822 3898 3899 3823 5418 5494 5495 5419
7148 5 2 1 5 3823 3899 3900 3824 5419 5495 5496 5420
7149 5 2 1 5 3824 3900 3901 3825 5420 5496 5497 5421
7150 5 2 1 5 3825 3901 3902 3826 5421 5497 5498 5422
7151 5 2 1 5 3826 3902 3903 3827 5422 5498 5499 5423
7152 5 2 1 5 3827 3903 3904 3828 5423 5499 5500 5424
7153 5 2 1 5 3828 3904 3905 3829 5424 5500 5501 5425
7154 5 2 1 5 3829 3905 3906 3830 5425 5501 5502 5426
7155 5 2 1 5 3830 3906 3907 3831 5426 5502 5503 5427
7156 5 2 1 5 3831 3907 3908 3832 5427 5503 5504 5428
7157 5 2 1 5 3832 3908 3909 3833 5428 5504 5505 5429
7158 5 2 1 5 3833 3909 3910 3834 5429 5505 5506 5430
7159 5 2 1 5 3834 3910 3911 3835 5430 5506 5507 5431
7160 5 2 1 5 3835 3911 3912 3836 5431 5507 5508 5432
7161 5 2 1 5 3836 3912 3913 3837 5432 5508 5509 5433
7162 5 2 1 5 3837 3913 3914 3838 5433 5509 5510 5434
7163 5 2 1 5 3838 3914 3915 3839 5434 5510 5511 5435
7164 5 2 1 5 3839 3915 3916 3840 5435 5511 5512 5436
7165 5 2 1 5 3840 3916 3917 3841 5436 5512 5513 5437
7166 5 2 1 5 3841 3917 3918 3842 5437 5513 5514 5438
7167 5 2 1 5 3842 3918 3919 3843 5438 5514 5515 5439
7168 5 2 1 5 3843 3919 3920 3844 5439 5515 5516 5440
7169 5 2 1 5 3844 3920 3921 3845 5440 5516 5517 5441
7170 5 2 1 5 3845 3921 3922 3846 5441 5517 5518 5442
7171 5 2 1 5 3846 3922 3923 3847 5442 5518 5519 5443
7172 5 2 1 5 3847 3923 3924 3848 5443 5519 5520 5444
7173 5 2 1 5 3848 3924 561 562 5444 5520 907 908
7174 5 2 1 5 542 543 3925 3849 888 889 5521 5445
7175 5 2 1 5 3849 3925 3926 3850 5445 5521 5522 5446
7176 5 2 1 5 3850 3926 3927 3851 5446 5522 5523 5447
7177 5 2 1 5 3851 3927 3928 3852 5447 5523 5524 5448
7178 5 2 1 5 3852 3928 3929 3853 5448 5524 5525 5449
7179 5 2 1 5 3853 3929 3930 3854 5449 5525 5526 5450
7180 5 2 1 5 3854 3930 3931 3855 5450 5526 5527 5451
7181 5 2 1 5 3855 3931 3932 3856 5451 5527 5528 5452
7182 5 2 1 5 3856 3932 3933 3857 5452 5528 5529 5453
7183 5 2 1 5 3857 3933 3934 3858 5453 5529 5530 5454
7184 5 2 1 5 3858 3934 3935 3859 5454 5530 5531 5455
7185 5 2 1 5 3859 3935 3936 3860 5455 5531 5532 5456
7186 5 2 1 5 3860 3936 3937 3861 5456 5532 5533 5457
7187 5 2 1 5 3861 3937 3938 3862 5457 5533 5534 5458
7188 5 2 1 5 3862 3938 3939 3863 5458 5534 5535 5459
7189 5 2 1 5 3863 3939 3940 3864 5459 5535 5536 5460
7190 5 2 1 5 3864 3940 3941 3865 5460 5536 5537 5461
7191 5 2 1 5 3865 3941 3942 3866 5461 5537 5538 5462
7192 5 2 1 5 3866 3942 3943 3867 5462 5538 5539 5463
7193 5 2 1 5 3867 3943 3944 3868 5463 5539 5540 5464
7194 5 2 1 5 3868 3944 3945 3869 5464 5540 5541 5465
7195 5 2 1 5 3869 3945 3946 3870 5465 5541 5542 5466
7196 5 2 1 5 3870 3946 3947 3871 5466 5542 5543 5467
7197 5 2 1 5 3871 3947 3948 3872 5467 5543 5544 5468
7198 5 2 1 5 3872 3948 3949 3873 5468 5544 5545 5469
7199 5 2 1 5 3873 3949 3950 3874 5469 5545 5546 5470
7200 5 2 1 5 3874 3950 3951 3875 5470 5546 5547 5471
7201 5 2 1 5 3875 3951 3952 3876 5471 5547 5548 5472
7202 5 2 1 5 3876 3952 3953 3877 5472 5548 5549 5473
7203 5 2 1 5 3877 3953 3954 3878 5473 5549 5550 5474
7204 5 2 1 5 3878 3954 3955 3879 5474 5550 5551 5475
7205 5 2 1 5 3879 3955 3956 3880 5475 5551 5552 5476
7206 5 2 1 5 3880 3956 3957 3881 5476 5552 5553 5477
7207 5 2 1 5 3881 3957 3958 3882 5477 5553 5554 5478
7208 5 2 1 5 3882 3958 3959 3883 5478 5554 5555 5479
7209 5 2 1 5 3883 3959 3960 3884 5479 5555 5556 5480
7210 5 2 1 5 3884 3960 3961 3885 5480 5556 5557 5481
7211 5 2 1 5 3885 3961 3962 3886 5481 5557 5558 5482
7212 5 2 1 5 3886 3962 3963 3887 5482 5558 5559 5483
7213 5 2 1 5 3887 3963 3964 3888 5483 5559 5560 5484
7214 5 2 1 5 3888 3964 3965 3889 5484 5560 5561 5485
7215 5 2 1 5 3889 3965 3966 3890 5485 5561 5562 5486
7216 5 2 1 5 3890 3966 3967 3891 5486 5562 5563 5487
7217 5 2 1 5 3891 3967 3968 3892 5487 5563 5564 5488
7218 5 2 1 5 3892 3968 3969 3893 5488 5564 5565 5489
7219 5 2 1 5 3893 3969 3970 3894 5489 5565 5566 5490
7220 5 2 1 5 3894 3970 3971 3895 5490 5566 5567 5491
7221 5 2 1 5 3895 3971 3972 3896 5491 5567 5568 5492
7222 5 2 1 5 3896 3972 3973 3897 5492 5568 5569 5493
7223 5 2 1 5 3897 3973 3974 3898 5493 5569 5570 5494
7224 5 2 1 5 3898 3974 3975 3899 5494 5570 5571 5495
7225 5 2 1 5 3899 3975 3976 3900 5495 5571 5572 5496
7226 5 2 1 5 3900 3976 3977 3901 5496 5572 5573 5497
7227 5 2 1 5 3901 3977 3978 3902 5497 5573 5574 5498
7228 5 2 1 5 3902 3978 3979 3903 5498 5574 5575 5499
7229 5 2 1 5 3903 3979 3980 3904 5499 5575 5576 5500
7230 5 2 1 5 3904 3980 3981 3905 5500 5576 5577 5501
7231 5 2 1 5 3905 3981 3982 3906 5501 5577 5578 5502
7232 5 2 1 5 3906 3982 3983 3907 5502 5578 5579 5503
7233 5 2 1 5 3907 3983 3984 3908 5503 5579 5580 5504
7234 5 2 1 5 3908 3984 3985 3909 5504 5580 5581 5505
7235 5 2 1 5 3909 3985 3986 3910 5505 5581 5582 5506
7236 5 2 1 5 3910 3986 3987 3911 5506 5582 5583 5507
7237 5 2 1 5 3911 3987 3988 3912 5507 5583 5584 5508
7238 5 2 1 5 3912 3988 3989 3913 5508 5584 5585 5509
7239 5 2 1 5 3913 3989 3990 3914 5509 5585 5586 5510
7240 5 2 1 5 3914 3990 3991 3915 5510 5586 5587 5511
7241 5 2 1 5 3915 3991 3992 3916 5511 5587 5588 5512
7242 5 2 1 5 3916 3992 3993 3917 5512 5588 5589 5513
7243 5 2 1 5 3917 3993 3994 3918 5513 5589 5590 5514
7244 5 2 1 5 3918 3994 3995 3919 5514 5590 5591 5515
7245 5 2 1 5 3919 3995 3996 3920 5515 5591 5592 5516
7246 5 2 1 5 3920 3996 3997 3921 5516 5592 5593 5517
7247 5 2 1 5 3921 3997 3998 3922 5517 5593 5594 5518
7248 5 2 1 5 3922 3998 3999 3923 5518 5594 5595 5519
7249 5 2 1 5 3923 3999 4000 3924 5519 5595 5596 5520
7250 5 2 1 5 3924 4000 560 561 5520 5596 906 907
7251 5 2 1 5 543 544 4001 3925 889 890 5597 5521
7252 5 2 1 5 3925 4001 4002 3926 5521 5597 5598 5522
7253 5 2 1 5 3926 4002 4003 3927 5522 5598 5599 5523
7254 5 2 1 5 3927 4003 4004 3928 5523 5599 5600 5524
7255 5 2 1 5 3928 4004 4005 3929 5524 5600 5601 5525
7256 5 2 1 5 3929 4005 4006 3930 5525 5601 5602 5526
7257 5 2 1 5 3930 4006 4007 3931 5526 5602 5603 5527
7258 5 2 1 5 3931 4007 4008 3932 5527 5603 5604 5528
7259 5 2 1 5 3932 4008 4009 3933 5528 5604 5605 5529
7260 5 2 1 5 3933 4009 4010 3934 5529 5605 5606 5530
7261 5 2 1 5 3934 4010 4011 3935 5530 5606 5607 5531
7262 5 2 1 5 3935 4011 4012 3936 5531 5607 5608 5532
7263 5 2 1 5 3936 4012 4013 3937 5532 5608 5609 5533
7264 5 2 1 5 3937 4013 4014 3938 5533 5609 5610 5534
7265 5 2 1 5 3938 4014 4015 3939 5534 5610 5611 5535
7266 5 2 1 5 3939 4015 4016 3940 5535 5611 5612 5536
7267 5 2 1 5 3940 4016 4017 3941 5536 5612 5613 5537
7268 5 2 1 5 3941 4017 4018 3942 5537 5613 5614 5538
7269 5 2 1 5 3942 4018 4019 3943 5538 5614 5615 5539
7270 5 2 1 5 3943 4019 4020 3944 5539 5615 5616 5540
7271 5 2 1 5 3944 4020 4021 3945 5540 5616 5617 5541
7272 5 2 1 5 3945 4021 4022 3946 5541 5617 5618 5542
7273 5 2 1 5 3946 4022 4023 3947 5542 5618 5619 5543
7274 5 2 1 5 3947 4023 4024 3948 5543 5619 5620 5544
7275 5 2 1 5 3948 4024 4025 3949 5544 5620 5621 5545
7276 5 2 1 5 3949 4025 4026 3950 5545 5621 5622 5546
7277 5 2 1 5 3950 4026 4027 3951 5546 5622 5623 5547
7278 5 2 1 5 3951 4027 4028 3952 5547 5623 5624 5548
7279 5 2 1 5 3952 4028 4029 3953 5548 5624 5625 5549
7280 5 2 1 5 3953 4029 4030 3954 5549 5625 5626 5550
7281 5 2 1 5 3954 4030 4031 3955 5550 5626 5627 5551
7282 5 2 1 5 3955 4031 4032 3956 5551 5627 5628 5552
7283 5 2 1 5 3956 4032 4033 3957 5552 5628 5629 5553
7284 5 2 1 5 3957 4033 4034 3958 5553 5629 5630 5554
7285 5 2 1 5 3958 4034 4035 3959 5554 5630 5631 5555
7286 5 2 1 5 3959 4035 4036 3960 5555 5631 5632 5556
7287 5 2 1 5 3960 4036 4037 3961 5556 5632 5633 5557
7288 5 2 1 5 3961 4037 4038 3962 5557 5633 5634 5558
7289 5 2 1 5 3962 4038 4039 3963 5558 5634 5635 5559
7290 5 2 1 5 3963 4039 4040 3964 5559 5635 5636 5560
7291 5 2 1 5 3964 4040 4041 3965 5560 5636 5637 5561
7292 5 2 1 5 3965 4041 4042 3966 5561 5637 5638 5562
7293 5 2 1 5 3966 4042 4043 3967 5562 5638 5639 5563
7294 5 2 1 5 3967 4043 4044 3968 5563 5639 5640 5564
7295 5 2 1 5 3968 4044 4045 3969 5564 5640 5641 5565
7296 5 2 1 5 3969 4045 4046 3970 5565 5641 5642 5566
7297 5 2 1 5 3970 4046 4047 3971 5566 5642 5643 5567
7298 5 2 1 5 3971 4047 4048 3972 5567 5643 5644 5568
7299 5 2 1 5 3972 4048 4049 3973 5568 5644 5645 5569
7300 5 2 1 5 3973 4049 4050 3974 5569 5645 5646 5570
7301 5 2 1 5 3974 4050 4051 3975 5570 5646 5647 5571
7302 5 2 1 5 3975 4051 4052 3976 5571 5647 5648 5572
7303 5 2 1 5 3976 4052 4053 3977 5572 5648 5649 5573
7304 5 2 1 5 3977 4053 4054 3978 5573 5649 5650 5574
7305 5 2 1 5 3978 4054 4055 3979 5574 5650 5651 5575
7306 5 2 1 5 3979 4055 4056 3980 5575 5651 5652 5576
7307 5 2 1 5 3980 4056 4057 3981 5576 5652 5653 5577
7308 5 2 1 5 3981 4057 4058 3982 5577 5653 5654 5578
7309 5 2 1 5 3982 4058 4059 3983 5578 5654 5655 5579
7310 5 2 1 5 3983 4059 4060 3984 5579 5655 5656 5580
7311 5 2 1 5 3984 4060 4061 3985 5580 5656 5657 5581
7312 5 2 1 5 3985 4061 4062 3986 5581 5657 5658 5582
7313 5 2 1 5 3986 4062 4063 3987 5582 5658 5659 5583
7314 5 2 1 5 3987 4063 4064 3988 5583 5659 5660 5584
7315 5 2 1 5 3988 4064 4065 3989 5584 5660 5661 5585
7316 5 2 1 5 3989 4065 4066 3990 5585 5661 5662 5586
7317 5 2 1 5 3990 4066 4067 3991 5586 5662 5663 5587
7318 5 2 1 5 3991 4067 4068 3992 5587 5663 5664 5588
7319 5 2 1 5 3992 4068 4069 3993 5588 5664 5665 5589
7320 5 2 1 5 3993 4069 4070 3994 5589 5665 5666 5590
7321 5 2 1 5 3994 4070 4071 3995 5590 5666 5667 5591
7322 5 2 1 5 3995 4071 4072 3996 5591 5667 5668 5592
7323 5 2 1 5 3996 4072 4073 3997 5592 5668 5669 5593
7324 5 2 1 5 3997 4073 4074 3998 5593 5669 5670 5594
7325 5 2 1 5 3998 4074 4075 3999 5594 5670 5671 5595
7326 5 2 1 5 3999 4075 4076 4000 5595 5671 5672 5596
7327 5 2 1 5 4000 4076 559 560 5596 5672 905 906
7328 5 2 1 5 544 545 4077 4001 890 891 5673 5597
7329 5 2 1 5 4001 4077 4078 4002 5597 5673 5674 5598
7330 5 2 1 5 4002 4078 4079 4003 5598 5674 5675 5599
7331 5 2 1 5 4003 4079 4080 4004 5599 5675 5676 5600
7332 5 2 1 5 4004 4080 4081 4005 5600 5676 5677 5601
7333 5 2 1 5 4005 4081 4082 4006 5601 5677 5678 5602
7334 5 2 1 5 4006 4082 4083 4007 5602 5678 5679 5603
7335 5 2 1 5 4007 4083 4084 4008 5603 5679 5680 5604
7336 5 2 1 5 4008 4084 4085 4009 5604 5680 5681 5605
7337 5 2 1 5 4009 4085 4086 4010 5605 5681 5682 5606
7338 5 2 1 5 4010 4086 4087 4011 5606 5682 5683 5607
7339 5 2 1 5 4011 4087 4088 4012 5607 5683 5684 5608
7340 5 2 1 5 4012 4088 4089 4013 5608 5684 5685 5609
7341 5 2 1 5 4013 4089 4090 4014 5609 5685 5686 5610
7342 5 2 1 5 4014 4090 4091 4015 5610 5686 5687 5611
7343 5 2 1 5 4015 4091 4092 4016 5611 5687 5688 5612
7344 5 2 1 5 4016 4092 4093 4017 5612 5688 5689 5613
7345 5 2 1 5 4017 4093 4094 4018 5613 5689 5690 5614
7346 5 2 1 5 4018 4094 4095 4019 5614 5690 5691 5615
7347 5 2 1 5 4019 4095 4096 4020 5615 5691 5692 5616
7348 5 2 1 5 4020 4096 4097 4021 5616 5692 5693 5617
7349 5 2 1 5 4021 4097 4098 4022 5617 5693 5694 5618
7350 5 2 1 5 4022 4098 4099 4023 5618 5694 5695 5619
7351 5 2 1 5 4023 4099 4100 4024 5619 5695 5696 5620
7352 5 2 1 5 4024 4100 4101 4025 5620 5696 5697 5621
7353 5 2 1 5 4025 4101 4102 4026 5621 5697 5698 5622
7354 5 2 1 5 4026 4102 4103 4027 5622 5698 5699 5623
7355 5 2 1 5 4027 4103 4104 4028 5623 5699 5700 5624
7356 5 2 1 5 4028 4104 4105 4029 5624 5700 5701 5625
7357 5 2 1 5 4029 4105 4106 4030 5625 5701 5702 5626
7358 5 2 1 5 4030 4106 4107 4031 5626 5702 5703 5627
7359 5 2 1 5 4031 4107 4108 4032 5627 5703 5704 5628
7360 5 2 1 5 4032 4108 4109 4033 5628 5704 5705 5629
7361 5 2 1 5 4033 4109 4110 4034 5629 5705 5706 5630
7362 5 2 1 5 4034 4110 4111 4035 5630 5706 5707 5631
7363 5 2 1 5 4035 4111 4112 4036 5631 5707 5708 5632
7364 5 2 1 5 4036 4112 4113 4037 5632 5708 5709 5633
7365 5 2 1 5 4037 4113 4114 4038 5633 5709 5710 5634
7366 5 2 1 5 4038 4114 4115 4039 5634 5710 5711 5635
7367 5 2 1 5 4039 4115 4116 4040 5635 5711 5712 5636
7368 5 2 1 5 4040 4116 4117 4041 5636 5712 5713 5637
7369 5 2 1 5 4041 4117 4118 4042 5637 5713 5714 5638
7370 5 2 1 5 4042 4118 4119 4043 5638 5714 5715 5639
7371 5 2 1 5 4043 4119 4120 4044 5639 5715 5716 5640
7372 5 2 1 5 4044 4120 4121 4045 5640 5716 5717 5641
7373 5 2 1 5 4045 4121 4122 4046 5641 5717 5718 5642
7374 5 2 1 5 4046 4122 4123 4047 5642 5718 5719 5643
7375 5 2 1 5 4047 4123 4124 4048 5643 5719 5720 5644
7376 5 2 1 5 4048 4124 4125 4049 5644 5720 5721 5645
7377 5 2 1 5 4049 4125 4126 4050 5645 5721 5722 5646
7378 5 2 1 5 4050 4126 4127 4051 5646 5722 5723 5647
7379 5 2 1 5 4051 4127 4128 4052 5647 5723 5724 5648
7380 5 2 1 5 4052 4128 4129 4053 5648 5724 5725 5649
7381 5 2 1 5 4053 4129 4130 4054 5649 5725 5726 5650
7382 5 2 1 5 4054 4130 4131 4055 5650 5726 5727 5651
7383 5 2 1 5 4055 4131 4132 4056 5651 5727 5728 5652
7384 5 2 1 5 4056 4132 4133 4057 5652 5728 5729 5653
7385 5 2 1 5 4057 4133 4134 4058 5653 5729 5730 5654
7386 5 2 1 5 4058 4134 4135 4059 5654 5730 5731 5655
7387 5 2 1 5 4059 4135 4136 4060 5655 5731 5732 5656
7388 5 2 1 5 4060 4136 4137 4061 5656 5732 5733 5657
7389 5 2 1 5 4061 4137 4138 4062 5657 5733 5734 5658
7390 5 2 1 5 4062 4138 4139 4063 5658 5734 5735 5659
7391 5 2 1 5 4063 4139 4140 4064 5659 5735 5736 5660
7392 5 2 1 5 4064 4140 4141 4065 5660 5736 5737 5661
7393 5 2 1 5 4065 4141 4142 4066 5661 5737 5738 5662
7394 5 2 1 5 4066 4142 4143 4067 5662 5738 5739 5663
7395 5 2 1 5 4067 4143 4144 4068 5663 5739 5740 5664
7396 5 2 1 5 4068 4144 4145 4069 5664 5740 5741 5665
7397 5 2 1 5 4069 4145 4146 4070 5665 5741 5742 5666
7398 5 2 1 5 4070 4146 4147 4071 5666 5742 5743 5667
7399 5 2 1 5 4071 4147 4148 4072 5667 5743 5744 5668
7400 5 2 1 5 4072 4148 4149 4073 5668 5744 5745 5669
7401 5 2 1 5 4073 4149 4150 4074 5669 5745 5746 5670
7402 5 2 1 5 4074 4150 4151 4075 5670 5746 5747 5671
7403 5 2 1 5 4075 4151 4152 4076 5671 5747 5748 5672
7404 5 2 1 5 4076 4152 558 559 5672 5748 904 905
7405 5 2 1 5 545 546 4153 4077 891 892 5749 5673
7406 5 2 1 5 4077 4153 4154 4078 5673 5749 5750 5674
7407 5 2 1 5 4078 4154 4155 4079 5674 5750 5751 5675
7408 5 2 1 5 4079 4155 4156 4080 5675 5751 5752 5676
7409 5 2 1 5 4080 4156 4157 4081 5676 5752 5753 5677
7410 5 2 1 5 4081 4157 4158 4082 5677 5753 5754 5678
7411 5 2 1 5 4082 4158 4159 4083 5678 5754 5755 5679
7412 5 2 1 5 4083 4159 4160 4084 5679 5755 5756 5680
7413 5 2 1 5 4084 4160 4161 4085 5680 5756 5757 5681
7414 5 2 1 5 4085 4161 4162 4086 5681 5757 5758 5682
7415 5 2 1 5 4086 4162 4163 4087 5682 5758 5759 5683
7416 5 2 1 5 4087 4163 4164 4088 5683 5759 5760 5684
7417 5 2 1 5 4088 4164 4165 4089 5684 5760 5761 5685
7418 5 2 1 5 4089 4165 4166 4090 5685 5761 5762 5686
7419 5 2 1 5 4090 4166 4167 4091 5686 5762 5763 5687
7420 5 2 1 5 4091 4167 4168 4092 5687 5763 5764 5688
7421 5 2 1 5 4092 4168 4169 4093 5688 5764 5765 5689
7422 5 2 1 5 4093 4169 4170 4094 5689 5765 5766 5690
7423 5 2 1 5 4094 4170 4171 4095 5690 5766 5767 5691
7424 5 2 1 5 4095 4171 4172 4096 5691 5767 5768 5692
7425 5 2 1 5 4096 4172 4173 4097 5692 5768 5769 5693
7426 5 2 1 5 4097 4173 4174 4098 5693 5769 5770 5694
7427 5 2 1 5 4098 4174 4175 4099 5694 5770 5771 5695
7428 5 2 1 5 4099 4175 4176 4100 5695 5771 5772 5696
7429 5 2 1 5 4100 4176 4177 4101 5696 5772 5773 5697
7430 5 2 1 5 4101 4177 4178 4102 5697 5773 5774 5698
7431 5 2 1 5 4102 4178 4179 4103 5698 5774 5775 5699
7432 5 2 1 5 4103 4179 4180 4104 5699 5775 5776 5700
7433 5 2 1 5 4104 4180 4181 4105 5700 5776 5777 5701
7434 5 2 1 5 4105 4181 4182 4106 5701 5777 5778 5702
7435 5 2 1 5 4106 4182 4183 4107 5702 5778 5779 5703
7436 5 2 1 5 4107 4183 4184 4108 5703 5779 5780 5704
7437 5 2 1 5 4108 4184 4185 4109 5704 5780 5781 5705
7438 5 2 1 5 4109 4185 4186 4110 5705 5781 5782 5706
7439 5 2 1 5 4110 4186 4187 4111 5706 5782 5783 5707
7440 5 2 1 5 4111 4187 4188 4112 5707 5783 5784 5708
7441 5 2 1 5 4112 4188 4189 4113 5708 5784 5785 5709
7442 5 2 1 5 4113 4189 4190 4114 5709 5785 5786 5710
7443 5 2 1 5 4114 4190 4191 4115 5710 5786 5787 5711
7444 5 2 1 5 4115 4191 4192 4116 5711 5787 5788 5712
7445 5 2 1 5 4116 4192 4193 4117 5712 5788 5789 5713
7446 5 2 1 5 4117 4193 4194 4118 5713 5789 5790 5714
7447 5 2 1 5 4118 4194 4195 4119 5714 5790 5791 5715
7448 5 2 1 5 4119 4195 4196 4120 5715 5791 5792 5716
7449 5 2 1 5 4120 4196 4197 4121 5716 5792 5793 5717
7450 5 2 1 5 4121 4197 4198 4122 5717 5793 5794 5718
7451 5 2 1 5 4122 4198 4199 4123 5718 5794 5795 5719
7452 5 2 1 5 4123 4199 4200 4124 5719 5795 5796 5720
7453 5 2 1 5 4124 4200 4201 4125 5720 5796 5797 5721
7454 5 2 1 5 4125 4201 4202 4126 5721 5797 5798 5722
7455 5 2 1 5 4126 4202 4203 4127 5722 5798 5799 5723
7456 5 2 1 5 4127 4203 4204 4128 5723 5799 5800 5724
7457 5 2 1 5 4128 4204 4205 4129 5724 5800 5801 5725
7458 5 2 1 5 4129 4205 4206 4130 5725 5801 5802 5726
7459 5 2 1 5 4130 4206 4207 4131 5726 5802 5803 5727
7460 5 2 1 5 4131 4207 4208 4132 5727 5803 5804 5728
7461 5 2 1 5 4132 4208 4209 4133 5728 5804 5805 5729
7462 5 2 1 5 4133 4209 4210 4134 5729 5805 5806 5730
7463 5 2 1 5 4134 4210 4211 4135 5730 5806 5807 5731
7464 5 2 1 5 4135 4211 4212 4136 5731 5807 5808 5732
7465 5 2 1 5 4136 4212 4213 4137 5732 5808 5809 5733
7466 5 2 1 5 4137 4213 4214 4138 5733 5809 5810 5734
7467 5 2 1 5 4138 4214 4215 4139 5734 5810 5811 5735
7468 5 2 1 5 4139 4215 4216 4140 5735 5811 5812 5736
7469 5 2 1 5 4140 4216 4217 4141 5736 5812 5813 5737
7470 5 2 1 5 4141 4217 4218 4142 5737 5813 5814 5738
7471 5 2 1 5 4142 4218 4219 4143 5738 5814 5815 5739
7472 5 2 1 5 4143 4219 4220 4144 5739 5815 5816 5740
7473 5 2 1 5 4144 4220 4221 4145 5740 5816 5817 5741
7474 5 2 1 5 4145 4221 4222 4146 5741 5817 5818 5742
7475 5 2 1 5 4146 4222 4223 4147 5742 5818 5819 5743
7476 5 2 1 5 4147 4223 4224 4148 5743 5819 5820 5744
7477 5 2 1 5 4148 4224 4225 4149 5744 5820 5821 5745
7478 5 2 1 5 4149 4225 4226 4150 5745 5821 5822 5746
7479 5 2 1 5 4150 4226 4227 4151 5746 5822 5823 5747
7480 5 2 1 5 4151 4227 4228 4152 5747 5823 5824 5748
7481 5 2 1 5 4152 4228 557 558 5748 5824 903 904
7482 5 2 1 5 546 547 4229 4153 892 893 5825 5749
7483 5 2 1 5 4153 4229 4230 4154 5749 5825 5826 5750
7484 5 2 1 5 4154 4230 4231 4155 5750 5826 5827 5751
7485 5 2 1 5 4155 4231 4232 4156 5751 5827 5828 5752
7486 5 2 1 5 4156 4232 4233 4157 5752 5828 5829 5753
7487 5 2 1 5 4157 4233 4234 4158 5753 5829 5830 5754
7488 5 2 1 5 4158 4234 4235 4159 5754 5830 5831 5755
7489 5 2 1 5 4159 4235 4236 4160 5755 5831 5832 5756
7490 5 2 1 5 4160 4236 4237 4161 5756 5832 5833 5757
7491 5 2 1 5 4161 4237 4238 4162 5757 5833 5834 5758
7492 5 2 1 5 4162 4238 4239 4163 5758 5834 5835 5759
7493 5 2 1 5 4163 4239 4240 4164 5759 5835 5836 5760
7494 5 2 1 5 4164 4240 4241 4165 5760 5836 5837 5761
7495 5 2 1 5 4165 4241 4242 4166 5761 5837 5838 5762
7496 5 2 1 5 4166 4242 4243 4167 5762 5838 5839 5763
7497 5 2 1 5 4167 4243 4244 4168 5763 5839 5840 5764
7498 5 2 1 5 4168 4244 4245 4169 5764 5840 5841 5765
7499 5 2 1 5 4169 4245 4246 4170 5765 5841 5842 5766
7500 5 2 1 5 4170 4246 4247 4171 5766 5842 5843 5767
7501 5 2 1 5 4171 4247 4248 4172 5767 5843 5844 5768
7502 5 2 1 5 4172 4248 4249 4173 5768 5844 5845 5769
7503 5 2 1 5 4173 4249 4250 4174 5769 5845 5846 5770
7504 5 2 1 5 4174 4250 4251 4175 5770 5846 5847 5771
7505 5 2 1 5 4175 4251 4252 4176 5771 5847 5848 5772
7506 5 2 1 5 4176 4252 4253 4177 5772 5848 5849 5773
7507 5 2 1 5 4177 4253 4254 4178 5773 5849 5850 5774
7508 5 2 1 5 4178 4254 4255 4179 5774 5850 5851 5775
7509 5 2 1 5 4179 4255 4256 4180 5775 5851 5852 5776
7510 5 2 1 5 4180 4256 4257 4181 5776 5852 5853 5777
7511 5 2 1 5 4181 4257 4258 4182 5777 5853 5854 5778
7512 5 2 1 5 4182 4258 4259 4183 5778 5854 5855 5779
7513 5 2 1 5 4183 4259 4260 4184 5779 5855 5856 5780
7514 5 2 1 5 4184 4260 4261 4185 5780 5856 5857 5781
7515 5 2 1 5 4185 4261 4262 4186 5781 5857 5858 5782
7516 5 2 1 5 4186 4262 4263 4187 5782 5858 5859 5783
7517 5 2 1 5 4187 4263 4264 4188 5783 5859 5860 5784
7518 5 2 1 5 4188 4264 4265 4189 5784 5860 5861 5785
7519 5 2 1 5 4189 4265 4266 4190 5785 5861 5862 5786
7520 5 2 1 5 4190 4266 4267 4191 5786 5862 5863 5787
7521 5 2 1 5 4191 4267 4268 4192 5787 5863 5864 5788
7522 5 2 1 5 4192 4268 4269 4193 5788 5864 5865 5789
7523 5 2 1 5 4193 4269 4270 4194 5789 5865 5866 5790
7524 5 2 1 5 4194 4270 4271 4195 5790 5866 5867 5791
7525 5 2 1 5 4195 4271 4272 4196 5791 5867 5868 5792
7526 5 2 1 5 4196 4272 4273 4197 5792 5868 5869 5793
7527 5 2 1 5 4197 4273 4274 4198 5793 5869 5870 5794
7528 5 2 1 5 4198 4274 4275 4199 5794 5870 5871 5795
7529 5 2 1 5 4199 4275 4276 4200 5795 5871 5872 5796
7530 5 2 1 5 4200 4276 4277 4201 5796 5872 5873 5797
7531 5 2 1 5 4201 4277 4278 4202 5797 5873 5874 5798
7532 5 2 1 5 4202 4278 4279 4203 5798 5874 5875 5799
7533 5 2 1 5 4203 4279 4280 4204 5799 5875 5876 5800
7534 5 2 1 5 4204 4280 4281 4205 5800 5876 5877 5801
7535 5 2 1 5 4205 4281 4282 4206 5801 5877 5878 5802
7536 5 2 1 5 4206 4282 4283 4207 5802 5878 5879 5803
7537 5 2 1 5 4207 4283 4284 4208 5803 5879 5880 5804
7538 5 2 1 5 4208 4284 4285 4209 5804 5880 5881 5805
7539 5 2 1 5 4209 4285 4286 4210 5805 5881 5882 5806
7540 5 2 1 5 4210 4286 4287 4211 5806 5882 5883 5807
7541 5 2 1 5 4211 4287 4288 4212 5807 5883 5884 5808
7542 5 2 1 5 4212 4288 4289 4213 5808 5884 5885 5809
7543 5 2 1 5 4213 4289 4290 4214 5809 5885 5886 5810
7544 5 2 1 5 4214 4290 4291 4215 5810 5886 5887 5811
7545 5 2 1 5 4215 4291 4292 4216 5811 5887 5888 5812
7546 5 2 1 5 4216 4292 4293 4217 5812 5888 5889 5813
7547 5 2 1 5 4217 4293 4294 4218 5813 5889 5890 5814
7548 5 2 1 5 4218 4294 4295 4219 5814 5890 5891 5815
7549 5 2 1 5 4219 4295 4296 4220 5815 5891 5892 5816
7550 5 2 1 5 4220 4296 4297 4221 5816 5892 5893 5817
7551 5 2 1 5 4221 4297 4298 4222 5817 5893 5894 5818
7552 5 2 1 5 4222 4298 4299 4223 5818 5894 5895 5819
7553 5 2 1 5 4223 4299 4300 4224 5819 5895 5896 5820
7554 5 2 1 5 4224 4300 4301 4225 5820 5896 5897 5821
7555 5 2 1 5 4225 4301 4302 4226 5821 5897 5898 5822
7556 5 2 1 5 4226 4302 4303 4227 5822 5898 5899 5823
7557 5 2 1 5 4227 4303 4304 4228 5823 5899 5900 5824
7558 5 2 1 5 4228 4304 556 557 5824 5900 902 903
7559 5 2 1 5 547 548 4305 4229 893 894 5901 5825
7560 5 2 1 5 4229 4305 4306 4230 5825 5901 5902 5826
7561 5 2 1 5 4230 4306 4307 4231 5826 5902 5903 5827
7562 5 2 1 5 4231 4307 4308 4232 5827 5903 5904 5828
7563 5 2 1 5 4232 4308 4309 4233 5828 5904 5905 5829
7564 5 2 1 5 4233 4309 4310 4234 5829 5905 5906 5830
7565 5 2 1 5 4234 4310 4311 4235 5830 5906 5907 5831
7566 5 2 1 5 4235 4311 4312 4236 5831 5907 5908 5832
7567 5 2 1 5 4236 4312 4313 4237 5832 5908 5909 5833
7568 5 2 1 5 4237 4313 4314 4238 5833 5909 5910 5834
7569 5 2 1 5 4238 4314 4315 4239 5834 5910 5911 5835
7570 5 2 1 5 4239 4315 4316 4240 5835 5911 5912 5836
7571 5 2 1 5 4240 4316 4317 4241 5836 5912 5913 5837
7572 5 2 1 5 4241 4317 4318 4242 5837 5913 5914 5838
7573 5 2 1 5 4242 4318 4319 4243 5838 5914 5915 5839
7574 5 2 1 5 4243 4319 4320 4244 5839 5915 5916 5840
7575 5 2 1 5 4244 4320 4321 4245 5840 5916 5917 5841
7576 5 2 1 5 4245 4321 4322 4246 5841 5917 5918 5842
7577 5 2 1 5 4246 4322 4323 4247 5842 5918 5919 5843
7578 5 2 1 5 4247 4323 4324 4248 5843 5919 5920 5844
7579 5 2 1 5 4248 4324 4325 4249 5844 5920 5921 5845
7580 5 2 1 5 4249 4325 4326 4250 5845 5921 5922 5846
7581 5 2 1 5 4250 4326 4327 4251 5846 5922 5923 5847
7582 5 2 1 5 4251 4327 4328 4252 5847 5923 5924 5848
7583 5 2 1 5 4252 4328 4329 4253 5848 5924 5925 5849
7584 5 2 1 5 4253 4329 4330 4254 5849 5925 5926 5850
7585 5 2 1 5 4254 4330 4331 4255 5850 5926 5927 5851
7586 5 2 1 5 4255 4331 4332 4256 5851 5927 5928 5852
7587 5 2 1 5 4256 4332 4333 4257 5852 5928 5929 5853
7588 5 2 1 5 4257 4333 4334 4258 5853 5929 5930 5854
7589 5 2 1 5 4258 4334 4335 4259 5854 5930 5931 5855
7590 5 2 1 5 4259 4335 4336 4260 5855 5931 5932 5856
7591 5 2 1 5 4260 4336 4337 4261 5856 5932 5933 5857
7592 5 2 1 5 4261 4337 4338 4262 5857 5933 5934 5858
7593 5 2 1 5 4262 4338 4339 4263 5858 5934 5935 5859
7594 5 2 1 5 4263 4339 4340 4264 5859 5935 5936 5860
7595 5 2 1 5 4264 4340 4341 4265 5860 5936 5937 5861
7596 5 2 1 5 4265 4341 4342 4266 5861 5937 5938 5862
7597 5 2 1 5 4266 4342 4343 4267 5862 5938 5939 5863
7598 5 2 1 5 4267 4343 4344 4268 5863 5939 5940 5864
7599 5 2 1 5 4268 4344 4345 4269 5864 5940 5941 5865
7600 5 2 1 5 4269 4345 4346 4270 5865 5941 5942 5866
7601 5 2 1 5 4270 4346 4347 4271 5866 5942 5943 5867
7602 5 2 1 5 4271 4347 4348 4272 5867 5943 5944 5868
7603 5 2 1 5 4272 4348 4349 4273 5868 5944 5945 5869
7604 5 2 1 5 4273 4349 4350 4274 5869 5945 5946 5870
7605 5 2 1 5 4274 4350 4351 4275 5870 5946 5947 5871
7606 5 2 1 5 4275 4351 4352 4276 5871 5947 5948 5872
7607 5 2 1 5 4276 4352 4353 4277 5872 5948 5949 5873
7608 5 2 1 5 4277 4353 4354 4278 5873 5949 5950 5874
7609 5 2 1 5 4278 4354 4355 4279 5874 5950 5951 5875
7610 5 2 1 5 4279 4355 4356 4280 5875 5951 5952 5876
7611 5 2 1 5 4280 4356 4357 4281 5876 5952 5953 5877
7612 5 2 1 5 4281 4357 4358 4282 5877 5953 5954 5878
7613 5 2 1 5 4282 4358 4359 4283 5878 5954 5955 5879
7614 5 2 1 5 4283 4359 4360 4284 5879 5955 5956 5880
7615 5 2 1 5 4284 4360 4361 4285 5880 5956 5957 5881
7616 5 2 1 5 4285 4361 4362 4286 5881 5957 5958 5882
7617 5 2 1 5 4286 4362 4363 4287 5882 5958 5959 5883
7618 5 2 1 5 4287 4363 4364 4288 5883 5959 5960 5884
7619 5 2 1 5 4288 4364 4365 4289 5884 5960 5961 5885
7620 5 2 1 5 4289 4365 4366 4290 5885 5961 5962 5886
7621 5 2 1 5 4290 4366 4367 4291 5886 5962 5963 5887
7622 5 2 1 5 4291 4367 4368 4292 5887 5963 5964 5888
7623 5 2 1 5 4292 4368 4369 4293 5888 5964 5965 5889
7624 5 2 1 5 4293 4369 4370 4294 5889 5965 5966 5890
7625 5 2 1 5 4294 4370 4371 4295 5890 5966 5967 5891
7626 5 2 1 5 4295 4371 4372 4296 5891 5967 5968 5892
7627 5 2 1 5 4296 4372 4373 4297 5892 5968 5969 5893
7628 5 2 1 5 4297 4373 4374 4298 5893 5969 5970 5894
7629 5 2 1 5 4298 4374 4375 4299 5894 5970 5971 5895
7630 5 2 1 5 4299 4375 4376 4300 5895 5971 5972 5896
7631 5 2 1 5 4300 4376 4377 4301 5896 5972 5973 5897
7632 5 2 1 5 4301 4377 4378 4302 5897 5973 5974 5898
7633 5 2 1 5 4302 4378 4379 4303 5898 5974 5975 5899
7634 5 2 1 5 4303 4379 4380 4304 5899 5975 5976 5900
7635 5 2 1 5 4304 4380 555 556 5900 5976 901 902
7636 5 2 1 5 548 549 4381 4305 894 895 5977 5901
7637 5 2 1 5 4305 4381 4382 4306 5901 5977 5978 5902
7638 5 2 1 5 4306 4382 4383 4307 5902 5978 5979 5903
7639 5 2 1 5 4307 4383 4384 4308 5903 5979 5980 5904
7640 5 2 1 5 4308 4384 4385 4309 5904 5980 5981 5905
7641 5 2 1 5 4309 4385 4386 4310 5905 5981 5982 5906
7642 5 2 1 5 4310 4386 4387 4311 5906 5982 5983 5907
7643 5 2 1 5 4311 4387 4388 4312 5907 5983 5984 5908
7644 5 2 1 5 4312 4388 4389 4313 5908 5984 5985 5909
7645 5 2 1 5 4313 4389 4390 4314 5909 5985 5986 5910
7646 5 2 1 5 4314 4390 4391 4315 5910 5986 5987 5911
7647 5 2 1 5 4315 4391 4392 4316 5911 5987 5988 5912
7648 5 2 1 5 4316 4392 4393 4317 5912 5988 5989 5913
7649 5 2 1 5 4317 4393 4394 4318 5913 5989 5990 5914
7650 5 2 1 5 4318 4394 4395 4319 5914 5990 5991 5915
7651 5 2 1 5 4319 4395 4396 4320 5915 5991 5992 5916
7652 5 2 1 5 4320 4396 4397 4321 5916 5992 5993 5917
7653 5 2 1 5 4321 4397 4398 4322 5917 5993 5994 5918
7654 5 2 1 5 4322 4398 4399 4323 5918 5994 5995 5919
7655 5 2 1 5 4323 4399 4400 4324 5919 5995 5996 5920
7656 5 2 1 5 4324 4400 4401 4325 5920 5996 5997 5921
7657 5 2 1 5 4325 4401 4402 4326 5921 5997 5998 5922
7658 5 2 1 5 4326 4402 4403 4327 5922 5998 5999 5923
7659 5 2 1 5 4327 4403 4404 4328 5923 5999 6000 5924
7660 5 2 1 5 4328 4404 4405 4329 5924 6000 6001 5925
7661 5 2 1 5 4329 4405 4406 4330 5925 6001 6002 5926
7662 5 2 1 5 4330 4406 4407 4331 5926 6002 6003 5927
7663 5 2 1 5 4331 4407 4408 4332 5927 6003 6004 5928
7664 5 2 1 5 4332 4408 4409 4333 5928 6004 6005 5929
7665 5 2 1 5 4333 4409 4410 4334 5929 6005 6006 5930
7666 5 2 1 5 4334 4410 4411 4335 5930 6006 6007 5931
7667 5 2 1 5 4335 4411 4412 4336 5931 6007 6008 5932
7668 5 2 1 5 4336 4412 4413 4337 5932 6008 6009 5933
7669 5 2 1 5 4337 4413 4414 4338 5933 6009 6010 5934
7670 5 2 1 5 4338 4414 4415 4339 5934 6010 6011 5935
7671 5 2 1 5 4339 4415 4416 4340 5935 6011 6012 5936
7672 5 2 1 5 4340 4416 4417 4341 5936 6012 6013 5937
7673 5 2 1 5 4341 4417 4418 4342 5937 6013 6014 5938
7674 5 2 1 5 4342 4418 4419 4343 5938 6014 6015 5939
7675 5 2 1 5 4343 4419 4420 4344 5939 6015 6016 5940
7676 5 2 1 5 4344 4420 4421 4345 5940 6016 6017 5941
7677 5 2 1 5 4345 4421 4422 4346 5941 6017 6018 5942
7678 5 2 1 5 4346 4422 4423 4347 5942 6018 6019 5943
7679 5 2 1 5 4347 4423 4424 4348 5943 6019 6020 5944
7680 5 2 1 5 4348 4424 4425 4349 5944 6020 6021 5945
7681 5 2 1 5 4349 4425 4426 4350 5945 6021 6022 5946
7682 5 2 1 5 4350 4426 4427 4351 5946 6022 6023 5947
7683 5 2 1 5 4351 4427 4428 4352 5947 6023 6024 5948
7684 5 2 1 5 4352 4428 4429 4353 5948 6024 6025 5949
7685 5 2 1 5 4353 4429 4430 4354 5949 6025 6026 5950
7686 5 2 1 5 4354 4430 4431 4355 5950 6026 6027 5951
7687 5 2 1 5 4355 4431 4432 4356 5951 6027 6028 5952
7688 5 2 1 5 4356 4432 4433 4357 5952 6028 6029 5953
7689 5 2 1 5 4357 4433 4434 4358 5953 6029 6030 5954
7690 5 2 1 5 4358 4434 4435 4359 5954 6030 6031 5955
7691 5 2 1 5 4359 4435 4436 4360 5955 6031 6032 5956
7692 5 2 1 5 4360 4436 4437 4361 5956 6032 6033 5957
7693 5 2 1 5 4361 4437 4438 4362 5957 6033 6034 5958
7694 5 2 1 5 4362 4438 4439 4363 5958 6034 6035 5959
7695 5 2 1 5 4363 4439 4440 4364 5959 6035 6036 5960
7696 5 2 1 5 4364 4440 4441 4365 5960 6036 6037 5961
7697 5 2 1 5 4365 4441 4442 4366 5961 6037 6038 5962
7698 5 2 1 5 4366 4442 4443 4367 5962 6038 6039 5963
7699 5 2 1 5 4367 4443 4444 4368 5963 6039 6040 5964
7700 5 2 1 5 4368 4444 4445 4369 5964 6040 6041 5965
7701 5 2 1 5 4369 4445 4446 4370 5965 6041 6042 5966
7702 5 2 1 5 4370 4446 4447 4371 5966 6042 6043 5967
7703 5 2 1 5 4371 4447 4448 4372 5967 6043 6044 5968
7704 5 2 1 5 4372 4448 4449 4373 5968 6044 6045 5969
7705 5 2 1 5 4373 4449 4450 4374 5969 6045 6046 5970
7706 5 2 1 5 4374 4450 4451 4375 5970 6046 6047 5971
7707 5 2 1 5 4375 4451 4452 4376 5971 6047 6048 5972
7708 5 2 1 5 4376 4452 4453 4377 5972 6048 6049 5973
7709 5 2 1 5 4377 4453 4454 4378 5973 6049 6050 5974
7710 5 2 1 5 4378 4454 4455 4379 5974 6050 6051 5975
7711 5 2 1 5 4379 4455 4456 4380 5975 6051 6052 5976
7712 5 2 1 5 4380 4456 554 555 5976 6052 900 901
7713 5 2 1 5 549 550 4457 4381 895 896 6053 5977
7714 5 2 1 5 4381 4457 4458 4382 5977 6053 6054 5978
7715 5 2 1 5 4382 4458 4459 4383 5978 6054 6055 5979
7716 5 2 1 5 4383 4459 4460 4384 5979 6055 6056 5980
7717 5 2 1 5 4384 4460 4461 4385 5980 6056 6057 5981
7718 5 2 1 5 4385 4461 4462 4386 5981 6057 6058 5982
7719 5 2 1 5 4386 4462 4463 4387 5982 6058 6059 5983
7720 5 2 1 5 4387 4463 4464 4388 5983 6059 6060 5984
7721 5 2 1 5 4388 4464 4465 4389 5984 6060 6061 5985
7722 5 2 1 5 4389 4465 4466 4390 5985 6061 6062 5986
7723 5 2 1 5 4390 4466 4467 4391 5986 6062 6063 5987
7724 5 2 1 5 4391 4467 4468 4392 5987 6063 6064 5988
7725 5 2 1 5 4392 4468 4469 4393 5988 6064 6065 5989
7726 5 2 1 5 4393 4469 4470 4394 5989 6065 6066 5990
7727 5 2 1 5 4394 4470 4471 4395 5990 6066 6067 5991
7728 5 2 1 5 4395 4471 4472 4396 5991 6067 6068 5992
7729 5 2 1 5 4396 4472 4473 4397 5992 6068 6069 5993
7730 5 2 1 5 4397 4473 4474 4398 5993 6069 6070 5994
7731 5 2 1 5 4398 4474 4475 4399 5994 6070 6071 5995
7732 5 2 1 5 4399 4475 4476 4400 5995 6071 6072 5996
7733 5 2 1 5 4400 4476 4477 4401 5996 6072 6073 5997
7734 5 2 1 5 4401 4477 4478 4402 5997 6073 6074 5998
7735 5 2 1 5 4402 4478 4479 4403 5998 6074 6075 5999
7736 5 2 1 5 4403 4479 4480 4404 5999 6075 6076 6000
7737 5 2 1 5 4404 4480 4481 4405 6000 6076 6077 6001
7738 5 2 1 5 4405 4481 4482 4406 6001 6077 6078 6002
7739 5 2 1 5 4406 4482 4483 4407 6002 6078 6079 6003
7740 5 2 1 5 4407 4483 4484 4408 6003 6079 6080 6004
7741 5 2 1 5 4408 4484 4485 4409 6004 6080 6081 6005
7742 5 2 1 5 4409 4485 4486 4410 6005 6081 6082 6006
7743 5 2 1 5 4410 4486 4487 4411 6006 6082 6083 6007
7744 5 2 1 5 4411 4487 4488 4412 6007 6083 6084 6008
7745 5 2 1 5 4412 4488 4489 4413 6008 6084 6085 6009
7746 5 2 1 5 4413 4489 4490 4414 6009 6085 6086 6010
7747 5 2 1 5 4414 4490 4491 4415 6010 6086 6087 6011
7748 5 2 1 5 4415 4491 4492 4416 6011 6087 6088 6012
7749 5 2 1 5 4416 4492 4493 4417 6012 6088 6089 6013
7750 5 2 1 5 4417 4493 4494 4418 6013 6089 6090 6014
7751 5 2 1 5 4418 4494 4495 4419 6014 6090 6091 6015
7752 5 2 1 5 4419 4495 4496 4420 6015 6091 6092 6016
7753 5 2 1 5 4420 4496 4497 4421 6016 6092 6093 6017
7754 5 2 1 5 4421 4497 4498 4422 6017 6093 6094 6018
7755 5 2 1 5 4422 4498 4499 4423 6018 6094 6095 6019
7756 5 2 1 5 4423 4499 4500 4424 6019 6095 6096 6020
7757 5 2 1 5 4424 4500 4501 4425 6020 6096 6097 6021
7758 5 2 1 5 4425 4501 4502 4426 6021 6097 6098 6022
7759 5 2 1 5 4426 4502 4503 4427 6022 6098 6099 6023
7760 5 2 1 5 4427 4503 4504 4428 6023 6099 6100 6024
7761 5 2 1 5 4428 4504 4505 4429 6024 6100 6101 6025
7762 5 2 1 5 4429 4505 4506 4430 6025 6101 6102 6026
7763 5 2 1 5 4430 4506 4507 4431 6026 6102 6103 6027
7764 5 2 1 5 4431 4507 4508 4432 6027 6103 6104 6028
7765 5 2 1 5 4432 4508 4509 4433 6028 6104 6105 6029
7766 5 2 1 5 4433 4509 4510 4434 6029 6105 6106 6030
7767 5 2 1 5 4434 4510 4511 4435 6030 6106 6107 6031
7768 5 2 1 5 4435 4511 4512 4436 6031 6107 6108 6032
7769 5 2 1 5 4436 4512 4513 4437 6032 6108 6109 6033
7770 5 2 1 5 4437 4513 4514 4438 6033 6109 6110 6034
7771 5 2 1 5 4438 4514 4515 4439 6034 6110 6111 6035
7772 5 2 1 5 4439 4515 4516 4440 6035 6111 6112 6036
7773 5 2 1 5 4440 4516 4517 4441 6036 6112 6113 6037
7774 5 2 1 5 4441 4517 4518 4442 6037 6113 6114 6038
7775 5 2 1 5 4442 4518 4519 4443 6038 6114 6115 6039
7776 5 2 1 5 4443 4519 4520 4444 6039 6115 6116 6040
7777 5 2 1 5 4444 4520 4521 4445 6040 6116 6117 6041
7778 5 2 1 5 4445 4521 4522 4446 6041 6117 6118 6042
7779 5 2 1 5 4446 4522 4523 4447 6042 6118 6119 6043
7780 5 2 1 5 4447 4523 4524 4448 6043 6119 6120 6044
7781 5 2 1 5 4448 4524 4525 4449 6044 6120 6121 6045
7782 5 2 1 5 4449 4525 4526 4450 6045 6121 6122 6046
7783 5 2 1 5 4450 4526 4527 4451 6046 6122 6123 6047
7784 5 2 1 5 4451 4527 4528 4452 6047 6123 6124 6048
7785 5 2 1 5 4452 4528 4529 4453 6048 6124 6125 6049
7786 5 2 1 5 4453 4529 4530 4454 6049 6125 6126 6050
7787 5 2 1 5 4454 4530 4531 4455 6050 6126 6127 6051
7788 5 2 1 5 4455 4531 4532 4456 6051 6127 6128 6052
7789 5 2 1 5 4456 4532 553 554 6052 6128 899 900
7790 5 2 1 5 550 551 4533 4457 896 897 6129 6053
7791 5 2 1 5 4457 4533 4534 4458 6053 6129 6130 6054
7792 5 2 1 5 4458 4534 4535 4459 6054 6130 6131 6055
7793 5 2 1 5 4459 4535 4536 4460 6055 6131 6132 6056
7794 5 2 1 5 4460 4536 4537 4461 6056 6132 6133 6057
7795 5 2 1 5 4461 4537 4538 4462 6057 6133 6134 6058
7796 5 2 1 5 4462 4538 4539 4463 6058 6134 6135 6059
7797 5 2 1 5 4463 4539 4540 4464 6059 6135 6136 6060
7798 5 2 1 5 4464 4540 4541 4465 6060 6136 6137 6061
7799 5 2 1 5 4465 4541 4542 4466 6061 6137 6138 6062
7800 5 2 1 5 4466 4542 4543 4467 6062 6138 6139 6063
7801 5 2 1 5 4467 4543 4544 4468 6063 6139 6140 6064
7802 5 2 1 5 4468 4544 4545 4469 6064 6140 6141 6065
7803 5 2 1 5 4469 4545 4546 4470 6065 6141 6142 6066
7804 5 2 1 5 4470 4546 4547 4471 6066 6142 6143 6067
7805 5 2 1 5 4471 4547 4548 4472 6067 6143 6144 6068
7806 5 2 1 5 4472 4548 4549 4473 6068 6144 6145 6069
7807 5 2 1 5 4473 4549 4550 4474 6069 6145 6146 6070
7808 5 2 1 5 4474 4550 4551 4475 6070 6146 6147 6071
7809 5 2 1 5 4475 4551 4552 4476 6071 6147 6148 6072
7810 5 2 1 5 4476 4552 4553 4477 6072 6148 6149 6073
7811 5 2 1 5 4477 4553 4554 4478 6073 6149 6150 6074
7812 5 2 1 5 4478 4554 4555 4479 6074 6150 6151 6075
7813 5 2 1 5 4479 4555 4556 4480 6075 6151 6152 6076
7814 5 2 1 5 4480 4556 4557 4481 6076 6152 6153 6077
7815 5 2 1 5 4481 4557 4558 4482 6077 6153 6154 6078
7816 5 2 1 5 4482 4558 4559 4483 6078 6154 6155 6079
7817 5 2 1 5 4483 4559 4560 4484 6079 6155 6156 6080
7818 5 2 1 5 4484 4560 4561 4485 6080 6156 6157 6081
7819 5 2 1 5 4485 4561 4562 4486 6081 6157 6158 6082
7820 5 2 1 5 4486 4562 4563 4487 6082 6158 6159 6083
7821 5 2 1 5 4487 4563 4564 4488 6083 6159 6160 6084
7822 5 2 1 5 4488 4564 4565 4489 6084 6160 6161 6085
7823 5 2 1 5 4489 4565 4566 4490 6085 6161 6162 6086
7824 5 2 1 5 4490 4566 4567 4491 6086 6162 6163 6087
7825 5 2 1 5 4491 4567 4568 4492 6087 6163 6164 6088
7826 5 2 1 5 4492 4568 4569 4493 6088 6164 6165 6089
7827 5 2 1 5 4493 4569 4570 4494 6089 6165 6166 6090
7828 5 2 1 5 4494 4570 4571 4495 6090 6166 6167 6091
7829 5 2 1 5 4495 4571 4572 4496 6091 6167 6168 6092
7830 5 2 1 5 4496 4572 4573 4497 6092 6168 6169 6093
7831 5 2 1 5 4497 4573 4574 4498 6093 6169 6170 6094
7832 5 2 1 5 4498 4574 4575 4499 6094 6170 6171 6095
7833 5 2 1 5 4499 4575 4576 4500 6095 6171 6172 6096
7834 5 2 1 5 4500 4576 4577 4501 6096 6172 6173 6097
7835 5 2 1 5 4501 4577 4578 4502 6097 6173 6174 6098
7836 5 2 1 5 4502 4578 4579 4503 6098 6174 6175 6099
7837 5 2 1 5 4503 4579 4580 4504 6099 6175 6176 6100
7838 5 2 1 5 4504 4580 4581 4505 6100 6176 6177 6101
7839 5 2 1 5 4505 4581 4582 4506 6101 6177 6178 6102
7840 5 2 1 5 4506 4582 4583 4507 6102 6178 6179 6103
7841 5 2 1 5 4507 4583 4584 4508 6103 6179 6180 6104
7842 5 2 1 5 4508 4584 4585 4509 6104 6180 6181 6105
7843 5 2 1 5 4509 4585 4586 4510 6105 6181 6182 6106
7844 5 2 1 5 4510 4586 4587 4511 6106 6182 6183 6107
7845 5 2 1 5 4511 4587 4588 4512 6107 6183 6184 6108
7846 5 2 1 5 4512 4588 4589 4513 6108 6184 6185 6109
7847 5 2 1 5 4513 4589 4590 4514 6109 6185 6186 6110
7848 5 2 1 5 4514 4590 4591 4515 6110 6186 6187 6111
7849 5 2 1 5 4515 4591 4592 4516 6111 6187 6188 6112
7850 5 2 1 5 4516 4592 4593 4517 6112 6188 6189 6113
7851 5 2 1 5 4517 4593 4594 4518 6113 6189 6190 6114
7852 5 2 1 5 4518 4594 4595 4519 6114 6190 6191 6115
7853 5 2 1 5 4519 4595 4596 4520 6115 6191 6192 6116
7854 5 2 1 5 4520 4596 4597 4521 6116 6192 6193 6117
7855 5 2 1 5 4521 4597 4598 4522 6117 6193 6194 6118
7856 5 2 1 5 4522 4598 4599 4523 6118 6194 6195 6119
7857 5 2 1 5 4523 4599 4600 4524 6119 6195 6196 6120
7858 5 2 1 5 4524 4600 4601 4525 6120 6196 6197 6121
7859 5 2 1 5 4525 4601 4602 4526 6121 6197 6198 6122
7860 5 2 1 5 4526 4602 4603 4527 6122 6198 6199 6123
7861 5 2 1 5 4527 4603 4604 4528 6123 6199 6200 6124
7862 5 2 1 5 4528 4604 4605 4529 6124 6200 6201 6125
7863 5 2 1 5 4529 4605 4606 4530 6125 6201 6202 6126
7864 5 2 1 5 4530 4606 4607 4531 6126 6202 6203 6127
7865 5 2 1 5 4531 4607 4608 4532 6127 6203 6204 6128
7866 5 2 1 5 4532 4608 552 553 6128 6204 898 899
7867 5 2 1 5 551 12 530 4533 897 20 876 6129
7868 5 2 1 5 4533 530 529 4534 6129 876 875 6130
7869 5 2 1 5 4534 529 528 4535 6130 875 874 6131
7870 5 2 1 5 4535 528 527 4536 6131 874 873 6132
7871 5 2 1 5 4536 527 526 4537 6132 873 872 6133
7872 5 2 1 5 4537 526 525 4538 6133 872 871 6134
7873 5 2 1 5 4538 525 524 4539 6134 871 870 6135
7874 5 2 1 5 4539 524 523 4540 6135 870 869 6136
7875 5 2 1 5 4540 523 522 4541 6136 869 868 6137
7876 5 2 1 5 4541 522 521 4542 6137 868 867 6138
7877 5 2 1 5 4542 521 520 4543 6138 867 866 6139
7878 5 2 1 5 4543 520 519 4544 6139 866 865 6140
7879 5 2 1 5 4544 519 518 4545 6140 865 864 6141
7880 5 2 1 5 4545 518 517 4546 6141 864 863 6142
7881 5 2 1 5 4546 517 516 4547 6142 863 862 6143
7882 5 2 1 5 4547 516 515 4548 6143 862 861 6144
7883 5 2 1 5 4548 515 514 4549 6144 861 860 6145
7884 5 2 1 5 4549 514 513 4550 6145 860 859 6146
7885 5 2 1 5 4550 513 512 4551 6146 859 858 6147
7886 5 2 1 5 4551 512 511 4552 6147 858 857 6148
7887 5 2 1 5 4552 511 510 4553 6148 857 856 6149
7888 5 2 1 5 4553 510 509 4554 6149 856 855 6150
7889 5 2 1 5 4554 509 508 4555 6150 855 854 6151
7890 5 2 1 5 4555 508 507 4556 6151 854 853 6152
7891 5 2 1 5 4556 507 506 4557 6152 853 852 6153
7892 5 2 1 5 4557 506 505 4558 6153 852 851 6154
7893 5 2 1 5 4558 505 504 4559 6154 851 850 6155
7894 5 2 1 5 4559 504 503 4560 6155 850 849 6156
7895 5 2 1 5 4560 503 502 4561 6156 849 848 6157
7896 5 2 1 5 4561 502 501 4562 6157 848 847 6158
7897 5 2 1 5 4562 501 500 4563 6158 847 846 6159
7898 5 2 1 5 4563 500 499 4564 6159 846 845 6160
7899 5 2 1 5 4564 499 498 4565 6160 845 844 6161
7900 5 2 1 5 4565 498 497 4566 6161 844 843 6162
7901 5 2 1 5 4566 497 496 4567 6162 843 842 6163
7902 5 2 1 5 4567 496 495 4568 6163 842 841 6164
7903 5 2 1 5 4568 495 494 4569 6164 841 840 6165
7904 5 2 1 5 4569 494 493 4570 6165 840 839 6166
7905 5 2 1 5 4570 493 492 4571 6166 839 838 6167
7906 5 2 1 5 4571 492 491 4572 6167 838 837 6168
7907 5 2 1 5 4572 491 490 4573 6168 837 836 6169
7908 5 2 1 5 4573 490 489 4574 6169 836 835 6170
7909 5 2 1 5 4574 489 488 4575 6170 835 834 6171
7910 5 2 1 5 4575 488 487 4576 6171 834 833 6172
7911 5 2 1 5 4576 487 486 4577 6172 833 832 6173
7912 5 2 1 5 4577 486 485 4578 6173 832 831 6174
7913 5 2 1 5 4578 485 484 4579 6174 831 830 6175
7914 5 2 1 5 4579 484 483 4580 6175 830 829 6176
7915 5 2 1 5 4580 483 482 4581 6176 829 828 6177
7916 5 2 1 5 4581 482 481 4582 6177 828 827 6178
7917 5 2 1 5 4582 481 480 4583 6178 827 826 6179
7918 5 2 1 5 4583 480 479 4584 6179 826 825 6180
7919 5 2 1 5 4584 479 478 4585 6180 825 824 6181
7920 5 2 1 5 4585 478 477 4586 6181 824 823 6182
7921 5 2 1 5 4586 477 476 4587 6182 823 822 6183
7922 5 2 1 5 4587 476 475 4588 6183 822 821 6184
7923 5 2 1 5 4588 475 474 4589 6184 821 820 6185
7924 5 2 1 5 4589 474 473 4590 6185 820 819 6186
7925 5 2 1 5 4590 473 472 4591 6186 819 818 6187
7926 5 2 1 5 4591 472 471 4592 6187 818 817 6188
7927 5 2 1 5 4592 471 470 4593 6188 817 816 6189
7928 5 2 1 5 4593 470 469 4594 6189 816 815 6190
7929 5 2 1 5 4594 469 468 4595 6190 815 814 6191
7930 5 2 1 5 4595 468 467 4596 6191 814 813 6192
7931 5 2 1 5 4596 467 466 4597 6192 813 812 6193
7932 5 2 1 5 4597 466 465 4598 6193 812 811 6194
7933 5 2 1 5 4598 465 464 4599 6194 811 810 6195
7934 5 2 1 5 4599 464 463 4600 6195 810 809 6196
7935 5 2 1 5 4600 463 462 4601 6196 809 808 6197
7936 5 2 1 5 4601 462 461 4602 6197 808 807 6198
7937 5 2 1 5 4602 461 460 4603 6198 807 806 6199
7938 5 2 1 5 4603 460 459 4604 6199 806 805 6200
7939 5 2 1 5 4604 459 458 4605 6200 805 804 6201
7940 5 2 1 5 4605 458 457 4606 6201 804 803 6202
7941 5 2 1 5 4606 457 456 4607 6202 803 802 6203
7942 5 2 1 5 4607 456 455 4608 6203 802 801 6204
7943 5 2 1 5 4608 455 11 552 6204 801 19 898
7944 5 2 2 6 15 13 648 724 23 21 994 1070
7945 5 2 2 6 724 648 647 723 1070 994 993 1069
7946 5 2 2 6 723 647 646 722 1069 993 992 1068
7947 5 2 2 6 722 646 645 721 1068 992 991 1067
7948 5 2 2 6 721 645 644 720 1067 991 990 1066
7949 5 2 2 6 720 644 643 719 1066 990 989 1065
7950 5 2 2 6 719 643 642 718 1065 989 988 1064
7951 5 2 2 6 718 642 641 717 1064 988 987 1063
7952 5 2 2 6 717 641 640 716 1063 987 986 1062
7953 5 2 2 6 716 640 639 715 1062 986 985 1061
7954 5 2 2 6 715 639 638 714 1061 985 984 1060
7955 5 2 2 6 714 638 637 713 1060 984 983 1059
7956 5 2 2 6 713 637 636 712 1059 983 982 1058
7957 5 2 2 6 712 636 635 711 1058 982 981 1057
7958 5 2 2 6 711 635 634 710 1057 981 980 1056
7959 5 2 2 6 710 634 633 709 1056 980 979 1055
7960 5 2 2 6 709 633 632 708 1055 979 978 1054
7961 5 2 2 6 708 632 631 707 1054 978 977 1053
7962 5 2 2 6 707 631 630 706 1053 977 976 1052
7963 5 2 2 6 706 630 629 705 1052 976 975 1051
7964 5 2 2 6 705 629 628 704 1051 975 974 1050
7965 5 2 2 6 704 628 627 703 1050 974 973 1049
7966 5 2 2 6 703 627 626 702 1049 973 972 1048
7967 5 2 2 6 702 626 625 701 1048 972 971 1047
7968 5 2 2 6 701 625 624 700 1047 971 970 1046
7969 5 2 2 6 700 624 623 699 1046 970 969 1045
7970 5 2 2 6 699 623 622 698 1045 969 968 1044
7971 5 2 2 6 698 622 621 697 1044 968 967 1043
7972 5 2 2 6 697 621 620 696 1043 967 966 1042
7973 5 2 2 6 696 620 619 695 1042 966 965 1041
7974 5 2 2 6 695 619 618 694 1041 965 964 1040
7975 5 2 2 6 694 618 617 693 1040 964 963 1039
7976 5 2 2 6 693 617 616 692 1039 963 962 1038
7977 5 2 2 6 692 616 615 691 1038 962 961 1037
7978 5 2 2 6 691 615 614 690 1037 961 960 1036
7979 5 2 2 6 690 614 613 689 1036 960 959 1035
7980 5 2 2 6 689 613 612 688 1035 959 958 1034
7981 5 2 2 6 688 612 611 687 1034 958 957 1033
7982 5 2 2 6 687 611 610 686 1033 957 956 1032
7983 5 2 2 6 686 610 609 685 1032 956 955 1031
7984 5 2 2 6 685 609 608 684 1031 955 954 1030
7985 5 2 2 6 684 608 607 683 1030 954 953 1029
7986 5 2 2 6 683 607 606 682 1029 953 952 1028
7987 5 2 2 6 682 606 605 681 1028 952 951 1027
7988 5 2 2 6 681 605 604 680 1027 951 950 1026
7989 5 2 2 6 680 604 603 679 1026 950 949 1025
7990 5 2 2 6 679 603 602 678 1025 949 948 1024
7991 5 2 2 6 678 602 601 677 1024 948 947 1023
7992 5 2 2 6 677 601 600 676 1023 947 946 1022
7993 5 2 2 6 676 600 599 675 1022 946 945 1021
7994 5 2 2 6 675 599 598 674 1021 945 944 1020
7995 5 2 2 6 674 598 597 673 1020 944 943 1019
7996 5 2 2 6 673 597 596 672 1019 943 942 1018
7997 5 2 2 6 672 596 595 671 1018 942 941 1017
7998 5 2 2 6 671 595 594 670 1017 941 940 1016
7999 5 2 2 6 670 594 593 669 1016 940 939 1015
8000 5 2 2 6 669 593 592 668 1015 939 938 1014
8001 5 2 2 6 668 592 591 667 1014 938 937 1013
8002 5 2 2 6 667 591 590 666 1013 937 936 1012
8003 5 2 2 6 666 590 589 665 1012 936 935 1011
8004 5 2 2 6 665 589 588 664 1011 935 934 1010
8005 5 2 2 6 664 588 587 663 1010 934 933 1009
8006 5 2 2 6 663 587 586 662 1009 933 932 1008
8007 5 2 2 6 662 586 585 661 1008 932 931 1007
8008 5 2 2 6 661 585 584 660 1007 931 930 1006
8009 5 2 2 6 660 584 583 659 1006 930 929 1005
8010 5 2 2 6 659 583 582 658 1005 929 928 1004
8011 5 2 2 6 658 582 581 657 1004 928 927 1003
8012 5 2 2 6 657 581 580 656 1003 927 926 1002
8013 5 2 2 6 656 580 579 655 1002 926 925 1001
8014 5 2 2 6 655 579 578 654 1001 925 924 1000
8015 5 2 2 6 654 578 577 653 1000 924 923 999
8016 5 2 2 6 653 577 576 652 999 923 922 998
8017 5 2 2 6 652 576 575 651 998 922 921 997
8018 5 2 2 6 651 575 574 650 997 921 920 996
8019 5 2 2 6 650 574 573 649 996 920 919 995
8020 5 2 2 6 649 573 14 16 995 919 22 24
8021 5 2 2 7 17 725 876 20 25 1071 1222 28
8022 5 2 2 7 725 726 875 876 1071 1072 1221 1222
8023 5 2 2 7 726 727 874 875 1072 1073 1220 1221
8024 5 2 2 7 727 728 873 874 1073 1074 1219 1220
8025 5 2 2 7 728 729 872 873 1074 1075 1218 1219
8026 5 2 2 7 729 730 871 872 1075 1076 1217 1218
8027 5 2 2 7 730 731 870 871 1076 1077 1216 1217
8028 5 2 2 7 731 732 869 870 1077 1078 1215 1216
8029 5 2 2 7 732 733 868 869 1078 1079 1214 1215
8030 5 2 2 7 733 734 867 868 1079 1080 1213 1214
8031 5 2 2 7 734 735 866 867 1080 1081 1212 1213
8032 5 2 2 7 735 736 865 866 1081 1082 1211 1212
8033 5 2 2 7 736 737 864 865 1082 1083 1210 1211
8034 5 2 2 7 737 738 863 864 1083 1084 1209 1210
8035 5 2 2 7 738 739 862 863 1084 1085 1208 1209
8036 5 2 2 7 739 740 861 862 1085 1086 1207 1208
8037 5 2 2 7 740 741 860 861 1086 1087 1206 1207
8038 5 2 2 7 741 742 859 860 1087 1088 1205 1206
8039 5 2 2 7 742 743 858 859 1088 1089 1204 1205
8040 5 2 2 7 743 744 857 858 1089 1090 1203 1204
8041 5 2 2 7 744 745 856 857 1090 1091 1202 1203
8042 5 2 2 7 745 746 855 856 1091 1092 1201 1202
8043 5 2 2 7 746 747 854 855 1092 1093 1200 1201
8044 5 2 2 7 747 748 853 854 1093 1094 1199 1200
8045 5 2 2 7 748 749 852 853 1094 1095 1198 1199
8046 5 2 2 7 749 750 851 852 1095 1096 1197 1198
8047 5 2 2 7 750 751 850 851 1096 1097 1196 1197
8048 5 2 2 7 751 752 849 850 1097 1098 1195 1196
8049 5 2 2 7 752 753 848 849 1098 1099 1194 1195
8050 5 2 2 7 753 754 847 848 1099 1100 1193 1194
8051 5 2 2 7 754 755 846 847 1100 1101 1192 1193
8052 5 2 2 7 755 756 845 846 1101 1102 1191 1192
8053 5 2 2 7 756 757 844 845 1102 1103 1190 1191
8054 5 2 2 7 757 758 843 844 1103 1104 1189 1190
8055 5 2 2 7 758 759 842 843 1104 1105 1188 1189
8056 5 2 2 7 759 760 841 842 1105 1106 1187 1188
8057 5 2 2 7 760 761 840 841 1106 1107 1186 1187
8058 5 2 2 7 761 762 839 840 1107 1108 1185 1186
8059 5 2 2 7 762 763 838 839 1108 1109 1184 1185
8060 5 2 2 7 763 764 837 838 1109 1110 1183 1184
8061 5 2 2 7 764 765 836 837 1110 1111 1182 1183
8062 5 2 2 7 765 766 835 836 1111 1112 1181 1182
8063 5 2 2 7 766 767 834 835 1112 1113 1180 1181
8064 5 2 2 7 767 768 833 834 1113 1114 1179 1180
8065 5 2 2 7 768 769 832 833 1114 1115 1178 1179
8066 5 2 2 7 769 770 831 832 1115 1116 1177 1178
8067 5 2 2 7 770 771 830 831 1116 1117 1176 1177
8068 5 2 2 7 771 772 829 830 1117 1118 1175 1176
8069 5 2 2 7 772 773 828 829 1118 1119 1174 1175
8070 5 2 2 7 773 774 827 828 1119 1120 1173 1174
8071 5 2 2 7 774 775 826 827 1120 1121 1172 1173
8072 5 2 2 7 775 776 825 826 1121 1122 1171 1172
8073 5 2 2 7 776 777 824 825 1122 1123 1170 1171
8074 5 2 2 7 777 778 823 824 1123 1124 1169 1170
8075 5 2 2 7 778 779 822 823 1124 1125 1168 1169
8076 5 2 2 7 779 780 821 822 1125 1126 1167 1168
8077 5 2 2 7 780 781 820 821 1126 1127 1166 1167
8078 5 2 2 7 781 782 819 820 1127 1128 1165 1166
8079 5 2 2 7 782 783 818 819 1128 1129 1164 1165
8080 5 2 2 7 783 784 817 818 1129 1130 1163 1164
8081 5 2 2 7 784 785 816 817 1130 1131 1162 1163
8082 5 2 2 7 785 786 815 816 1131 1132 1161 1162
8083 5 2 2 7 786 787 814 815 1132 1133 1160 1161
8084 5 2 2 7 787 788 813 814 1133 1134 1159 1160
8085 5 2 2 7 788 789 812 813 1134 1135 1158 1159
8086 5 2 2 7 789 790 811 812 1135 1136 1157 1158
8087 5 2 2 7 790 791 810 811 1136 1137 1156 1157
8088 5 2 2 7 791 792 809 810 1137 1138 1155 1156
8089 5 2 2 7 792 793 808 809 1138 1139 1154 1155
8090 5 2 2 7 793 794 807 808 1139 1140 1153 1154
8091 5 2 2 7 794 795 806 807 1140 1141 1152 1153
8092 5 2 2 7 795 796 805 806 1141 1142 1151 1152
8093 5 2 2 7 796 797 804 805 1142 1143 1150 1151
8094 5 2 2 7 797 798 803 804 1143 1144 1149 1150
8095 5 2 2 7 798 799 802 803 1144 1145 1148 1149
8096 5 2 2 7 799 800 801 802 1145 1146 1147 1148
8097 5 2 2 7 800 18 19 801 1146 26 27 1147
8098 5 2 2 8 21 877 4609 994 29 1223 6205 1340
8099 5 2 2 8 994 4609 4610 993 1340 6205 6206 1339
8100 5 2 2 8 993 4610 4611 992 1339 6206 6207 1338
8101 5 2 2 8 992 4611 4612 991 1338 6207 6208 1337
8102 5 2 2 8 991 4612 4613 990 1337 6208 6209 1336
8103 5 2 2 8 990 4613 4614 989 1336 6209 6210 1335
8104 5 2 2 8 989 4614 4615 988 1335 6210 6211 1334
8105 5 2 2 8 988 4615 4616 987 1334 6211 6212 1333
8106 5 2 2 8 987 4616 4617 986 1333 6212 6213 1332
8107 5 2 2 8 986 4617 4618 985 1332 6213 6214 1331
8108 5 2 2 8 985 4618 4619 984 1331 6214 6215 1330
8109 5 2 2 8 984 4619 4620 983 1330 6215 6216 1329
8110 5 2 2 8 983 4620 4621 982 1329 6216 6217 1328
8111 5 2 2 8 982 4621 4622 981 1328 6217 6218 1327
8112 5 2 2 8 981 4622 4623 980 1327 6218 6219 1326
8113 5 2 2 8 980 4623 4624 979 1326 6219 6220 1325
8114 5 2 2 8 979 4624 4625 978 1325 6220 6221 1324
8115 5 2 2 8 978 4625 4626 977 1324 6221 6222 1323
8116 5 2 2 8 977 4626 4627 976 1323 6222 6223 1322
8117 5 2 2 8 976 4627 4628 975 1322 6223 6224 1321
8118 5 2 2 8 975 4628 4629 974 1321 6224 6225 1320
8119 5 2 2 8 974 4629 4630 973 1320 6225 6226 1319
8120 5 2 2 8 973 4630 4631 972 1319 6226 6227 1318
8121 5 2 2 8 972 4631 4632 971 1318 6227 6228 1317
8122 5 2 2 8 971 4632 4633 970 1317 6228 6229 1316
8123 5 2 2 8 970 4633 4634 969 1316 6229 6230 1315
8124 5 2 2 8 969 4634 4635 968 1315 6230 6231 1314
8125 5 2 2 8 968 4635 4636 967 1314 6231 6232 1313
8126 5 2 2 8 967 4636 4637 966 1313 6232 6233 1312
8127 5 2 2 8 966 4637 4638 965 1312 6233 6234 1311
8128 5 2 2 8 965 4638 4639 964 1311 6234 6235 1310
8129 5 2 2 8 964 4639 4640 963 1310 6235 6236 1309
8130 5 2 2 8 963 4640 4641 962 1309 6236 6237 1308
8131 5 2 2 8 962 4641 4642 961 1308 6237 6238 1307
8132 5 2 2 8 961 4642 4643 960 1307 6238 6239 1306
8133 5 2 2 8 960 4643 4644 959 1306 6239 6240 1305
8134 5 2 2 8 959 4644 4645 958 1305 6240 6241 1304
8135 5 2 2 8 958 4645 4646 957 1304 6241 6242 1303
8136 5 2 2 8 957 4646 4647 956 1303 6242 6243 1302
8137 5 2 2 8 956 4647 4648 955 1302 6243 6244 1301
8138 5 2 2 8 955 4648 4649 954 1301 6244 6245 1300
8139 5 2 2 8 954 4649 4650 953 1300 6245 6246 1299
8140 5 2 2 8 953 4650 4651 952 1299 6246 6247 1298
8141 5 2 2 8 952 4651 4652 951 1298 6247 6248 1297
8142 5 2 2 8 951 4652 4653 950 1297 6248 6249 1296
8143 5 2 2 8 950 4653 4654 949 1296 6249 6250 1295
8144 5 2 2 8 949 4654 4655 948 1295 6250 6251 1294
8145 5 2 2 8 948 4655 4656 947 1294 6251 6252 1293
8146 5 2 2 8 947 4656 4657 946 1293 6252 6253 1292
8147 5 2 2 8 946 4657 4658 945 1292 6253 6254 1291
8148 5 2 2 8 945 4658 4659 944 1291 6254 6255 1290
8149 5 2 2 8 944 4659 4660 943 1290 6255 6256 1289
8150 5 2 2 8 943 4660 4661 942 1289 6256 6257 1288
8151 5 2 2 8 942 4661 4662 941 1288 6257 6258 1287
8152 5 2 2 8 941 4662 4663 940 1287 6258 6259 1286
8153 5 2 2 8 940 4663 4664 939 1286 6259 6260 1285
8154 5 2 2 8 939 4664 4665 938 1285 6260 6261 1284
8155 5 2 2 8 938 4665 4666 937 1284 6261 6262 1283
8156 5 2 2 8 937 4666 4667 936 1283 6262 6263 1282
8157 5 2 2 8 936 4667 4668 935 1282 6263 6264 1281
8158 5 2 2 8 935 4668 4669 934 1281 6264 6265 1280
8159 5 2 2 8 934 4669 4670 933 1280 6265 6266 1279
8160 5 2 2 8 933 4670 4671 932 1279 6266 6267 1278
8161 5 2 2 8 932 4671 4672 931 1278 6267 6268 1277
8162 5 2 2 8 931 4672 4673 930 1277 6268 6269 1276
8163 5 2 2 8 930 4673 4674 929 1276 6269 6270 1275
8164 5 2 2 8 929 4674 4675 928 1275 6270 6271 1274
8165 5 2 2 8 928 4675 4676 927 1274 6271 6272 1273
8166 5 2 2 8 927 4676 4677 926 1273 6272 6273 1272
8167 5 2 2 8 926 4677 4678 925 1272 6273 6274 1271
8168 5 2 2 8 925 4678 4679 924 1271 6274 6275 1270
8169 5 2 2 8 924 4679 4680 923 1270 6275 6276 1269
8170 5 2 2 8 923 4680 4681 922 1269 6276 6277 1268
8171 5 2 2 8 922 4681 4682 921 1268 6277 6278 1267
8172 5 2 2 8 921 4682 4683 920 1267 6278 6279 1266
8173 5 2 2 8 920 4683 4684 919 1266 6279 6280 1265
8174 5 2 2 8 919 4684 918 22 1265 6280 1264 30
8175 5 2 2 8 877 878 4685 4609 1223 1224 6281 6205
8176 5 2 2 8 4609 4685 4686 4610 6205 6281 6282 6206
8177 5 2 2 8 4610 4686 4687 4611 6206 6282 6283 6207
8178 5 2 2 8 4611 4687 4688 4612 6207 6283 6284 6208
8179 5 2 2 8 4612 4688 4689 4613 6208 6284 6285 6209
8180 5 2 2 8 4613 4689 4690 4614 6209 6285 6286 6210
8181 5 2 2 8 4614 4690 4691 4615 6210 6286 6287 6211
8182 5 2 2 8 4615 4691 4692 4616 6211 6287 6288 6212
8183 5 2 2 8 4616 4692 4693 4617 6212 6288 6289 6213
8184 5 2 2 8 4617 4693 4694 4618 6213 6289 6290 6214
8185 5 2 2 8 4618 4694 4695 4619 6214 6290 6291 6215
8186 5 2 2 8 4619 4695 4696 4620 6215 6291 6292 6216
8187 5 2 2 8 4620 4696 4697 4621 6216 6292 6293 6217
8188 5 2 2 8 4621 4697 4698 4622 6217 6293 6294 6218
8189 5 2 2 8 4622 4698 4699 4623 6218 6294 6295 6219
8190 5 2 2 8 4623 4699 4700 4624 6219 6295 6296 6220
8191 5 2 2 8 4624 4700 4701 4625 6220 6296 6297 6221
8192 5 2 2 8 4625 4701 4702 4626 6221 6297 6298 6222
8193 5 2 2 8 4626 4702 4703 4627 6222 6298 6299 6223
8194 5 2 2 8 4627 4703 4704 4628 6223 6299 6300 6224
8195 5 2 2 8 4628 4704 4705 4629 6224 6300 6301 6225
8196 5 2 2 8 4629 4705 4706 4630 6225 6301 6302 6226
8197 5 2 2 8 4630 4706 4707 4631 6226 6302 6303 6227
8198 5 2 2 8 4631 4707 4708 4632 6227 6303 6304 6228
8199 5 2 2 8 4632 4708 4709 4633 6228 6304 6305 6229
8200 5 2 2 8 4633 4709 4710 4634 6229 6305 6306 6230
8201 5 2 2 8 4634 4710 4711 4635 6230 6306 6307 6231
8202 5 2 2 8 4635 4711 4712 4636 6231 6307 6308 6232
8203 5 2 2 8 4636 4712 4713 4637 6232 6308 6309 6233
8204 5 2 2 8 4637 4713 4714 4638 6233 6309 6310 6234
8205 5 2 2 8 4638 4714 4715 4639 6234 6310 6311 6235
8206 5 2 2 8 4639 4715 4716 4640 6235 6311 6312 6236
8207 5 2 2 8 4640 4716 4717 4641 6236 6312 6313 6237
8208 5 2 2 8 4641 4717 4718 4642 6237 6313 6314 6238
8209 5 2 2 8 4642 4718 4719 4643 6238 6314 6315 6239
8210 5 2 2 8 4643 4719 4720 4644 6239 6315 6316 6240
8211 5 2 2 8 4644 4720 4721 4645 6240 6316 6317 6241
8212 5 2 2 8 4645 4721 4722 4646 6241 6317 6318 6242
8213 5 2 2 8 4646 4722 4723 4647 6242 6318 6319 6243
8214 5 2 2 8 4647 4723 4724 4648 6243 6319 6320 6244
8215 5 2 2 8 4648 4724 4725 4649 6244 6320 6321 6245
8216 5 2 2 8 4649 4725 4726 4650 6245 6321 6322 6246
8217 5 2 2 8 4650 4726 4727 4651 6246 6322 6323 6247
8218 5 2 2 8 4651 4727 4728 4652 6247 6323 6324 6248
8219 5 2 2 8 4652 4728 4729 4653 6248 6324 6325 6249
8220 5 2 2 8 4653 4729 4730 4654 6249 6325 6326 6250
8221 5 2 2 8 4654 4730 4731 4655 6250 6326 6327 6251
8222 5 2 2 8 4655 4731 4732 4656 6251 6327 6328 6252
8223 5 2 2 8 4656 4732 4733 4657 6252 6328 6329 6253
8224 5 2 2 8 4657 4733 4734 4658 6253 6329 6330 6254
8225 5 2 2 8 4658 4734 4735 4659 6254 6330 6331 6255
8226 5 2 2 8 4659 4735 4736 4660 6255 6331 6332 6256
8227 5 2 2 8 4660 4736 4737 4661 6256 6332 6333 6257
8228 5 2 2 8 4661 4737 4738 4662 6257 6333 6334 6258
8229 5 2 2 8 4662 4738 4739 4663 6258 6334 6335 6259
8230 5 2 2 8 4663 4739 4740 4664 6259 6335 6336 6260
8231 5 2 2 8 4664 4740 4741 4665 6260 6336 6337 6261
8232 5 2 2 8 4665 4741 4742 4666 6261 6337 6338 6262
8233 5 2 2 8 4666 4742 4743 4667 6262 6338 6339 6263
8234 5 2 2 8 4667 4743 4744 4668 6263 6339 6340 6264
8235 5 2 2 8 4668 4744 4745 4669 6264 6340 6341 6265
8236 5 2 2 8 4669 4745 4746 4670 6265 6341 6342 6266
8237 5 2 2 8 4670 4746 4747 4671 6266 6342 6343 6267
8238 5 2 2 8 4671 4747 4748 4672 6267 6343 6344 6268
8239 5 2 2 8 4672 4748 4749 4673 6268 6344 6345 6269
8240 5 2 2 8 4673 4749 4750 4674 6269 6345 6346 6270
8241 5 2 2 8 4674 4750 4751 4675 6270 6346 6347 6271
8242 5 2 2 8 4675 4751 4752 4676 6271 6347 6348 6272
8243 5 2 2 8 4676 4752 4753 4677 6272 6348 6349 6273
8244 5 2 2 8 4677 4753 4754 4678 6273 6349 6350 6274
8245 5 2 2 8 4678 4754 4755 4679 6274 6350 6351 6275
8246 5 2 2 8 4679 4755 4756 4680 6275 6351 6352 6276
8247 5 2 2 8 4680 4756 4757 4681 6276 6352 6353 6277
8248 5 2 2 8 4681 4757 4758 4682 6277 6353 6354 6278
8249 5 2 2 8 4682 4758 4759 4683 6278 6354 6355 6279
8250 5 2 2 8 4683 4759 4760 4684 6279 6355 6356 6280
8251 5 2 2 8 4684 4760 917 918 6280 6356 1263 1264
8252 5 2 2 8 878 879 4761 4685 1224 1225 6357 6281
8253 5 2 2 8 4685 4761 4762 4686 6281 6357 6358 6282
8254 5 2 2 8 4686 4762 4763 4687 6282 6358 6359 6283
8255 5 2 2 8 4687 4763 4764 4688 6283 6359 6360 6284
8256 5 2 2 8 4688 4764 4765 4689 6284 6360 6361 6285
8257 5 2 2 8 4689 4765 4766 4690 6285 6361 6362 6286
8258 5 2 2 8 4690 4766 4767 4691 6286 6362 6363 6287
8259 5 2 2 8 4691 4767 4768 4692 6287 6363 6364 6288
8260 5 2 2 8 4692 4768 4769 4693 6288 6364 6365 6289
8261 5 2 2 8 4693 4769 4770 4694 6289 6365 6366 6290
8262 5 2 2 8 4694 4770 4771 4695 6290 6366 6367 6291
8263 5 2 2 8 4695 4771 4772 4696 6291 6367 6368 6292
8264 5 2 2 8 4696 4772 4773 4697 6292 6368 6369 6293
8265 5 2 2 8 4697 4773 4774 4698 6293 6369 6370 6294
8266 5 2 2 8 4698 4774 4775 4699 6294 6370 6371 6295
8267 5 2 2 8 4699 4775 4776 4700 6295 6371 6372 6296
8268 5 2 2 8 4700 4776 4777 4701 6296 6372 6373 6297
8269 5 2 2 8 4701 4777 4778 4702 6297 6373 6374 6298
8270 5 2 2 8 4702 4778 4779 4703 6298 6374 6375 6299
8271 5 2 2 8 4703 4779 4780 4704 6299 6375 6376 6300
8272 5 2 2 8 4704 4780 4781 4705 6300 6376 6377 6301
8273 5 2 2 8 4705 4781 4782 4706 6301 6377 6378 6302
8274 5 2 2 8 4706 4782 4783 4707 6302 6378 6379 6303
8275 5 2 2 8 4707 4783 4784 4708 6303 6379 6380 6304
8276 5 2 2 8 4708 4784 4785 4709 6304 6380 6381 6305
8277 5 2 2 8 4709 4785 4786 4710 6305 6381 6382 6306
8278 5 2 2 8 4710 4786 4787 4711 6306 6382 6383 6307
8279 5 2 2 8 4711 4787 4788 4712 6307 6383 6384 6308
8280 5 2 2 8 4712 4788 4789 4713 6308 6384 6385 6309
8281 5 2 2 8 4713 4789 4790 4714 6309 6385 6386 6310
8282 5 2 2 8 4714 4790 4791 4715 6310 6386 6387 6311
8283 5 2 2 8 4715 4791 4792 4716 6311 6387 6388 6312
8284 5 2 2 8 4716 4792 4793 4717 6312 6388 6389 6313
8285 5 2 2 8 4717 4793 4794 4718 6313 6389 6390 6314
8286 5 2 2 8 4718 4794 4795 4719 6314 6390 6391 6315
8287 5 2 2 8 4719 4795 4796 4720 6315 6391 6392 6316
8288 5 2 2 8 4720 4796 4797 4721 6316 6392 6393 6317
8289 5 2 2 8 4721 4797 4798 4722 6317 6393 6394 6318
8290 5 2 2 8 4722 4798 4799 4723 6318 6394 6395 6319
8291 5 2 2 8 4723 4799 4800 4724 6319 6395 6396 6320
8292 5 2 2 8 4724 4800 4801 4725 6320 6396 6397 6321
8293 5 2 2 8 4725 4801 4802 4726 6321 6397 6398 6322
8294 5 2 2 8 4726 4802 4803 4727 6322 6398 6399 6323
8295 5 2 2 8 4727 4803 4804 4728 6323 6399 6400 6324
8296 5 2 2 8 4728 4804 4805 4729 6324 6400 6401 6325
8297 5 2 2 8 4729 4805 4806 4730 6325 6401 6402 6326
8298 5 2 2 8 4730 4806 4807 4731 6326 6402 6403 6327
8299 5 2 2 8 4731 4807 4808 4732 6327 6403 6404 6328
8300 5 2 2 8 4732 4808 4809 4733 6328 6404 6405 6329
8301 5 2 2 8 4733 4809 4810 4734 6329 6405 6406 6330
8302 5 2 2 8 4734 4810 4811 4735 6330 6406 6407 6331
8303 5 2 2 8 4735 4811 4812 4736 6331 6407 6408 6332
8304 5 2 2 8 4736 4812 4813 4737 6332 6408 6409 6333
8305 5 2 2 8 4737 4813 4814 4738 6333 6409 6410 6334
8306 5 2 2 8 4738 4814 4815 4739 6334 6410 6411 6335
8307 5 2 2 8 4739 4815 4816 4740 6335 6411 6412 6336
8308 5 2 2 8 4740 4816 4817 4741 6336 6412 6413 6337
8309 5 2 2 8 4741 4817 4818 4742 6337 6413 6414 6338
8310 5 2 2 8 4742 4818 4819 4743 6338 6414 6415 6339
8311 5 2 2 8 4743 4819 4820 4744 6339 6415 6416 6340
8312 5 2 2 8 4744 4820 4821 4745 6340 6416 6417 6341
8313 5 2 2 8 4745 4821 4822 4746 6341 6417 6418 6342
8314 5 2 2 8 4746 4822 4823 4747 6342 6418 6419 6343
8315 5 2 2 8 4747 4823 4824 4748 6343 6419 6420 6344
8316 5 2 2 8 4748 4824 4825 4749 6344 6420 6421 6345
8317 5 2 2 8 4749 4825 4826 4750 6345 6421 6422 6346
8318 5 2 2 8 4750 4826 4827 4751 6346 6422 6423 6347
8319 5 2 2 8 4751 4827 4828 4752 6347 6423 6424 6348
8320 5 2 2 8 4752 4828 4829 4753 6348 6424 6425 6349
8321 5 2 2 8 4753 4829 4830 4754 6349 6425 6426 6350
8322 5 2 2 8 4754 4830 4831 4755 6350 6426 6427 6351
8323 5 2 2 8 4755 4831 4832 4756 6351 6427 6428 6352
8324 5 2 2 8 4756 4832 4833 4757 6352 6428 6429 6353
8325 5 2 2 8 4757 4833 4834 4758 6353 6429 6430 6354
8326 5 2 2 8 4758 4834 4835 4759 6354 6430 6431 6355
8327 5 2 2 8 4759 4835 4836 4760 6355 6431 6432 6356
8328 5 2 2 8 4760 4836 916 917 6356 6432 1262 1263
8329 5 2 2 8 879 880 4837 4761 1225 1226 6433 6357
8330 5 2 2 8 4761 4837 4838 4762 6357 6433 6434 6358
8331 5 2 2 8 4762 4838 4839 4763 6358 6434 6435 6359
8332 5 2 2 8 4763 4839 4840 4764 6359 6435 6436 6360
8333 5 2 2 8 4764 4840 4841 4765 6360 6436 6437 6361
8334 5 2 2 8 4765 4841 4842 4766 6361 6437 6438 6362
8335 5 2 2 8 4766 4842 4843 4767 6362 6438 6439 6363
8336 5 2 2 8 4767 4843 4844 4768 6363 6439 6440 6364
8337 5 2 2 8 4768 4844 4845 4769 6364 6440 6441 6365
8338 5 2 2 8 4769 4845 4846 4770 6365 6441 6442 6366
8339 5 2 2 8 4770 4846 4847 4771 6366 6442 6443 6367
8340 5 2 2 8 4771 4847 4848 4772 6367 6443 6444 6368
8341 5 2 2 8 4772 4848 4849 4773 6368 6444 6445 6369
8342 5 2 2 8 4773 4849 4850 4774 6369 6445 6446 6370
8343 5 2 2 8 4774 4850 4851 4775 6370 6446 6447 6371
8344 5 2 2 8 4775 4851 4852 4776 6371 6447 6448 6372
8345 5 2 2 8 4776 4852 4853 4777 6372 6448 6449 6373
8346 5 2 2 8 4777 4853 4854 4778 6373 6449 6450 6374
8347 5 2 2 8 4778 4854 4855 4779 6374 6450 6451 6375
8348 5 2 2 8 4779 4855 4856 4780 6375 6451 6452 6376
8349 5 2 2 8 4780 4856 4857 4781 6376 6452 6453 6377
8350 5 2 2 8 4781 4857 4858 4782 6377 6453 6454 6378
8351 5 2 2 8 4782 4858 4859 4783 6378 6454 6455 6379
8352 5 2 2 8 4783 4859 4860 4784 6379 6455 6456 6380
8353 5 2 2 8 4784 4860 4861 4785 6380 6456 6457 6381
8354 5 2 2 8 4785 4861 4862 4786 6381 6457 6458 6382
8355 5 2 2 8 4786 4862 4863 4787 6382 6458 6459 6383
8356 5 2 2 8 4787 4863 4864 4788 6383 6459 6460 6384
8357 5 2 2 8 4788 4864 4865 4789 6384 6460 6461 6385
8358 5 2 2 8 4789 4865 4866 4790 6385 6461 6462 6386
8359 5 2 2 8 4790 4866 4867 4791 6386 6462 6463 6387
8360 5 2 2 8 4791 4867 4868 4792 6387 6463 6464 6388
8361 5 2 2 8 4792 4868 4869 4793 6388 6464 6465 6389
8362 5 2 2 8 4793 4869 4870 4794 6389 6465 6466 6390
8363 5 2 2 8 4794 4870 4871 4795 6390 6466 6467 6391
8364 5 2 2 8 4795 4871 4872 4796 6391 6467 6468 6392
8365 5 2 2 8 4796 4872 4873 4797 6392 6468 6469 6393
8366 5 2 2 8 4797 4873 4874 4798 6393 6469 6470 6394
8367 5 2 2 8 4798 4874 4875 4799 6394 6470 6471 6395
8368 5 2 2 8 4799 4875 4876 4800 6395 6471 6472 6396
8369 5 2 2 8 4800 4876 4877 4801 6396 6472 6473 6397
8370 5 2 2 8 4801 4877 4878 4802 6397 6473 6474 6398
8371 5 2 2 8 4802 4878 4879 4803 6398 6474 6475 6399
8372 5 2 2 8 4803 4879 4880 4804 6399 6475 6476 6400
8373 5 2 2 8 4804 4880 4881 4805 6400 6476 6477 6401
8374 5 2 2 8 4805 4881 4882 4806 6401 6477 6478 6402
8375 5 2 2 8 4806 4882 4883 4807 6402 6478 6479 6403
8376 5 2 2 8 4807 4883 4884 4808 6403 6479 6480 6404
8377 5 2 2 8 4808 4884 4885 4809 6404 6480 6481 6405
8378 5 2 2 8 4809 4885 4886 4810 6405 6481 6482 6406
8379 5 2 2 8 4810 4886 4887 4811 6406 6482 6483 6407
8380 5 2 2 8 4811 4887 4888 4812 6407 6483 6484 6408
8381 5 2 2 8 4812 4888 4889 4813 6408 6484 6485 6409
8382 5 2 2 8 4813 4889 4890 4814 6409 6485 6486 6410
8383 5 2 2 8 4814 4890 4891 4815 6410 6486 6487 6411
8384 5 2 2 8 4815 4891 4892 4816 6411 6487 6488 6412
8385 5 2 2 8 4816 4892 4893 4817 6412 6488 6489 6413
8386 5 2 2 8 4817 4893 4894 4818 6413 6489 6490 6414
8387 5 2 2 8 4818 4894 4895 4819 6414 6490 6491 6415
8388 5 2 2 8 4819 4895 4896 4820 6415 6491 6492 6416
8389 5 2 2 8 4820 4896 4897 4821 6416 6492 6493 6417
8390 5 2 2 8 4821 4897 4898 4822 6417 6493 6494 6418
8391 5 2 2 8 4822 4898 4899 4823 6418 6494 6495 6419
8392 5 2 2 8 4823 4899 4900 4824 6419 6495 6496 6420
8393 5 2 2 8 4824 4900 4901 4825 6420 6496 6497 6421
8394 5 2 2 8 4825 4901 4902 4826 6421 6497 6498 6422
8395 5 2 2 8 4826 4902 4903 4827 6422 6498 6499 6423
8396 5 2 2 8 4827 4903 4904 4828 6423 6499 6500 6424
8397 5 2 2 8 4828 4904 4905 4829 6424 6500 6501 6425
8398 5 2 2 8 4829 4905 4906 4830 6425 6501 6502 6426
8399 5 2 2 8 4830 4906 4907 4831 6426 6502 6503 6427
8400 5 2 2 8 4831 4907 4908 4832 6427 6503 6504 6428
8401 5 2 2 8 4832 4908 4909 4833 6428 6504 6505 6429
8402 5 2 2 8 4833 4909 4910 4834 6429 6505 6506 6430
8403 5 2 2 8 4834 4910 4911 4835 6430 6506 6507 6431
8404 5 2 2 8 4835 4911 4912 4836 6431 6507 6508 6432
8405 5 2 2 8 4836 4912 915 916 6432 6508 1261 1262
8406 5 2 2 8 880 881 4913 4837 1226 1227 6509 6433
8407 5 2 2 8 4837 4913 4914 4838 6433 6509 6510 6434
8408 5 2 2 8 4838 4914 4915 4839 6434 6510 6511 6435
8409 5 2 2 8 4839 4915 4916 4840 6435 6511 6512 6436
8410 5 2 2 8 4840 4916 4917 4841 6436 6512 6513 6437
8411 5 2 2 8 4841 4917 4918 4842 6437 6513 6514 6438
8412 5 2 2 8 4842 4918 4919 4843 6438 6514 6515 6439
8413 5 2 2 8 4843 4919 4920 4844 6439 6515 6516 6440
8414 5 2 2 8 4844 4920 4921 4845 6440 6516 6517 6441
8415 5 2 2 8 4845 4921 4922 4846 6441 6517 6518 6442
8416 5 2 2 8 4846 4922 4923 4847 6442 6518 6519 6443
8417 5 2 2 8 4847 4923 4924 4848 6443 6519 6520 6444
8418 5 2 2 8 4848 4924 4925 4849 6444 6520 6521 6445
8419 5 2 2 8 4849 4925 4926 4850 6445 6521 6522 6446
8420 5 2 2 8 4850 4926 4927 4851 6446 6522 6523 6447
8421 5 2 2 8 4851 4927 4928 4852 6447 6523 6524 6448
8422 5 2 2 8 4852 4928 4929 4853 6448 6524 6525 6449
8423 5 2 2 8 4853 4929 4930 4854 6449 6525 6526 6450
8424 5 2 2 8 4854 4930 4931 4855 6450 6526 6527 6451
8425 5 2 2 8 4855 4931 4932 4856 6451 6527 6528 6452
8426 5 2 2 8 4856 4932 4933 4857 6452 6528 6529 6453
8427 5 2 2 8 4857 4933 4934 4858 6453 6529 6530 6454
8428 5 2 2 8 4858 4934 4935 4859 6454 6530 6531 6455
8429 5 2 2 8 4859 4935 4936 4860 6455 6531 6532 6456
8430 5 2 2 8 4860 4936 4937 4861 6456 6532 6533 6457
8431 5 2 2 8 4861 4937 4938 4862 6457 6533 6534 6458
8432 5 2 2 8 4862 4938 4939 4863 6458 6534 6535 6459
8433 5 2 2 8 4863 4939 4940 4864 6459 6535 6536 6460
8434 5 2 2 8 4864 4940 4941 4865 6460 6536 6537 6461
8435 5 2 2 8 4865 4941 4942 4866 6461 6537 6538 6462
8436 5 2 2 8 4866 4942 4943 4867 6462 6538 6539 6463
8437 5 2 2 8 4867 4943 4944 4868 6463 6539 6540 6464
8438 5 2 2 8 4868 4944 4945 4869 6464 6540 6541 6465
8439 5 2 2 8 4869 4945 4946 4870 6465 6541 6542 6466
8440 5 2 2 8 4870 4946 4947 4871 6466 6542 6543 6467
8441 5 2 2 8 4871 4947 4948 4872 6467 6543 6544 6468
8442 5 2 2 8 4872 4948 4949 4873 6468 6544 6545 6469
8443 5 2 2 8 4873 4949 4950 4874 6469 6545 6546 6470
8444 5 2 2 8 4874 4950 4951 4875 6470 6546 6547 6471
8445 5 2 2 8 4875 4951 4952 4876 6471 6547 6548 6472
8446 5 2 2 8 4876 4952 4953 4877 6472 6548 6549 6473
8447 5 2 2 8 4877 4953 4954 4878 6473 6549 6550 6474
8448 5 2 2 8 4878 4954 4955 4879 6474 6550 6551 6475
8449 5 2 2 8 4879 4955 4956 4880 6475 6551 6552 6476
8450 5 2 2 8 4880 4956 4957 4881 6476 6552 6553 6477
8451 5 2 2 8 4881 4957 4958 4882 6477 6553 6554 6478
8452 5 2 2 8 4882 4958 4959 4883 6478 6554 6555 6479
8453 5 2 2 8 4883 4959 4960 4884 6479 6555 6556 6480
8454 5 2 2 8 4884 4960 4961 4885 6480 6556 6557 6481
8455 5 2 2 8 4885 4961 4962 4886 6481 6557 6558 6482
8456 5 2 2 8 4886 4962 4963 4887 6482 6558 6559 6483
8457 5 2 2 8 4887 4963 4964 4888 6483 6559 6560 6484
8458 5 2 2 8 4888 4964 4965 4889 6484 6560 6561 6485
8459 5 2 2 8 4889 4965 4966 4890 6485 6561 6562 6486
8460 5 2 2 8 4890 4966 4967 4891 6486 6562 6563 6487
8461 5 2 2 8 4891 4967 4968 4892 6487 6563 6564 6488
8462 5 2 2 8 4892 4968 4969 4893 6488 6564 6565 6489
8463 5 2 2 8 4893 4969 4970 4894 6489 6565 6566 6490
8464 5 2 2 8 4894 4970 4971 4895 6490 6566 6567 6491
8465 5 2 2 8 4895 4971 4972 4896 6491 6567 6568 6492
8466 5 2 2 8 4896 4972 4973 4897 6492 6568 6569 6493
8467 5 2 2 8 4897 4973 4974 4898 6493 6569 6570 6494
8468 5 2 2 8 4898 4974 4975 4899 6494 6570 6571 6495
8469 5 2 2 8 4899 4975 4976 4900 6495 6571 6572 6496
8470 5 2 2 8 4900 4976 4977 4901 6496 6572 6573 6497
8471 5 2 2 8 4901 4977 4978 4902 6497 6573 6574 6498
8472 5 2 2 8 4902 4978 4979 4903 6498 6574 6575 6499
8473 5 2 2 8 4903 4979 4980 4904 6499 6575 6576 6500
8474 5 2 2 8 4904 4980 4981 4905 6500 6576 6577 6501
8475 5 2 2 8 4905 4981 4982 4906 6501 6577 6578 6502
8476 5 2 2 8 4906 4982 4983 4907 6502 6578 6579 6503
8477 5 2 2 8 4907 4983 4984 4908 6503 6579 6580 6504
8478 5 2 2 8 4908 4984 4985 4909 6504 6580 6581 6505
8479 5 2 2 8 4909 4985 4986 4910 6505 6581 6582 6506
8480 5 2 2 8 4910 4986 4987 4911 6506 6582 6583 6507
8481 5 2 2 8 4911 4987 4988 4912 6507 6583 6584 6508
8482 5 2 2 8 4912 4988 914 915 6508 6584 1260 1261
8483 5 2 2 8 881 882 4989 4913 1227 1228 6585 6509
8484 5 2 2 8 4913 4989 4990 4914 6509 6585 6586 6510
8485 5 2 2 8 4914 4990 4991 4915 6510 6586 6587 6511
8486 5 2 2 8 4915 4991 4992 4916 6511 6587 6588 6512
8487 5 2 2 8 4916 4992 4993 4917 6512 6588 6589 6513
8488 5 2 2 8 4917 4993 4994 4918 6513 6589 6590 6514
8489 5 2 2 8 4918 4994 4995 4919 6514 6590 6591 6515
8490 5 2 2 8 4919 4995 4996 4920 6515 6591 6592 6516
8491 5 2 2 8 4920 4996 4997 4921 6516 6592 6593 6517
8492 5 2 2 8 4921 4997 4998 4922 6517 6593 6594 6518
8493 5 2 2 8 4922 4998 4999 4923 6518 6594 6595 6519
8494 5 2 2 8 4923 4999 5000 4924 6519 6595 6596 6520
8495 5 2 2 8 4924 5000 5001 4925 6520 6596 6597 6521
8496 5 2 2 8 4925 5001 5002 4926 6521 6597 6598 6522
8497 5 2 2 8 4926 5002 5003 4927 6522 6598 6599 6523
8498 5 2 2 8 4927 5003 5004 4928 6523 6599 6600 6524
8499 5 2 2 8 4928 5004 5005 4929 6524 6600 6601 6525
8500 5 2 2 8 4929 5005 5006 4930 6525 6601 6602 6526
8501 5 2 2 8 4930 5006 5007 4931 6526 6602 6603 6527
8502 5 2 2 8 4931 5007 5008 4932 6527 6603 6604 6528
8503 5 2 2 8 4932 5008 5009 4933 6528 6604 6605 6529
8504 5 2 2 8 4933 5009 5010 4934 6529 6605 6606 6530
8505 5 2 2 8 4934 5010 5011 4935 6530 6606 6607 6531
8506 5 2 2 8 4935 5011 5012 4936 6531 6607 6608 6532
8507 5 2 2 8 4936 5012 5013 4937 6532 6608 6609 6533
8508 5 2 2 8 4937 5013 5014 4938 6533 6609 6610 6534
8509 5 2 2 8 4938 5014 5015 4939 6534 6610 6611 6535
8510 5 2 2 8 4939 5015 5016 4940 6535 6611 6612 6536
8511 5 2 2 8 4940 5016 5017 4941 6536 6612 6613 6537
8512 5 2 2 8 4941 5017 5018 4942 6537 6613 6614 6538
8513 5 2 2 8 4942 5018 5019 4943 6538 6614 6615 6539
8514 5 2 2 8 4943 5019 5020 4944 6539 6615 6616 6540
8515 5 2 2 8 4944 5020 5021 4945 6540 6616 6617 6541
8516 5 2 2 8 4945 5021 5022 4946 6541 6617 6618 6542
8517 5 2 2 8 4946 5022 5023 4947 6542 6618 6619 6543
8518 5 2 2 8 4947 5023 5024 4948 6543 6619 6620 6544
8519 5 2 2 8 4948 5024 5025 4949 6544 6620 6621 6545
8520 5 2 2 8 4949 5025 5026 4950 6545 6621 6622 6546
8521 5 2 2 8 4950 5026 5027 4951 6546 6622 6623 6547
8522 5 2 2 8 4951 5027 5028 4952 6547 6623 6624 6548
8523 5 2 2 8 4952 5028 5029 4953 6548 6624 6625 6549
8524 5 2 2 8 4953 5029 5030 4954 6549 6625 6626 6550
8525 5 2 2 8 4954 5030 5031 4955 6550 6626 6627 6551
8526 5 2 2 8 4955 5031 5032 4956 6551 6627 6628 6552
8527 5 2 2 8 4956 5032 5033 4957 6552 6628 6629 6553
8528 5 2 2 8 4957 5033 5034 4958 6553 6629 6630 6554
8529 5 2 2 8 4958 5034 5035 4959 6554 6630 6631 6555
8530 5 2 2 8 4959 5035 5036 4960 6555 6631 6632 6556
8531 5 2 2 8 4960 5036 5037 4961 6556 6632 6633 6557
8532 5 2 2 8 4961 5037 5038 4962 6557 6633 6634 6558
8533 5 2 2 8 4962 5038 5039 4963 6558 6634 6635 6559
8534 5 2 2 8 4963 5039 5040 4964 6559 6635 6636 6560
8535 5 2 2 8 4964 5040 5041 4965 6560 6636 6637 6561
8536 5 2 2 8 4965 5041 5042 4966 6561 6637 6638 6562
8537 5 2 2 8 4966 5042 5043 4967 6562 6638 6639 6563
8538 5 2 2 8 4967 5043 5044 4968 6563 6639 6640 6564
8539 5 2 2 8 4968 5044 5045 4969 6564 6640 6641 6565
8540 5 2 2 8 4969 5045 5046 4970 6565 6641 6642 6566
8541 5 2 2 8 4970 5046 5047 4971 6566 6642 6643 6567
8542 5 2 2 8 4971 5047 5048 4972 6567 6643 6644 6568
8543 5 2 2 8 4972 5048 5049 4973 6568 6644 6645 6569
8544 5 2 2 8 4973 5049 5050 4974 6569 6645 6646 6570
8545 5 2 2 8 4974 5050 5051 4975 6570 6646 6647 6571
8546 5 2 2 8 4975 5051 5052 4976 6571 6647 6648 6572
8547 5 2 2 8 4976 5052 5053 4977 6572 6648 6649 6573
8548 5 2 2 8 4977 5053 5054 4978 6573 6649 6650 6574
8549 5 2 2 8 4978 5054 5055 4979 6574 6650 6651 6575
8550 5 2 2 8 4979 5055 5056 4980 6575 6651 6652 6576
8551 5 2 2 8 4980 5056 5057 4981 6576 6652 6653 6577
8552 5 2 2 8 4981 5057 5058 4982 6577 6653 6654 6578
8553 5 2 2 8 4982 5058 5059 4983 6578 6654 6655 6579
8554 5 2 2 8 4983 5059 5060 4984 6579 6655 6656 6580
8555 5 2 2 8 4984 5060 5061 4985 6580 6656 6657 6581
8556 5 2 2 8 4985 5061 5062 4986 6581 6657 6658 6582
8557 5 2 2 8 4986 5062 5063 4987 6582 6658 6659 6583
8558 5 2 2 8 4987 5063 5064 4988 6583 6659 6660 6584
8559 5 2 2 8 4988 5064 913 914 6584 6660 1259 1260
8560 5 2 2 8 882 883 5065 4989 1228 1229 6661 6585
8561 5 2 2 8 4989 5065 5066 4990 6585 6661 6662 6586
8562 5 2 2 8 4990 5066 5067 4991 6586 6662 6663 6587
8563 5 2 2 8 4991 5067 5068 4992 6587 6663 6664 6588
8564 5 2 2 8 4992 5068 5069 4993 6588 6664 6665 6589
8565 5 2 2 8 4993 5069 5070 4994 6589 6665 6666 6590
8566 5 2 2 8 4994 5070 5071 4995 6590 6666 6667 6591
8567 5 2 2 8 4995 5071 5072 4996 6591 6667 6668 6592
8568 5 2 2 8 4996 5072 5073 4997 6592 6668 6669 6593
8569 5 2 2 8 4997 5073 5074 4998 6593 6669 6670 6594
8570 5 2 2 8 4998 5074 5075 4999 6594 6670 6671 6595
8571 5 2 2 8 4999 5075 5076 5000 6595 6671 6672 6596
8572 5 2 2 8 5000 5076 5077 5001 6596 6672 6673 6597
8573 5 2 2 8 5001 5077 5078 5002 6597 6673 6674 6598
8574 5 2 2 8 5002 5078 5079 5003 6598 6674 6675 6599
8575 5 2 2 8 5003 5079 5080 5004 6599 6675 6676 6600
8576 5 2 2 8 5004 5080 5081 5005 6600 6676 6677 6601
8577 5 2 2 8 5005 5081 5082 5006 6601 6677 6678 6602
8578 5 2 2 8 5006 5082 5083 5007 6602 6678 6679 6603
8579 5 2 2 8 5007 5083 5084 5008 6603 6679 6680 6604
8580 5 2 2 8 5008 5084 5085 5009 6604 6680 6681 6605
8581 5 2 2 8 5009 5085 5086 5010 6605 6681 6682 6606
8582 5 2 2 8 5010 5086 5087 5011 6606 6682 6683 6607
8583 5 2 2 8 5011 5087 5088 5012 6607 6683 6684 6608
8584 5 2 2 8 5012 5088 5089 5013 6608 6684 6685 6609
8585 5 2 2 8 5013 5089 5090 5014 6609 6685 6686 6610
8586 5 2 2 8 5014 5090 5091 5015 6610 6686 6687 6611
8587 5 2 2 8 5015 5091 5092 5016 6611 6687 6688 6612
8588 5 2 2 8 5016 5092 5093 5017 6612 6688 6689 6613
8589 5 2 2 8 5017 5093 5094 5018 6613 6689 6690 6614
8590 5 2 2 8 5018 5094 5095 5019 6614 6690 6691 6615
8591 5 2 2 8 5019 5095 5096 5020 6615 6691 6692 6616
8592 5 2 2 8 5020 5096 5097 5021 6616 6692 6693 6617
8593 5 2 2 8 5021 5097 5098 5022 6617 6693 6694 6618
8594 5 2 2 8 5022 5098 5099 5023 6618 6694 6695 6619
8595 5 2 2 8 5023 5099 5100 5024 6619 6695 6696 6620
8596 5 2 2 8 5024 5100 5101 5025 6620 6696 6697 6621
8597 5 2 2 8 5025 5101 5102 5026 6621 6697 6698 6622
8598 5 2 2 8 5026 5102 5103 5027 6622 6698 6699 6623
8599 5 2 2 8 5027 5103 5104 5028 6623 6699 6700 6624
8600 5 2 2 8 5028 5104 5105 5029 6624 6700 6701 6625
8601 5 2 2 8 5029 5105 5106 5030 6625 6701 6702 6626
8602 5 2 2 8 5030 5106 5107 5031 6626 6702 6703 6627
8603 5 2 2 8 5031 5107 5108 5032 6627 6703 6704 6628
8604 5 2 2 8 5032 5108 5109 5033 6628 6704 6705 6629
8605 5 2 2 8 5033 5109 5110 5034 6629 6705 6706 6630
8606 5 2 2 8 5034 5110 5111 5035 6630 6706 6707 6631
8607 5 2 2 8 5035 5111 5112 5036 6631 6707 6708 6632
8608 5 2 2 8 5036 5112 5113 5037 6632 6708 6709 6633
8609 5 2 2 8 5037 5113 5114 5038 6633 6709 6710 6634
8610 5 2 2 8 5038 5114 5115 5039 6634 6710 6711 6635
8611 5 2 2 8 5039 5115 5116 5040 6635 6711 6712 6636
8612 5 2 2 8 5040 5116 5117 5041 6636 6712 6713 6637
8613 5 2 2 8 5041 5117 5118 5042 6637 6713 6714 6638
8614 5 2 2 8 5042 5118 5119 5043 6638 6714 6715 6639
8615 5 2 2 8 5043 5119 5120 5044 6639 6715 6716 6640
8616 5 2 2 8 5044 5120 5121 5045 6640 6716 6717 6641
8617 5 2 2 8 5045 5121 5122 5046 6641 6717 6718 6642
8618 5 2 2 8 5046 5122 5123 5047 6642 6718 6719 6643
8619 5 2 2 8 5047 5123 5124 5048 6643 6719 6720 6644
8620 5 2 2 8 5048 5124 5125 5049 6644 6720 6721 6645
8621 5 2 2 8 5049 5125 5126 5050 6645 6721 6722 6646
8622 5 2 2 8 5050 5126 5127 5051 6646 6722 6723 6647
8623 5 2 2 8 5051 5127 5128 5052 6647 6723 6724 6648
8624 5 2 2 8 5052 5128 5129 5053 6648 6724 6725 6649
8625 5 2 2 8 5053 5129 5130 5054 6649 6725 6726 6650
8626 5 2 2 8 5054 5130 5131 5055 6650 6726 6727 6651
8627 5 2 2 8 5055 5131 5132 5056 6651 6727 6728 6652
8628 5 2 2 8 5056 5132 5133 5057 6652 6728 6729 6653
8629 5 2 2 8 5057 5133 5134 5058 6653 6729 6730 6654
8630 5 2 2 8 5058 5134 5135 5059 6654 6730 6731 6655
8631 5 2 2 8 5059 5135 5136 5060 6655 6731 6732 6656
8632 5 2 2 8 5060 5136 5137 5061 6656 6732 6733 6657
8633 5 2 2 8 5061 5137 5138 5062 6657 6733 6734 6658
8634 5 2 2 8 5062 5138 5139 5063 6658 6734 6735 6659
8635 5 2 2 8 5063 5139 5140 5064 6659 6735 6736 6660
8636 5 2 2 8 5064 5140 912 913 6660 6736 1258 1259
8637 5 2 2 8 883 884 5141 5065 1229 1230 6737 6661
8638 5 2 2 8 5065 5141 5142 5066 6661 6737 6738 6662
8639 5 2 2 8 5066 5142 5143 5067 6662 6738 6739 6663
8640 5 2 2 8 5067 5143 5144 5068 6663 6739 6740 6664
8641 5 2 2 8 5068 5144 5145 5069 6664 6740 6741 6665
8642 5 2 2 8 5069 5145 5146 5070 6665 6741 6742 6666
8643 5 2 2 8 5070 5146 5147 5071 6666 6742 6743 6667
8644 5 2 2 8 5071 5147 5148 5072 6667 6743 6744 6668
8645 5 2 2 8 5072 5148 5149 5073 6668 6744 6745 6669
8646 5 2 2 8 5073 5149 5150 5074 6669 6745 6746 6670
8647 5 2 2 8 5074 5150 5151 5075 6670 6746 6747 6671
8648 5 2 2 8 5075 5151 5152 5076 6671 6747 6748 6672
8649 5 2 2 8 5076 5152 5153 5077 6672 6748 6749 6673
8650 5 2 2 8 5077 5153 5154 5078 6673 6749 6750 6674
8651 5 2 2 8 5078 5154 5155 5079 6674 6750 6751 6675
8652 5 2 2 8 5079 5155 5156 5080 6675 6751 6752 6676
8653 5 2 2 8 5080 5156 5157 5081 6676 6752 6753 6677
8654 5 2 2 8 5081 5157 5158 5082 6677 6753 6754 6678
8655 5 2 2 8 5082 5158 5159 5083 6678 6754 6755 6679
8656 5 2 2 8 5083 5159 5160 5084 6679 6755 6756 6680
8657 5 2 2 8 5084 5160 5161 5085 6680 6756 6757 6681
8658 5 2 2 8 5085 5161 5162 5086 6681 6757 6758 6682
8659 5 2 2 8 5086 5162 5163 5087 6682 6758 6759 6683
8660 5 2 2 8 5087 5163 5164 5088 6683 6759 6760 6684
8661 5 2 2 8 5088 5164 5165 5089 6684 6760 6761 6685
8662 5 2 2 8 5089 5165 5166 5090 6685 6761 6762 6686
8663 5 2 2 8 5090 5166 5167 5091 6686 6762 6763 6687
8664 5 2 2 8 5091 5167 5168 5092 6687 6763 6764 6688
8665 5 2 2 8 5092 5168 5169 5093 6688 6764 6765 6689
8666 5 2 2 8 5093 5169 5170 5094 6689 6765 6766 6690
8667 5 2 2 8 5094 5170 5171 5095 6690 6766 6767 6691
8668 5 2 2 8 5095 5171 5172 5096 6691 6767 6768 6692
8669 5 2 2 8 5096 5172 5173 5097 6692 6768 6769 6693
8670 5 2 2 8 5097 5173 5174 5098 6693 6769 6770 6694
8671 5 2 2 8 5098 5174 5175 5099 6694 6770 6771 6695
8672 5 2 2 8 5099 5175 5176 5100 6695 6771 6772 6696
8673 5 2 2 8 5100 5176 5177 5101 6696 6772 6773 6697
8674 5 2 2 8 5101 5177 5178 5102 6697 6773 6774 6698
8675 5 2 2 8 5102 5178 5179 5103 6698 6774 6775 6699
8676 5 2 2 8 5103 5179 5180 5104 6699 6775 6776 6700
8677 5 2 2 8 5104 5180 5181 5105 6700 6776 6777 6701
8678 5 2 2 8 5105 5181 5182 5106 6701 6777 6778 6702
8679 5 2 2 8 5106 5182 5183 5107 6702 6778 6779 6703
8680 5 2 2 8 5107 5183 5184 5108 6703 6779 6780 6704
8681 5 2 2 8 5108 5184 5185 5109 6704 6780 6781 6705
8682 5 2 2 8 5109 5185 5186 5110 6705 6781 6782 6706
8683 5 2 2 8 5110 5186 5187 5111 6706 6782 6783 6707
8684 5 2 2 8 5111 5187 5188 5112 6707 6783 6784 6708
8685 5 2 2 8 5112 5188 5189 5113 6708 6784 6785 6709
8686 5 2 2 8 5113 5189 5190 5114 6709 6785 6786 6710
8687 5 2 2 8 5114 5190 5191 5115 6710 6786 6787 6711
8688 5 2 2 8 5115 5191 5192 5116 6711 6787 6788 6712
8689 5 2 2 8 5116 5192 5193 5117 6712 6788 6789 6713
8690 5 2 2 8 5117 5193 5194 5118 6713 6789 6790 6714
8691 5 2 2 8 5118 5194 5195 5119 6714 6790 6791 6715
8692 5 2 2 8 5119 5195 5196 5120 6715 6791 6792 6716
8693 5 2 2 8 5120 5196 5197 5121 6716 6792 6793 6717
8694 5 2 2 8 5121 5197 5198 5122 6717 6793 6794 6718
8695 5 2 2 8 5122 5198 5199 5123 6718 6794 6795 6719
8696 5 2 2 8 5123 5199 5200 5124 6719 6795 6796 6720
8697 5 2 2 8 5124 5200 5201 5125 6720 6796 6797 6721
8698 5 2 2 8 5125 5201 5202 5126 6721 6797 6798 6722
8699 5 2 2 8 5126 5202 5203 5127 6722 6798 6799 6723
8700 5 2 2 8 5127 5203 5204 5128 6723 6799 6800 6724
8701 5 2 2 8 5128 5204 5205 5129 6724 6800 6801 6725
8702 5 2 2 8 5129 5205 5206 5130 6725 6801 6802 6726
8703 5 2 2 8 5130 5206 5207 5131 6726 6802 6803 6727
8704 5 2 2 8 5131 5207 5208 5132 6727 6803 6804 6728
8705 5 2 2 8 5132 5208 5209 5133 6728 6804 6805 6729
8706 5 2 2 8 5133 5209 5210 5134 6729 6805 6806 6730
8707 5 2 2 8 5134 5210 5211 5135 6730 6806 6807 6731
8708 5 2 2 8 5135 5211 5212 5136 6731 6807 6808 6732
8709 5 2 2 8 5136 5212 5213 5137 6732 6808 6809 6733
8710 5 2 2 8 5137 5213 5214 5138 6733 6809 6810 6734
8711 5 2 2 8 5138 5214 5215 5139 6734 6810 6811 6735
8712 5 2 2 8 5139 5215 5216 5140 6735 6811 6812 6736
8713 5 2 2 8 5140 5216 911 912 6736 6812 1257 1258
8714 5 2 2 8 884 885 5217 5141 1230 1231 6813 6737
8715 5 2 2 8 5141 5217 5218 5142 6737 6813 6814 6738
8716 5 2 2 8 5142 5218 5219 5143 6738 6814 6815 6739
8717 5 2 2 8 5143 5219 5220 5144 6739 6815 6816 6740
8718 5 2 2 8 5144 5220 5221 5145 6740 6816 6817 6741
8719 5 2 2 8 5145 5221 5222 5146 6741 6817 6818 6742
8720 5 2 2 8 5146 5222 5223 5147 6742 6818 6819 6743
8721 5 2 2 8 5147 5223 5224 5148 6743 6819 6820 6744
8722 5 2 2 8 5148 5224 5225 5149 6744 6820 6821 6745
8723 5 2 2 8 5149 5225 5226 5150 6745 6821 6822 6746
8724 5 2 2 8 5150 5226 5227 5151 6746 6822 6823 6747
8725 5 2 2 8 5151 5227 5228 5152 6747 6823 6824 6748
8726 5 2 2 8 5152 5228 5229 5153 6748 6824 6825 6749
8727 5 2 2 8 5153 5229 5230 5154 6749 6825 6826 6750
8728 5 2 2 8 5154 5230 5231 5155 6750 6826 6827 6751
8729 5 2 2 8 5155 5231 5232 5156 6751 6827 6828 6752
8730 5 2 2 8 5156 5232 5233 5157 6752 6828 6829 6753
8731 5 2 2 8 5157 5233 5234 5158 6753 6829 6830 6754
8732 5 2 2 8 5158 5234 5235 5159 6754 6830 6831 6755
8733 5 2 2 8 5159 5235 5236 5160 6755 6831 6832 6756
8734 5 2 2 8 5160 5236 5237 5161 6756 6832 6833 6757
8735 5 2 2 8 5161 5237 5238 5162 6757 6833 6834 6758
8736 5 2 2 8 5162 5238 5239 5163 6758 6834 6835 6759
8737 5 2 2 8 5163 5239 5240 5164 6759 6835 6836 6760
8738 5 2 2 8 5164 5240 5241 5165 6760 6836 6837 6761
8739 5 2 2 8 5165 5241 5242 5166 6761 6837 6838 6762
8740 5 2 2 8 5166 5242 5243 5167 6762 6838 6839 6763
8741 5 2 2 8 5167 5243 5244 5168 6763 6839 6840 6764
8742 5 2 2 8 5168 5244 5245 5169 6764 6840 6841 6765
8743 5 2 2 8 5169 5245 5246 5170 6765 6841 6842 6766
8744 5 2 2 8 5170 5246 5247 5171 6766 6842 6843 6767
8745 5 2 2 8 5171 5247 5248 5172 6767 6843 6844 6768
8746 5 2 2 8 5172 5248 5249 5173 6768 6844 6845 6769
8747 5 2 2 8 5173 5249 5250 5174 6769 6845 6846 6770
8748 5 2 2 8 5174 5250 5251 5175 6770 6846 6847 6771
8749 5 2 2 8 5175 5251 5252 5176 6771 6847 6848 6772
8750 5 2 2 8 5176 5252 5253 5177 6772 6848 6849 6773
8751 5 2 2 8 5177 5253 5254 5178 6773 6849 6850 6774
8752 5 2 2 8 5178 5254 5255 5179 6774 6850 6851 6775
8753 5 2 2 8 5179 5255 5256 5180 6775 6851 6852 6776
8754 5 2 2 8 5180 5256 5257 5181 6776 6852 6853 6777
8755 5 2 2 8 5181 5257 5258 5182 6777 6853 6854 6778
8756 5 2 2 8 5182 5258 5259 5183 6778 6854 6855 6779
8757 5 2 2 8 5183 5259 5260 5184 6779 6855 6856 6780
8758 5 2 2 8 5184 5260 5261 5185 6780 6856 6857 6781
8759 5 2 2 8 5185 5261 5262 5186 6781 6857 6858 6782
8760 5 2 2 8 5186 5262 5263 5187 6782 6858 6859 6783
8761 5 2 2 8 5187 5263 5264 5188 6783 6859 6860 6784
8762 5 2 2 8 5188 5264 5265 5189 6784 6860 6861 6785
8763 5 2 2 8 5189 5265 5266 5190 6785 6861 6862 6786
8764 5 2 2 8 5190 5266 5267 5191 6786 6862 6863 6787
8765 5 2 2 8 5191 5267 5268 5192 6787 6863 6864 6788
8766 5 2 2 8 5192 5268 5269 5193 6788 6864 6865 6789
8767 5 2 2 8 5193 5269 5270 5194 6789 6865 6866 6790
8768 5 2 2 8 5194 5270 5271 5195 6790 6866 6867 6791
8769 5 2 2 8 5195 5271 5272 5196 6791 6867 6868 6792
8770 5 2 2 8 5196 5272 5273 5197 6792 6868 6869 6793
8771 5 2 2 8 5197 5273 5274 5198 6793 6869 6870 6794
8772 5 2 2 8 5198 5274 5275 5199 6794 6870 6871 6795
8773 5 2 2 8 5199 5275 5276 5200 6795 6871 6872 6796
8774 5 2 2 8 5200 5276 5277 5201 6796 6872 6873 6797
8775 5 2 2 8 5201 5277 5278 5202 6797 6873 6874 6798
8776 5 2 2 8 5202 5278 5279 5203 6798 6874 6875 6799
8777 5 2 2 8 5203 5279 5280 5204 6799 6875 6876 6800
8778 5 2 2 8 5204 5280 5281 5205 6800 6876 6877 6801
8779 5 2 2 8 5205 5281 5282 5206 6801 6877 6878 6802
8780 5 2 2 8 5206 5282 5283 5207 6802 6878 6879 6803
8781 5 2 2 8 5207 5283 5284 5208 6803 6879 6880 6804
8782 5 2 2 8 5208 5284 5285 5209 6804 6880 6881 6805
8783 5 2 2 8 5209 5285 5286 5210 6805 6881 6882 6806
8784 5 2 2 8 5210 5286 5287 5211 6806 6882 6883 6807
8785 5 2 2 8 5211 5287 5288 5212 6807 6883 6884 6808
8786 5 2 2 8 5212 5288 5289 5213 6808 6884 6885 6809
8787 5 2 2 8 5213 5289 5290 5214 6809 6885 6886 6810
8788 5 2 2 8 5214 5290 5291 5215 6810 6886 6887 6811
8789 5 2 2 8 5215 5291 5292 5216 6811 6887 6888 6812
8790 5 2 2 8 5216 5292 910 911 6812 6888 1256 1257
8791 5 2 2 8 885 886 5293 5217 1231 1232 6889 6813
8792 5 2 2 8 5217 5293 5294 5218 6813 6889 6890 6814
8793 5 2 2 8 5218 5294 5295 5219 6814 6890 6891 6815
8794 5 2 2 8 5219 5295 5296 5220 6815 6891 6892 6816
8795 5 2 2 8 5220 5296 5297 5221 6816 6892 6893 6817
8796 5 2 2 8 5221 5297 5298 5222 6817 6893 6894 6818
8797 5 2 2 8 5222 5298 5299 5223 6818 6894 6895 6819
8798 5 2 2 8 5223 5299 5300 5224 6819 6895 6896 6820
8799 5 2 2 8 5224 5300 5301 5225 6820 6896 6897 6821
8800 5 2 2 8 5225 5301 5302 5226 6821 6897 6898 6822
8801 5 2 2 8 5226 5302 5303 5227 6822 6898 6899 6823
8802 5 2 2 8 5227 5303 5304 5228 6823 6899 6900 6824
8803 5 2 2 8 5228 5304 5305 5229 6824 6900 6901 6825
8804 5 2 2 8 5229 5305 5306 5230 6825 6901 6902 6826
8805 5 2 2 8 5230 5306 5307 5231 6826 6902 6903 6827
8806 5 2 2 8 5231 5307 5308 5232 6827 6903 6904 6828
8807 5 2 2 8 5232 5308 5309 5233 6828 6904 6905 6829
8808 5 2 2 8 5233 5309 5310 5234 6829 6905 6906 6830
8809 5 2 2 8 5234 5310 5311 5235 6830 6906 6907 6831
8810 5 2 2 8 5235 5311 5312 5236 6831 6907 6908 6832
8811 5 2 2 8 5236 5312 5313 5237 6832 6908 6909 6833
8812 5 2 2 8 5237 5313 5314 5238 6833 6909 6910 6834
8813 5 2 2 8 5238 5314 5315 5239 6834 6910 6911 6835
8814 5 2 2 8 5239 5315 5316 5240 6835 6911 6912 6836
8815 5 2 2 8 5240 5316 5317 5241 6836 6912 6913 6837
8816 5 2 2 8 5241 5317 5318 5242 6837 6913 6914 6838
8817 5 2 2 8 5242 5318 5319 5243 6838 6914 6915 6839
8818 5 2 2 8 5243 5319 5320 5244 6839 6915 6916 6840
8819 5 2 2 8 5244 5320 5321 5245 6840 6916 6917 6841
8820 5 2 2 8 5245 5321 5322 5246 6841 6917 6918 6842
8821 5 2 2 8 5246 5322 5323 5247 6842 6918 6919 6843
8822 5 2 2 8 5247 5323 5324 5248 6843 6919 6920 6844
8823 5 2 2 8 5248 5324 5325 5249 6844 6920 6921 6845
8824 5 2 2 8 5249 5325 5326 5250 6845 6921 6922 6846
8825 5 2 2 8 5250 5326 5327 5251 6846 6922 6923 6847
8826 5 2 2 8 5251 5327 5328 5252 6847 6923 6924 6848
8827 5 2 2 8 5252 5328 5329 5253 6848 6924 6925 6849
8828 5 2 2 8 5253 5329 5330 5254 6849 6925 6926 6850
8829 5 2 2 8 5254 5330 5331 5255 6850 6926 6927 6851
8830 5 2 2 8 5255 5331 5332 5256 6851 6927 6928 6852
8831 5 2 2 8 5256 5332 5333 5257 6852 6928 6929 6853
8832 5 2 2 8 5257 5333 5334 5258 6853 6929 6930 6854
8833 5 2 2 8 5258 5334 5335 5259 6854 6930 6931 6855
8834 5 2 2 8 5259 5335 5336 5260 6855 6931 6932 6856
8835 5 2 2 8 5260 5336 5337 5261 6856 6932 6933 6857
8836 5 2 2 8 5261 5337 5338 5262 6857 6933 6934 6858
8837 5 2 2 8 5262 5338 5339 5263 6858 6934 6935 6859
8838 5 2 2 8 5263 5339 5340 5264 6859 6935 6936 6860
8839 5 2 2 8 5264 5340 5341 5265 6860 6936 6937 6861
8840 5 2 2 8 5265 5341 5342 5266 6861 6937 6938 6862
8841 5 2 2 8 5266 5342 5343 5267 6862 6938 6939 6863
8842 5 2 2 8 5267 5343 5344 5268 6863 6939 6940 6864
8843 5 2 2 8 5268 5344 5345 5269 6864 6940 6941 6865
8844 5 2 2 8 5269 5345 5346 5270 6865 6941 6942 6866
8845 5 2 2 8 5270 5346 5347 5271 6866 6942 6943 6867
8846 5 2 2 8 5271 5347 5348 5272 6867 6943 6944 6868
8847 5 2 2 8 5272 5348 5349 5273 6868 6944 6945 6869
8848 5 2 2 8 5273 5349 5350 5274 6869 6945 6946 6870
8849 5 2 2 8 5274 5350 5351 5275 6870 6946 6947 6871
8850 5 2 2 8 5275 5351 5352 5276 6871 6947 6948 6872
8851 5 2 2 8 5276 5352 5353 5277 6872 6948 6949 6873
8852 5 2 2 8 5277 5353 5354 5278 6873 6949 6950 6874
8853 5 2 2 8 5278 5354 5355 5279 6874 6950 6951 6875
8854 5 2 2 8 5279 5355 5356 5280 6875 6951 6952 6876
8855 5 2 2 8 5280 5356 5357 5281 6876 6952 6953 6877
8856 5 2 2 8 5281 5357 5358 5282 6877 6953 6954 6878
8857 5 2 2 8 5282 5358 5359 5283 6878 6954 6955 6879
8858 5 2 2 8 5283 5359 5360 5284 6879 6955 6956 6880
8859 5 2 2 8 5284 5360 5361 5285 6880 6956 6957 6881
8860 5 2 2 8 5285 5361 5362 5286 6881 6957 6958 6882
8861 5 2 2 8 5286 5362 5363 5287 6882 6958 6959 6883
8862 5 2 2 8 5287 5363 5364 5288 6883 6959 6960 6884
8863 5 2 2 8 5288 5364 5365 5289 6884 6960 6961 6885
8864 5 2 2 8 5289 5365 5366 5290 6885 6961 6962 6886
8865 5 2 2 8 5290 5366 5367 5291 6886 6962 6963 6887
8866 5 2 2 8 5291 5367 5368 5292 6887 6963 6964 6888
8867 5 2 2 8 5292 5368 909 910 6888 6964 1255 1256
8868 5 2 2 8 886 887 5369 5293 1232 1233 6965 6889
8869 5 2 2 8 5293 5369 5370 5294 6889 6965 6966 6890
8870 5 2 2 8 5294 5370 5371 5295 6890 6966 6967 6891
8871 5 2 2 8 5295 5371 5372 5296 6891 6967 6968 6892
8872 5 2 2 8 5296 5372 5373 5297 6892 6968 6969 6893
8873 5 2 2 8 5297 5373 5374 5298 6893 6969 6970 6894
8874 5 2 2 8 5298 5374 5375 5299 6894 6970 6971 6895
8875 5 2 2 8 5299 5375 5376 5300 6895 6971 6972 6896
8876 5 2 2 8 5300 5376 5377 5301 6896 6972 6973 6897
8877 5 2 2 8 5301 5377 5378 5302 6897 6973 6974 6898
8878 5 2 2 8 5302 5378 5379 5303 6898 6974 6975 6899
8879 5 2 2 8 5303 5379 5380 5304 6899 6975 6976 6900
8880 5 2 2 8 5304 5380 5381 5305 6900 6976 6977 6901
8881 5 2 2 8 5305 5381 5382 5306 6901 6977 6978 6902
8882 5 2 2 8 5306 5382 5383 5307 6902 6978 6979 6903
8883 5 2 2 8 5307 5383 5384 5308 6903 6979 6980 6904
8884 5 2 2 8 5308 5384 5385 5309 6904 6980 6981 6905
8885 5 2 2 8 5309 5385 5386 5310 6905 6981 6982 6906
8886 5 2 2 8 5310 5386 5387 5311 6906 6982 6983 6907
8887 5 2 2 8 5311 5387 5388 5312 6907 6983 6984 6908
8888 5 2 2 8 5312 5388 5389 5313 6908 6984 6985 6909
8889 5 2 2 8 5313 5389 5390 5314 6909 6985 6986 6910
8890 5 2 2 8 5314 5390 5391 5315 6910 6986 6987 6911
8891 5 2 2 8 5315 5391 5392 5316 6911 6987 6988 6912
8892 5 2 2 8 5316 5392 5393 5317 6912 6988 6989 6913
8893 5 2 2 8 5317 5393 5394 5318 6913 6989 6990 6914
8894 5 2 2 8 5318 5394 5395 5319 6914 6990 6991 6915
8895 5 2 2 8 5319 5395 5396 5320 6915 6991 6992 6916
8896 5 2 2 8 5320 5396 5397 5321 6916 6992 6993 6917
8897 5 2 2 8 5321 5397 5398 5322 6917 6993 6994 6918
8898 5 2 2 8 5322 5398 5399 5323 6918 6994 6995 6919
8899 5 2 2 8 5323 5399 5400 5324 6919 6995 6996 6920
8900 5 2 2 8 5324 5400 5401 5325 6920 6996 6997 6921
8901 5 2 2 8 5325 5401 5402 5326 6921 6997 6998 6922
8902 5 2 2 8 5326 5402 5403 5327 6922 6998 6999 6923
8903 5 2 2 8 5327 5403 5404 5328 6923 6999 7000 6924
8904 5 2 2 8 5328 5404 5405 5329 6924 7000 7001 6925
8905 5 2 2 8 5329 5405 5406 5330 6925 7001 7002 6926
8906 5 2 2 8 5330 5406 5407 5331 6926 7002 7003 6927
8907 5 2 2 8 5331 5407 5408 5332 6927 7003 7004 6928
8908 5 2 2 8 5332 5408 5409 5333 6928 7004 7005 6929
8909 5 2 2 8 5333 5409 5410 5334 6929 7005 7006 6930
8910 5 2 2 8 5334 5410 5411 5335 6930 7006 7007 6931
8911 5 2 2 8 5335 5411 5412 5336 6931 7007 7008 6932
8912 5 2 2 8 5336 5412 5413 5337 6932 7008 7009 6933
8913 5 2 2 8 5337 5413 5414 5338 6933 7009 7010 6934
8914 5 2 2 8 5338 5414 5415 5339 6934 7010 7011 6935
8915 5 2 2 8 5339 5415 5416 5340 6935 7011 7012 6936
8916 5 2 2 8 5340 5416 5417 5341 6936 7012 7013 6937
8917 5 2 2 8 5341 5417 5418 5342 6937 7013 7014 6938
8918 5 2 2 8 5342 5418 5419 5343 6938 7014 7015 6939
8919 5 2 2 8 5343 5419 5420 5344 6939 7015 7016 6940
8920 5 2 2 8 5344 5420 5421 5345 6940 7016 7017 6941
8921 5 2 2 8 5345 5421 5422 5346 6941 7017 7018 6942
8922 5 2 2 8 5346 5422 5423 5347 6942 7018 7019 6943
8923 5 2 2 8 5347 5423 5424 5348 6943 7019 7020 6944
8924 5 2 2 8 5348 5424 5425 5349 6944 7020 7021 6945
8925 5 2 2 8 5349 5425 5426 5350 6945 7021 7022 6946
8926 5 2 2 8 5350 5426 5427 5351 6946 7022 7023 6947
8927 5 2 2 8 5351 5427 5428 5352 6947 7023 7024 6948
8928 5 2 2 8 5352 5428 5429 5353 6948 7024 7025 6949
8929 5 2 2 8 5353 5429 5430 5354 6949 7025 7026 6950
8930 5 2 2 8 5354 5430 5431 5355 6950 7026 7027 6951
8931 5 2 2 8 5355 5431 5432 5356 6951 7027 7028 6952
8932 5 2 2 8 5356 5432 5433 5357 6952 7028 7029 6953
8933 5 2 2 8 5357 5433 5434 5358 6953 7029 7030 6954
8934 5 2 2 8 5358 5434 5435 5359 6954 7030 7031 6955
8935 5 2 2 8 5359 5435 5436 5360 6955 7031 7032 6956
8936 5 2 2 8 5360 5436 5437 5361 6956 7032 7033 6957
8937 5 2 2 8 5361 5437 5438 5362 6957 7033 7034 6958
8938 5 2 2 8 5362 5438 5439 5363 6958 7034 7035 6959
8939 5 2 2 8 5363 5439 5440 5364 6959 7035 7036 6960
8940 5 2 2 8 5364 5440 5441 5365 6960 7036 7037 6961
8941 5 2 2 8 5365 5441 5442 5366 6961 7037 7038 6962
8942 5 2 2 8 5366 5442 5443 5367 6962 7038 7039 6963
8943 5 2 2 8 5367 5443 5444 5368 6963 7039 7040 6964
8944 5 2 2 8 5368 5444 908 909 6964 7040 1254 1255
8945 5 2 2 8 887 888 5445 5369 1233 1234 7041 6965
8946 5 2 2 8 5369 5445 5446 5370 6965 7041 7042 6966
8947 5 2 2 8 5370 5446 5447 5371 6966 7042 7043 6967
8948 5 2 2 8 5371 5447 5448 5372 6967 7043 7044 6968
8949 5 2 2 8 5372 5448 5449 5373 6968 7044 7045 6969
8950 5 2 2 8 5373 5449 5450 5374 6969 7045 7046 6970
8951 5 2 2 8 5374 5450 5451 5375 6970 7046 7047 6971
8952 5 2 2 8 5375 5451 5452 5376 6971 7047 7048 6972
8953 5 2 2 8 5376 5452 5453 5377 6972 7048 7049 6973
8954 5 2 2 8 5377 5453 5454 5378 6973 7049 7050 6974
8955 5 2 2 8 5378 5454 5455 5379 6974 7050 7051 6975
8956 5 2 2 8 5379 5455 5456 5380 6975 7051 7052 6976
8957 5 2 2 8 5380 5456 5457 5381 6976 7052 7053 6977
8958 5 2 2 8 5381 5457 5458 5382 6977 7053 7054 6978
8959 5 2 2 8 5382 5458 5459 5383 6978 7054 7055 6979
8960 5 2 2 8 5383 5459 5460 5384 6979 7055 7056 6980
8961 5 2 2 8 5384 5460 5461 5385 6980 7056 7057 6981
8962 5 2 2 8 5385 5461 5462 5386 6981 7057 7058 6982
8963 5 2 2 8 5386 5462 5463 5387 6982 7058 7059 6983
8964 5 2 2 8 5387 5463 5464 5388 6983 7059 7060 6984
8965 5 2 2 8 5388 5464 5465 5389 6984 7060 7061 6985
8966 5 2 2 8 5389 5465 5466 5390 6985 7061 7062 6986
8967 5 2 2 8 5390 5466 5467 5391 6986 7062 7063 6987
8968 5 2 2 8 5391 5467 5468 5392 6987 7063 7064 6988
8969 5 2 2 8 5392 5468 5469 5393 6988 7064 7065 6989
8970 5 2 2 8 5393 5469 5470 5394 6989 7065 7066 6990
8971 5 2 2 8 5394 5470 5471 5395 6990 7066 7067 6991
8972 5 2 2 8 5395 5471 5472 5396 6991 7067 7068 6992
8973 5 2 2 8 5396 5472 5473 5397 6992 7068 7069 6993
8974 5 2 2 8 5397 5473 5474 5398 6993 7069 7070 6994
8975 5 2 2 8 5398 5474 5475 5399 6994 7070 7071 6995
8976 5 2 2 8 5399 5475 5476 5400 6995 7071 7072 6996
8977 5 2 2 8 5400 5476 5477 5401 6996 7072 7073 6997
8978 5 2 2 8 5401 5477 5478 5402 6997 7073 7074 6998
8979 5 2 2 8 5402 5478 5479 5403 6998 7074 7075 6999
8980 5 2 2 8 5403 5479 5480 5404 6999 7075 7076 7000
8981 5 2 2 8 5404 5480 5481 5405 7000 7076 7077 7001
8982 5 2 2 8 5405 5481 5482 5406 7001 7077 7078 7002
8983 5 2 2 8 5406 5482 5483 5407 7002 7078 7079 7003
8984 5 2 2 8 5407 5483 5484 5408 7003 7079 7080 7004
8985 5 2 2 8 5408 5484 5485 5409 7004 7080 7081 7005
8986 5 2 2 8 5409 5485 5486 5410 7005 7081 7082 7006
8987 5 2 2 8 5410 5486 5487 5411 7006 7082 7083 7007
8988 5 2 2 8 5411 5487 5488 5412 7007 7083 7084 7008
8989 5 2 2 8 5412 5488 5489 5413 7008 7084 7085 7009
8990 5 2 2 8 5413 5489 5490 5414 7009 7085 7086 7010
8991 5 2 2 8 5414 5490 5491 5415 7010 7086 7087 7011
8992 5 2 2 8 5415 5491 5492 5416 7011 7087 7088 7012
8993 5 2 2 8 5416 5492 5493 5417 7012 7088 7089 7013
8994 5 2 2 8 5417 5493 5494 5418 7013 7089 7090 7014
8995 5 2 2 8 5418 5494 5495 5419 7014 7090 7091 7015
8996 5 2 2 8 5419 5495 5496 5420 7015 7091 7092 7016
8997 5 2 2 8 5420 5496 5497 5421 7016 7092 7093 7017
8998 5 2 2 8 5421 5497 5498 5422 7017 7093 7094 7018
8999 5 2 2 8 5422 5498 5499 5423 7018 7094 7095 7019
9000 5 2 2 8 5423 5499 5500 5424 7019 7095 7096 7020
9001 5 2 2 8 5424 5500 5501 5425 7020 7096 7097 7021
9002 5 2 2 8 5425 5501 5502 5426 7021 7097 7098 7022
9003 5 2 2 8 5426 5502 5503 5427 7022 7098 7099 7023
9004 5 2 2 8 5427 5503 5504 5428 7023 7099 7100 7024
9005 5 2 2 8 5428 5504 5505 5429 7024 7100 7101 7025
9006 5 2 2 8 5429 5505 5506 5430 7025 7101 7102 7026
9007 5 2 2 8 5430 5506 5507 5431 7026 7102 7103 7027
9008 5 2 2 8 5431 5507 5508 5432 7027 7103 7104 7028
9009 5 2 2 8 5432 5508 5509 5433 7028 7104 7105 7029
9010 5 2 2 8 5433 5509 5510 5434 7029 7105 7106 7030
9011 5 2 2 8 5434 5510 5511 5435 7030 7106 7107 7031
9012 5 2 2 8 5435 5511 5512 5436 7031 7107 7108 7032
9013 5 2 2 8 5436 5512 5513 5437 7032 7108 7109 7033
9014 5 2 2 8 5437 5513 5514 5438 7033 7109 7110 7034
9015 5 2 2 8 5438 5514 5515 5439 7034 7110 7111 7035
9016 5 2 2 8 5439 5515 5516 5440 7035 7111 7112 7036
9017 5 2 2 8 5440 5516 5517 5441 7036 7112 7113 7037
9018 5 2 2 8 5441 5517 5518 5442 7037 7113 7114 7038
9019 5 2 2 8 5442 5518 5519 5443 7038 7114 7115 7039
9020 5 2 2 8 5443 5519 5520 5444 7039 7115 7116 7040
9021 5 2 2 8 5444 5520 907 908 7040 7116 1253 1254
9022 5 2 2 8 888 889 5521 5445 1234 1235 7117 7041
9023 5 2 2 8 5445 5521 5522 5446 7041 7117 7118 7042
9024 5 2 2 8 5446 5522 5523 5447 7042 7118 7119 7043
9025 5 2 2 8 5447 5523 5524 5448 7043 7119 7120 7044
9026 5 2 2 8 5448 5524 5525 5449 7044 7120 7121 7045
9027 5 2 2 8 5449 5525 5526 5450 7045 7121 7122 7046
9028 5 2 2 8 5450 5526 5527 5451 7046 7122 7123 7047
9029 5 2 2 8 5451 5527 5528 5452 7047 7123 7124 7048
9030 5 2 2 8 5452 5528 5529 5453 7048 7124 7125 7049
9031 5 2 2 8 5453 5529 5530 5454 7049 7125 7126 7050
9032 5 2 2 8 5454 5530 5531 5455 7050 7126 7127 7051
9033 5 2 2 8 5455 5531 5532 5456 7051 7127 7128 7052
9034 5 2 2 8 5456 5532 5533 5457 7052 7128 7129 7053
9035 5 2 2 8 5457 5533 5534 5458 7053 7129 7130 7054
9036 5 2 2 8 5458 5534 5535 5459 7054 7130 7131 7055
9037 5 2 2 8 5459 5535 5536 5460 7055 7131 7132 7056
9038 5 2 2 8 5460 5536 5537 5461 7056 7132 7133 7057
9039 5 2 2 8 5461 5537 5538 5462 7057 7133 7134 7058
9040 5 2 2 8 5462 5538 5539 5463 7058 7134 7135 7059
9041 5 2 2 8 5463 5539 5540 5464 7059 7135 7136 7060
9042 5 2 2 8 5464 5540 5541 5465 7060 7136 7137 7061
9043 5 2 2 8 5465 5541 5542 5466 7061 7137 7138 7062
9044 5 2 2 8 5466 5542 5543 5467 7062 7138 7139 7063
9045 5 2 2 8 5467 5543 5544 5468 7063 7139 7140 7064
9046 5 2 2 8 5468 5544 5545 5469 7064 7140 7141 7065
9047 5 2 2 8 5469 5545 5546 5470 7065 7141 7142 7066
9048 5 2 2 8 5470 5546 5547 5471 7066 7142 7143 7067
9049 5 2 2 8 5471 5547 5548 5472 7067 7143 7144 7068
9050 5 2 2 8 5472 5548 5549 5473 7068 7144 7145 7069
9051 5 2 2 8 5473 5549 5550 5474 7069 7145 7146 7070
9052 5 2 2 8 5474 5550 5551 5475 7070 7146 7147 7071
9053 5 2 2 8 5475 5551 5552 5476 7071 7147 7148 7072
9054 5 2 2 8 5476 5552 5553 5477 7072 7148 7149 7073
9055 5 2 2 8 5477 5553 5554 5478 7073 7149 7150 7074
9056 5 2 2 8 5478 5554 5555 5479 7074 7150 7151 7075
9057 5 2 2 8 5479 5555 5556 5480 7075 7151 7152 7076
9058 5 2 2 8 5480 5556 5557 5481 7076 7152 7153 7077
9059 5 2 2 8 5481 5557 5558 5482 7077 7153 7154 7078
9060 5 2 2 8 5482 5558 5559 5483 7078 7154 7155 7079
9061 5 2 2 8 5483 5559 5560 5484 7079 7155 7156 7080
9062 5 2 2 8 5484 5560 5561 5485 7080 7156 7157 7081
9063 5 2 2 8 5485 5561 5562 5486 7081 7157 7158 7082
9064 5 2 2 8 5486 5562 5563 5487 7082 7158 7159 7083
9065 5 2 2 8 5487 5563 5564 5488 7083 7159 7160 7084
9066 5 2 2 8 5488 5564 5565 5489 7084 7160 7161 7085
9067 5 2 2 8 5489 5565 5566 5490 7085 7161 7162 7086
9068 5 2 2 8 5490 5566 5567 5491 7086 7162 7163 7087
9069 5 2 2 8 5491 5567 5568 5492 7087 7163 7164 7088
9070 5 2 2 8 5492 5568 5569 5493 7088 7164 7165 7089
9071 5 2 2 8 5493 5569 5570 5494 7089 7165 7166 7090
9072 5 2 2 8 5494 5570 5571 5495 7090 7166 7167 7091
9073 5 2 2 8 5495 5571 5572 5496 7091 7167 7168 7092
9074 5 2 2 8 5496 5572 5573 5497 7092 7168 7169 7093
9075 5 2 2 8 5497 5573 5574 5498 7093 7169 7170 7094
9076 5 2 2 8 5498 5574 5575 5499 7094 7170 7171 7095
9077 5 2 2 8 5499 5575 5576 5500 7095 7171 7172 7096
9078 5 2 2 8 5500 5576 5577 5501 7096 7172 7173 7097
9079 5 2 2 8 5501 5577 5578 5502 7097 7173 7174 7098
9080 5 2 2 8 5502 5578 5579 5503 7098 7174 7175 7099
9081 5 2 2 8 5503 5579 5580 5504 7099 7175 7176 7100
9082 5 2 2 8 5504 5580 5581 5505 7100 7176 7177 7101
9083 5 2 2 8 5505 5581 5582 5506 7101 7177 7178 7102
9084 5 2 2 8 5506 5582 5583 5507 7102 7178 7179 7103
9085 5 2 2 8 5507 5583 5584 5508 7103 7179 7180 7104
9086 5 2 2 8 5508 5584 5585 5509 7104 7180 7181 7105
9087 5 2 2 8 5509 5585 5586 5510 7105 7181 7182 7106
9088 5 2 2 8 5510 5586 5587 5511 7106 7182 7183 7107
9089 5 2 2 8 5511 5587 5588 5512 7107 7183 7184 7108
9090 5 2 2 8 5512 5588 5589 5513 7108 7184 7185 7109
9091 5 2 2 8 5513 5589 5590 5514 7109 7185 7186 7110
9092 5 2 2 8 5514 5590 5591 5515 7110 7186 7187 7111
9093 5 2 2 8 5515 5591 5592 5516 7111 7187 7188 7112
9094 5 2 2 8 5516 5592 5593 5517 7112 7188 7189 7113
9095 5 2 2 8 5517 5593 5594 5518 7113 7189 7190 7114
9096 5 2 2 8 5518 5594 5595 5519 7114 7190 7191 7115
9097 5 2 2 8 5519 5595 5596 5520 7115 7191 7192 7116
9098 5 2 2 8 5520 5596 906 907 7116 7192 1252 1253
9099 5 2 2 8 889 890 5597 5521 1235 1236 7193 7117
9100 5 2 2 8 5521 5597 5598 5522 7117 7193 7194 7118
9101 5 2 2 8 5522 5598 5599 5523 7118 7194 7195 7119
9102 5 2 2 8 5523 5599 5600 5524 7119 7195 7196 7120
9103 5 2 2 8 5524 5600 5601 5525 7120 7196 7197 7121
9104 5 2 2 8 5525 5601 5602 5526 7121 7197 7198 7122
9105 5 2 2 8 5526 5602 5603 5527 7122 7198 7199 7123
9106 5 2 2 8 5527 5603 5604 5528 7123 7199 7200 7124
9107 5 2 2 8 5528 5604 5605 5529 7124 7200 7201 7125
9108 5 2 2 8 5529 5605 5606 5530 7125 7201 7202 7126
9109 5 2 2 8 5530 5606 5607 5531 7126 7202 7203 7127
9110 5 2 2 8 5531 5607 5608 5532 7127 7203 7204 7128
9111 5 2 2 8 5532 5608 5609 5533 7128 7204 7205 7129
9112 5 2 2 8 5533 5609 5610 5534 7129 7205 7206 7130
9113 5 2 2 8 5534 5610 5611 5535 7130 7206 7207 7131
9114 5 2 2 8 5535 5611 5612 5536 7131 7207 7208 7132
9115 5 2 2 8 5536 5612 5613 5537 7132 7208 7209 7133
9116 5 2 2 8 5537 5613 5614 5538 7133 7209 7210 7134
9117 5 2 2 8 5538 5614 5615 5539 7134 7210 7211 7135
9118 5 2 2 8 5539 5615 5616 5540 7135 7211 7212 7136
9119 5 2 2 8 5540 5616 5617 5541 7136 7212 7213 7137
9120 5 2 2 8 5541 5617 5618 5542 7137 7213 7214 7138
9121 5 2 2 8 5542 5618 5619 5543 7138 7214 7215 7139
9122 5 2 2 8 5543 5619 5620 5544 7139 7215 7216 7140
9123 5 2 2 8 5544 5620 5621 5545 7140 7216 7217 7141
9124 5 2 2 8 5545 5621 5622 5546 7141 7217 7218 7142
9125 5 2 2 8 5546 5622 5623 5547 7142 7218 7219 7143
9126 5 2 2 8 5547 5623 5624 5548 7143 7219 7220 7144
9127 5 2 2 8 5548 5624 5625 5549 7144 7220 7221 7145
9128 5 2 2 8 5549 5625 5626 5550 7145 7221 7222 7146
9129 5 2 2 8 5550 5626 5627 5551 7146 7222 7223 7147
9130 5 2 2 8 5551 5627 5628 5552 7147 7223 7224 7148
9131 5 2 2 8 5552 5628 5629 5553 7148 7224 7225 7149
9132 5 2 2 8 5553 5629 5630 5554 7149 7225 7226 7150
9133 5 2 2 8 5554 5630 5631 5555 7150 7226 7227 7151
9134 5 2 2 8 5555 5631 5632 5556 7151 7227 7228 7152
9135 5 2 2 8 5556 5632 5633 5557 7152 7228 7229 7153
9136 5 2 2 8 5557 5633 5634 5558 7153 7229 7230 7154
9137 5 2 2 8 5558 5634 5635 5559 7154 7230 7231 7155
9138 5 2 2 8 5559 5635 5636 5560 7155 7231 7232 7156
9139 5 2 2 8 5560 5636 5637 5561 7156 7232 7233 7157
9140 5 2 2 8 5561 5637 5638 5562 7157 7233 7234 7158
9141 5 2 2 8 5562 5638 5639 5563 7158 7234 7235 7159
9142 5 2 2 8 5563 5639 5640 5564 7159 7235 7236 7160
9143 5 2 2 8 5564 5640 5641 5565 7160 7236 7237 7161
9144 5 2 2 8 5565 5641 5642 5566 7161 7237 7238 7162
9145 5 2 2 8 5566 5642 5643 5567 7162 7238 7239 7163
9146 5 2 2 8 5567 5643 5644 5568 7163 7239 7240 7164
9147 5 2 2 8 5568 5644 5645 5569 7164 7240 7241 7165
9148 5 2 2 8 5569 5645 5646 5570 7165 7241 7242 7166
9149 5 2 2 8 5570 5646 5647 5571 7166 7242 7243 7167
9150 5 2 2 8 5571 5647 5648 5572 7167 7243 7244 7168
9151 5 2 2 8 5572 5648 5649 5573 7168 7244 7245 7169
9152 5 2 2 8 5573 5649 5650 5574 7169 7245 7246 7170
9153 5 2 2 8 5574 5650 5651 5575 7170 7246 7247 7171
9154 5 2 2 8 5575 5651 5652 5576 7171 7247 7248 7172
9155 5 2 2 8 5576 5652 5653 5577 7172 7248 7249 7173
9156 5 2 2 8 5577 5653 5654 5578 7173 7249 7250 7174
9157 5 2 2 8 5578 5654 5655 5579 7174 7250 7251 7175
9158 5 2 2 8 5579 5655 5656 5580 7175 7251 7252 7176
9159 5 2 2 8 5580 5656 5657 5581 7176 7252 7253 7177
9160 5 2 2 8 5581 5657 5658 5582 7177 7253 7254 7178
9161 5 2 2 8 5582 5658 5659 5583 7178 7254 7255 7179
9162 5 2 2 8 5583 5659 5660 5584 7179 7255 7256 7180
9163 5 2 2 8 5584 5660 5661 5585 7180 7256 7257 7181
9164 5 2 2 8 5585 5661 5662 5586 7181 7257 7258 7182
9165 5 2 2 8 5586 5662 5663 5587 7182 7258 7259 7183
9166 5 2 2 8 5587 5663 5664 5588 7183 7259 7260 7184
9167 5 2 2 8 5588 5664 5665 5589 7184 7260 7261 7185
9168 5 2 2 8 5589 5665 5666 5590 7185 7261 7262 7186
9169 5 2 2 8 5590 5666 5667 5591 7186 7262 7263 7187
9170 5 2 2 8 5591 5667 5668 5592 7187 7263 7264 7188
9171 5 2 2 8 5592 5668 5669 5593 7188 7264 7265 7189
9172 5 2 2 8 5593 5669 5670 5594 7189 7265 7266 7190
9173 5 2 2 8 5594 5670 5671 5595 7190 7266 7267 7191
9174 5 2 2 8 5595 5671 5672 5596 7191 7267 7268 7192
9175 5 2 2 8 5596 5672 905 906 7192 7268 1251 1252
9176 5 2 2 8 890 891 5673 5597 1236 1237 7269 7193
9177 5 2 2 8 5597 5673 5674 5598 7193 7269 7270 7194
9178 5 2 2 8 5598 5674 5675 5599 7194 7270 7271 7195
9179 5 2 2 8 5599 5675 5676 5600 7195 7271 7272 7196
9180 5 2 2 8 5600 5676 5677 5601 7196 7272 7273 7197
9181 5 2 2 8 5601 5677 5678 5602 7197 7273 7274 7198
9182 5 2 2 8 5602 5678 5679 5603 7198 7274 7275 7199
9183 5 2 2 8 5603 5679 5680 5604 7199 7275 7276 7200
9184 5 2 2 8 5604 5680 5681 5605 7200 7276 7277 7201
9185 5 2 2 8 5605 5681 5682 5606 7201 7277 7278 7202
9186 5 2 2 8 5606 5682 5683 5607 7202 7278 7279 7203
9187 5 2 2 8 5607 5683 5684 5608 7203 7279 7280 7204
9188 5 2 2 8 5608 5684 5685 5609 7204 7280 7281 7205
9189 5 2 2 8 5609 5685 5686 5610 7205 7281 7282 7206
9190 5 2 2 8 5610 5686 5687 5611 7206 7282 7283 7207
9191 5 2 2 8 5611 5687 5688 5612 7207 7283 7284 7208
9192 5 2 2 8 5612 5688 5689 5613 7208 7284 7285 7209
9193 5 2 2 8 5613 5689 5690 5614 7209 7285 7286 7210
9194 5 2 2 8 5614 5690 5691 5615 7210 7286 7287 7211
9195 5 2 2 8 5615 5691 5692 5616 7211 7287 7288 7212
9196 5 2 2 8 5616 5692 5693 5617 7212 7288 7289 7213
9197 5 2 2 8 5617 5693 5694 5618 7213 7289 7290 7214
9198 5 2 2 8 5618 5694 5695 5619 7214 7290 7291 7215
9199 5 2 2 8 5619 5695 5696 5620 7215 7291 7292 7216
9200 5 2 2 8 5620 5696 5697 5621 7216 7292 7293 7217
9201 5 2 2 8 5621 5697 5698 5622 7217 7293 7294 7218
9202 5 2 2 8 5622 5698 5699 5623 7218 7294 7295 7219
9203 5 2 2 8 5623 5699 5700 5624 7219 7295 7296 7220
9204 5 2 2 8 5624 5700 5701 5625 7220 7296 7297 7221
9205 5 2 2 8 5625 5701 5702 5626 7221 7297 7298 7222
9206 5 2 2 8 5626 5702 5703 5627 7222 7298 7299 7223
9207 5 2 2 8 5627 5703 5704 5628 7223 7299 7300 7224
9208 5 2 2 8 5628 5704 5705 5629 7224 7300 7301 7225
9209 5 2 2 8 5629 5705 5706 5630 7225 7301 7302 7226
9210 5 2 2 8 5630 5706 5707 5631 7226 7302 7303 7227
9211 5 2 2 8 5631 5707 5708 5632 7227 7303 7304 7228
9212 5 2 2 8 5632 5708 5709 5633 7228 7304 7305 7229
9213 5 2 2 8 5633 5709 5710 5634 7229 7305 7306 7230
9214 5 2 2 8 5634 5710 5711 5635 7230 7306 7307 7231
9215 5 2 2 8 5635 5711 5712 5636 7231 7307 7308 7232
9216 5 2 2 8 5636 5712 5713 5637 7232 7308 7309 7233
9217 5 2 2 8 5637 5713 5714 5638 7233 7309 7310 7234
9218 5 2 2 8 5638 5714 5715 5639 7234 7310 7311 7235
9219 5 2 2 8 5639 5715 5716 5640 7235 7311 7312 7236
9220 5 2 2 8 5640 5716 5717 5641 7236 7312 7313 7237
9221 5 2 2 8 5641 5717 5718 5642 7237 7313 7314 7238
9222 5 2 2 8 5642 5718 5719 5643 7238 7314 7315 7239
9223 5 2 2 8 5643 5719 5720 5644 7239 7315 7316 7240
9224 5 2 2 8 5644 5720 5721 5645 7240 7316 7317 7241
9225 5 2 2 8 5645 5721 5722 5646 7241 7317 7318 7242
9226 5 2 2 8 5646 5722 5723 5647 7242 7318 7319 7243
9227 5 2 2 8 5647 5723 5724 5648 7243 7319 7320 7244
9228 5 2 2 8 5648 5724 5725 5649 7244 7320 7321 7245
9229 5 2 2 8 5649 5725 5726 5650 7245 7321 7322 7246
9230 5 2 2 8 5650 5726 5727 5651 7246 7322 7323 7247
9231 5 2 2 8 5651 5727 5728 5652 7247 7323 7324 7248
9232 5 2 2 8 5652 5728 5729 5653 7248 7324 7325 7249
9233 5 2 2 8 5653 5729 5730 5654 7249 7325 7326 7250
9234 5 2 2 8 5654 5730 5731 5655 7250 7326 7327 7251
9235 5 2 2 8 5655 5731 5732 5656 7251 7327 7328 7252
9236 5 2 2 8 5656 5732 5733 5657 7252 7328 7329 7253
9237 5 2 2 8 5657 5733 5734 5658 7253 7329 7330 7254
9238 5 2 2 8 5658 5734 5735 5659 7254 7330 7331 7255
9239 5 2 2 8 5659 5735 5736 5660 7255 7331 7332 7256
9240 5 2 2 8 5660 5736 5737 5661 7256 7332 7333 7257
9241 5 2 2 8 5661 5737 5738 5662 7257 7333 7334 7258
9242 5 2 2 8 5662 5738 5739 5663 7258 7334 7335 7259
9243 5 2 2 8 5663 5739 5740 5664 7259 7335 7336 7260
9244 5 2 2 8 5664 5740 5741 5665 7260 7336 7337 7261
9245 5 2 2 8 5665 5741 5742 5666 7261 7337 7338 7262
9246 5 2 2 8 5666 5742 5743 5667 7262 7338 7339 7263
9247 5 2 2 8 5667 5743 5744 5668 7263 7339 7340 7264
9248 5 2 2 8 5668 5744 5745 5669 7264 7340 7341 7265
9249 5 2 2 8 5669 5745 5746 5670 7265 7341 7342 7266
9250 5 2 2 8 5670 5746 5747 5671 7266 7342 7343 7267
9251 5 2 2 8 5671 5747 5748 5672 7267 7343 7344 7268
9252 5 2 2 8 5672 5748 904 905 7268 7344 1250 1251
9253 5 2 2 8 891 892 5749 5673 1237 1238 7345 7269
9254 5 2 2 8 5673 5749 5750 5674 7269 7345 7346 7270
9255 5 2 2 8 5674 5750 5751 5675 7270 7346 7347 7271
9256 5 2 2 8 5675 5751 5752 5676 7271 7347 7348 7272
9257 5 2 2 8 5676 5752 5753 5677 7272 7348 7349 7273
9258 5 2 2 8 5677 5753 5754 5678 7273 7349 7350 7274
9259 5 2 2 8 5678 5754 5755 5679 7274 7350 7351 7275
9260 5 2 2 8 5679 5755 5756 5680 7275 7351 7352 7276
9261 5 2 2 8 5680 5756 5757 5681 7276 7352 7353 7277
9262 5 2 2 8 5681 5757 5758 5682 7277 7353 7354 7278
9263 5 2 2 8 5682 5758 5759 5683 7278 7354 7355 7279
9264 5 2 2 8 5683 5759 5760 5684 7279 7355 7356 7280
9265 5 2 2 8 5684 5760 5761 5685 7280 7356 7357 7281
9266 5 2 2 8 5685 5761 5762 5686 7281 7357 7358 7282
9267 5 2 2 8 5686 5762 5763 5687 7282 7358 7359 7283
9268 5 2 2 8 5687 5763 5764 5688 7283 7359 7360 7284
9269 5 2 2 8 5688 5764 5765 5689 7284 7360 7361 7285
9270 5 2 2 8 5689 5765 5766 5690 7285 7361 7362 7286
9271 5 2 2 8 5690 5766 5767 5691 7286 7362 7363 7287
9272 5 2 2 8 5691 5767 5768 5692 7287 7363 7364 7288
9273 5 2 2 8 5692 5768 5769 5693 7288 7364 7365 7289
9274 5 2 2 8 5693 5769 5770 5694 7289 7365 7366 7290
9275 5 2 2 8 5694 5770 5771 5695 7290 7366 7367 7291
9276 5 2 2 8 5695 5771 5772 5696 7291 7367 7368 7292
9277 5 2 2 8 5696 5772 5773 5697 7292 7368 7369 7293
9278 5 2 2 8 5697 5773 5774 5698 7293 7369 7370 7294
9279 5 2 2 8 5698 5774 5775 5699 7294 7370 7371 7295
9280 5 2 2 8 5699 5775 5776 5700 7295 7371 7372 7296
9281 5 2 2 8 5700 5776 5777 5701 7296 7372 7373 7297
9282 5 2 2 8 5701 5777 5778 5702 7297 7373 7374 7298
9283 5 2 2 8 5702 5778 5779 5703 7298 7374 7375 7299
9284 5 2 2 8 5703 5779 5780 5704 7299 7375 7376 7300
9285 5 2 2 8 5704 5780 5781 5705 7300 7376 7377 7301
9286 5 2 2 8 5705 5781 5782 5706 7301 7377 7378 7302
9287 5 2 2 8 5706 5782 5783 5707 7302 7378 7379 7303
9288 5 2 2 8 5707 5783 5784 5708 7303 7379 7380 7304
9289 5 2 2 8 5708 5784 5785 5709 7304 7380 7381 7305
9290 5 2 2 8 5709 5785 5786 5710 7305 7381 7382 7306
9291 5 2 2 8 5710 5786 5787 5711 7306 7382 7383 7307
9292 5 2 2 8 5711 5787 5788 5712 7307 7383 7384 7308
9293 5 2 2 8 5712 5788 5789 5713 7308 7384 7385 7309
9294 5 2 2 8 5713 5789 5790 5714 7309 7385 7386 7310
9295 5 2 2 8 5714 5790 5791 5715 7310 7386 7387 7311
9296 5 2 2 8 5715 5791 5792 5716 7311 7387 7388 7312
9297 5 2 2 8 5716 5792 5793 5717 7312 7388 7389 7313
9298 5 2 2 8 5717 5793 5794 5718 7313 7389 7390 7314
9299 5 2 2 8 5718 5794 5795 5719 7314 7390 7391 7315
9300 5 2 2 8 5719 5795 5796 5720 7315 7391 7392 7316
9301 5 2 2 8 5720 5796 5797 5721 7316 7392 7393 7317
9302 5 2 2 8 5721 5797 5798 5722 7317 7393 7394 7318
9303 5 2 2 8 5722 5798 5799 5723 7318 7394 7395 7319
9304 5 2 2 8 5723 5799 5800 5724 7319 7395 7396 7320
9305 5 2 2 8 5724 5800 5801 5725 7320 7396 7397 7321
9306 5 2 2 8 5725 5801 5802 5726 7321 7397 7398 7322
9307 5 2 2 8 5726 5802 5803 5727 7322 7398 7399 7323
9308 5 2 2 8 5727 5803 5804 5728 7323 7399 7400 7324
9309 5 2 2 8 5728 5804 5805 5729 7324 7400 7401 7325
9310 5 2 2 8 5729 5805 5806 5730 7325 7401 7402 7326
9311 5 2 2 8 5730 5806 5807 5731 7326 7402 7403 7327
9312 5 2 2 8 5731 5807 5808 5732 7327 7403 7404 7328
9313 5 2 2 8 5732 5808 5809 5733 7328 7404 7405 7329
9314 5 2 2 8 5733 5809 5810 5734 7329 7405 7406 7330
9315 5 2 2 8 5734 5810 5811 5735 7330 7406 7407 7331
9316 5 2 2 8 5735 5811 5812 5736 7331 7407 7408 7332
9317 5 2 2 8 5736 5812 5813 5737 7332 7408 7409 7333
9318 5 2 2 8 5737 5813 5814 5738 7333 7409 7410 7334
9319 5 2 2 8 5738 5814 5815 5739 7334 7410 7411 7335
9320 5 2 2 8 5739 5815 5816 5740 7335 7411 7412 7336
9321 5 2 2 8 5740 5816 5817 5741 7336 7412 7413 7337
9322 5 2 2 8 5741 5817 5818 5742 7337 7413 7414 7338
9323 5 2 2 8 5742 5818 5819 5743 7338 7414 7415 7339
9324 5 2 2 8 5743 5819 5820 5744 7339 7415 7416 7340
9325 5 2 2 8 5744 5820 5821 5745 7340 7416 7417 7341
9326 5 2 2 8 5745 5821 5822 5746 7341 7417 7418 7342
9327 5 2 2 8 5746 5822 5823 5747 7342 7418 7419 7343
9328 5 2 2 8 5747 5823 5824 5748 7343 7419 7420 7344
9329 5 2 2 8 5748 5824 903 904 7344 7420 1249 1250
9330 5 2 2 8 892 893 5825 5749 1238 1239 7421 7345
9331 5 2 2 8 5749 5825 5826 5750 7345 7421 7422 7346
9332 5 2 2 8 5750 5826 5827 5751 7346 7422 7423 7347
9333 5 2 2 8 5751 5827 5828 5752 7347 7423 7424 7348
9334 5 2 2 8 5752 5828 5829 5753 7348 7424 7425 7349
9335 5 2 2 8 5753 5829 5830 5754 7349 7425 7426 7350
9336 5 2 2 8 5754 5830 5831 5755 7350 7426 7427 7351
9337 5 2 2 8 5755 5831 5832 5756 7351 7427 7428 7352
9338 5 2 2 8 5756 5832 5833 5757 7352 7428 7429 7353
9339 5 2 2 8 5757 5833 5834 5758 7353 7429 7430 7354
9340 5 2 2 8 5758 5834 5835 5759 7354 7430 7431 7355
9341 5 2 2 8 5759 5835 5836 5760 7355 7431 7432 7356
9342 5 2 2 8 5760 5836 5837 5761 7356 7432 7433 7357
9343 5 2 2 8 5761 5837 5838 5762 7357 7433 7434 7358
9344 5 2 2 8 5762 5838 5839 5763 7358 7434 7435 7359
9345 5 2 2 8 5763 5839 5840 5764 7359 7435 7436 7360
9346 5 2 2 8 5764 5840 5841 5765 7360 7436 7437 7361
9347 5 2 2 8 5765 5841 5842 5766 7361 7437 7438 7362
9348 5 2 2 8 5766 5842 5843 5767 7362 7438 7439 7363
9349 5 2 2 8 5767 5843 5844 5768 7363 7439 7440 7364
9350 5 2 2 8 5768 5844 5845 5769 7364 7440 7441 7365
9351 5 2 2 8 5769 5845 5846 5770 7365 7441 7442 7366
9352 5 2 2 8 5770 5846 5847 5771 7366 7442 7443 7367
9353 5 2 2 8 5771 5847 5848 5772 7367 7443 7444 7368
9354 5 2 2 8 5772 5848 5849 5773 7368 7444 7445 7369
9355 5 2 2 8 5773 5849 5850 5774 7369 7445 7446 7370
9356 5 2 2 8 5774 5850 5851 5775 7370 7446 7447 7371
9357 5 2 2 8 5775 5851 5852 5776 7371 7447 7448 7372
9358 5 2 2 8 5776 5852 5853 5777 7372 7448 7449 7373
9359 5 2 2 8 5777 5853 5854 5778 7373 7449 7450 7374
9360 5 2 2 8 5778 5854 5855 5779 7374 7450 7451 7375
9361 5 2 2 8 5779 5855 5856 5780 7375 7451 7452 7376
9362 5 2 2 8 5780 5856 5857 5781 7376 7452 7453 7377
9363 5 2 2 8 5781 5857 5858 5782 7377 7453 7454 7378
9364 5 2 2 8 5782 5858 5859 5783 7378 7454 7455 7379
9365 5 2 2 8 5783 5859 5860 5784 7379 7455 7456 7380
9366 5 2 2 8 5784 5860 5861 5785 7380 7456 7457 7381
9367 5 2 2 8 5785 5861 5862 5786 7381 7457 7458 7382
9368 5 2 2 8 5786 5862 5863 5787 7382 7458 7459 7383
9369 5 2 2 8 5787 5863 5864 5788 7383 7459 7460 7384
9370 5 2 2 8 5788 5864 5865 5789 7384 7460 7461 7385
9371 5 2 2 8 5789 5865 5866 5790 7385 7461 7462 7386
9372 5 2 2 8 5790 5866 5867 5791 7386 7462 7463 7387
9373 5 2 2 8 5791 5867 5868 5792 7387 7463 7464 7388
9374 5 2 2 8 5792 5868 5869 5793 7388 7464 7465 7389
9375 5 2 2 8 5793 5869 5870 5794 7389 7465 7466 7390
9376 5 2 2 8 5794 5870 5871 5795 7390 7466 7467 7391
9377 5 2 2 8 5795 5871 5872 5796 7391 7467 7468 7392
9378 5 2 2 8 5796 5872 5873 5797 7392 7468 7469 7393
9379 5 2 2 8 5797 5873 5874 5798 7393 7469 7470 7394
9380 5 2 2 8 5798 5874 5875 5799 7394 7470 7471 7395
9381 5 2 2 8 5799 5875 5876 5800 7395 7471 7472 7396
9382 5 2 2 8 5800 5876 5877 5801 7396 7472 7473 7397
9383 5 2 2 8 5801 5877 5878 5802 7397 7473 7474 7398
9384 5 2 2 8 5802 5878 5879 5803 7398 7474 7475 7399
9385 5 2 2 8 5803 5879 5880 5804 7399 7475 7476 7400
9386 5 2 2 8 5804 5880 5881 5805 7400 7476 7477 7401
9387 5 2 2 8 5805 5881 5882 5806 7401 7477 7478 7402
9388 5 2 2 8 5806 5882 5883 5807 7402 7478 7479 7403
9389 5 2 2 8 5807 5883 5884 5808 7403 7479 7480 7404
9390 5 2 2 8 5808 5884 5885 5809 7404 7480 7481 7405
9391 5 2 2 8 5809 5885 5886 5810 7405 7481 7482 7406
9392 5 2 2 8 5810 5886 5887 5811 7406 7482 7483 7407
9393 5 2 2 8 5811 5887 5888 5812 7407 7483 7484 7408
9394 5 2 2 8 5812 5888 5889 5813 7408 7484 7485 7409
9395 5 2 2 8 5813 5889 5890 5814 7409 7485 7486 7410
9396 5 2 2 8 5814 5890 5891 5815 7410 7486 7487 7411
9397 5 2 2 8 5815 5891 5892 5816 7411 7487 7488 7412
9398 5 2 2 8 5816 5892 5893 5817 7412 7488 7489 7413
9399 5 2 2 8 5817 5893 5894 5818 7413 7489 7490 7414
9400 5 2 2 8 5818 5894 5895 5819 7414 7490 7491 7415
9401 5 2 2 8 5819 5895 5896 5820 7415 7491 7492 7416
9402 5 2 2 8 5820 5896 5897 5821 7416 7492 7493 7417
9403 5 2 2 8 5821 5897 5898 5822 7417 7493 7494 7418
9404 5 2 2 8 5822 5898 5899 5823 7418 7494 7495 7419
9405 5 2 2 8 5823 5899 5900 5824 7419 7495 7496 7420
9406 5 2 2 8 5824 5900 902 903 7420 7496 1248 1249
9407 5 2 2 8 893 894 5901 5825 1239 1240 7497 7421
9408 5 2 2 8 5825 5901 5902 5826 7421 7497 7498 7422
9409 5 2 2 8 5826 5902 5903 5827 7422 7498 7499 7423
9410 5 2 2 8 5827 5903 5904 5828 7423 7499 7500 7424
9411 5 2 2 8 5828 5904 5905 5829 7424 7500 7501 7425
9412 5 2 2 8 5829 5905 5906 5830 7425 7501 7502 7426
9413 5 2 2 8 5830 5906 5907 5831 7426 7502 7503 7427
9414 5 2 2 8 5831 5907 5908 5832 7427 7503 7504 7428
9415 5 2 2 8 5832 5908 5909 5833 7428 7504 7505 7429
9416 5 2 2 8 5833 5909 5910 5834 7429 7505 7506 7430
9417 5 2 2 8 5834 5910 5911 5835 7430 7506 7507 7431
9418 5 2 2 8 5835 5911 5912 5836 7431 7507 7508 7432
9419 5 2 2 8 5836 5912 5913 5837 7432 7508 7509 7433
9420 5 2 2 8 5837 5913 5914 5838 7433 7509 7510 7434
9421 5 2 2 8 5838 5914 5915 5839 7434 7510 7511 7435
9422 5 2 2 8 5839 5915 5916 5840 7435 7511 7512 7436
9423 5 2 2 8 5840 5916 5917 5841 7436 7512 7513 7437
9424 5 2 2 8 5841 5917 5918 5842 7437 7513 7514 7438
9425 5 2 2 8 5842 5918 5919 5843 7438 7514 7515 7439
9426 5 2 2 8 5843 5919 5920 5844 7439 7515 7516 7440
9427 5 2 2 8 5844 5920 5921 5845 7440 7516 7517 7441
9428 5 2 2 8 5845 5921 5922 5846 7441 7517 7518 7442
9429 5 2 2 8 5846 5922 5923 5847 7442 7518 7519 7443
9430 5 2 2 8 5847 5923 5924 5848 7443 7519 7520 7444
9431 5 2 2 8 5848 5924 5925 5849 7444 7520 7521 7445
9432 5 2 2 8 5849 5925 5926 5850 7445 7521 7522 7446
9433 5 2 2 8 5850 5926 5927 5851 7446 7522 7523 7447
9434 5 2 2 8 5851 5927 5928 5852 7447 7523 7524 7448
9435 5 2 2 8 5852 5928 5929 5853 7448 7524 7525 7449
9436 5 2 2 8 5853 5929 5930 5854 7449 7525 7526 7450
9437 5 2 2 8 5854 5930 5931 5855 7450 7526 7527 7451
9438 5 2 2 8 5855 5931 5932 5856 7451 7527 7528 7452
9439 5 2 2 8 5856 5932 5933 5857 7452 7528 7529 7453
9440 5 2 2 8 5857 5933 5934 5858 7453 7529 7530 7454
9441 5 2 2 8 5858 5934 5935 5859 7454 7530 7531 7455
9442 5 2 2 8 5859 5935 5936 5860 7455 7531 7532 7456
9443 5 2 2 8 5860 5936 5937 5861 7456 7532 7533 7457
9444 5 2 2 8 5861 5937 5938 5862 7457 7533 7534 7458
9445 5 2 2 8 5862 5938 5939 5863 7458 7534 7535 7459
9446 5 2 2 8 5863 5939 5940 5864 7459 7535 7536 7460
9447 5 2 2 8 5864 5940 5941 5865 7460 7536 7537 7461
9448 5 2 2 8 5865 5941 5942 5866 7461 7537 7538 7462
9449 5 2 2 8 5866 5942 5943 5867 7462 7538 7539 7463
9450 5 2 2 8 5867 5943 5944 5868 7463 7539 7540 7464
9451 5 2 2 8 5868 5944 5945 5869 7464 7540 7541 7465
9452 5 2 2 8 5869 5945 5946 5870 7465 7541 7542 7466
9453 5 2 2 8 5870 5946 5947 5871 7466 7542 7543 7467
9454 5 2 2 8 5871 5947 5948 5872 7467 7543 7544 7468
9455 5 2 2 8 5872 5948 5949 5873 7468 7544 7545 7469
9456 5 2 2 8 5873 5949 5950 5874 7469 7545 7546 7470
9457 5 2 2 8 5874 5950 5951 5875 7470 7546 7547 7471
9458 5 2 2 8 5875 5951 5952 5876 7471 7547 7548 7472
9459 5 2 2 8 5876 5952 5953 5877 7472 7548 7549 7473
9460 5 2 2 8 5877 5953 5954 5878 7473 7549 7550 7474
9461 5 2 2 8 5878 5954 5955 5879 7474 7550 7551 7475
9462 5 2 2 8 5879 5955 5956 5880 7475 7551 7552 7476
9463 5 2 2 8 5880 5956 5957 5881 7476 7552 7553 7477
9464 5 2 2 8 5881 5957 5958 5882 7477 7553 7554 7478
9465 5 2 2 8 5882 5958 5959 5883 7478 7554 7555 7479
9466 5 2 2 8 5883 5959 5960 5884 7479 7555 7556 7480
9467 5 2 2 8 5884 5960 5961 5885 7480 7556 7557 7481
9468 5 2 2 8 5885 5961 5962 5886 7481 7557 7558 7482
9469 5 2 2 8 5886 5962 5963 5887 7482 7558 7559 7483
9470 5 2 2 8 5887 5963 5964 5888 7483 7559 7560 7484
9471 5 2 2 8 5888 5964 5965 5889 7484 7560 7561 7485
9472 5 2 2 8 5889 5965 5966 5890 7485 7561 7562 7486
9473 5 2 2 8 5890 5966 5967 5891 7486 7562 7563 7487
9474 5 2 2 8 5891 5967 5968 5892 7487 7563 7564 7488
9475 5 2 2 8 5892 5968 5969 5893 7488 7564 7565 7489
9476 5 2 2 8 5893 5969 5970 5894 7489 7565 7566 7490
9477 5 2 2 8 5894 5970 5971 5895 7490 7566 7567 7491
9478 5 2 2 8 5895 5971 5972 5896 7491 7567 7568 7492
9479 5 2 2 8 5896 5972 5973 5897 7492 7568 7569 7493
9480 5 2 2 8 5897 5973 5974 5898 7493 7569 7570 7494
9481 5 2 2 8 5898 5974 5975 5899 7494 7570 7571 7495
9482 5 2 2 8 5899 5975 5976 5900 7495 7571 7572 7496
9483 5 2 2 8 5900 5976 901 902 7496 7572 1247 1248
9484 5 2 2 8 894 895 5977 5901 1240 1241 7573 7497
9485 5 2 2 8 5901 5977 5978 5902 7497 7573 7574 7498
9486 5 2 2 8 5902 5978 5979 5903 7498 7574 7575 7499
9487 5 2 2 8 5903 5979 5980 5904 7499 7575 7576 7500
9488 5 2 2 8 5904 5980 5981 5905 7500 7576 7577 7501
9489 5 2 2 8 5905 5981 5982 5906 7501 7577 7578 7502
9490 5 2 2 8 5906 5982 5983 5907 7502 7578 7579 7503
9491 5 2 2 8 5907 5983 5984 5908 7503 7579 7580 7504
9492 5 2 2 8 5908 5984 5985 5909 7504 7580 7581 7505
9493 5 2 2 8 5909 5985 5986 5910 7505 7581 7582 7506
9494 5 2 2 8 5910 5986 5987 5911 7506 7582 7583 7507
9495 5 2 2 8 5911 5987 5988 5912 7507 7583 7584 7508
9496 5 2 2 8 5912 5988 5989 5913 7508 7584 7585 7509
9497 5 2 2 8 5913 5989 5990 5914 7509 7585 7586 7510
9498 5 2 2 8 5914 5990 5991 5915 7510 7586 7587 7511
9499 5 2 2 8 5915 5991 5992 5916 7511 7587 7588 7512
9500 5 2 2 8 5916 5992 5993 5917 7512 7588 7589 7513
9501 5 2 2 8 5917 5993 5994 5918 7513 7589 7590 7514
9502 5 2 2 8 5918 5994 5995 5919 7514 7590 7591 7515
9503 5 2 2 8 5919 5995 5996 5920 7515 7591 7592 7516
9504 5 2 2 8 5920 5996 5997 5921 7516 7592 7593 7517
9505 5 2 2 8 5921 5997 5998 5922 7517 7593 7594 7518
9506 5 2 2 8 5922 5998 5999 5923 7518 7594 7595 7519
9507 5 2 2 8 5923 5999 6000 5924 7519 7595 7596 7520
9508 5 2 2 8 5924 6000 6001 5925 7520 7596 7597 7521
9509 5 2 2 8 5925 6001 6002 5926 7521 7597 7598 7522
9510 5 2 2 8 5926 6002 6003 5927 7522 7598 7599 7523
9511 5 2 2 8 5927 6003 6004 5928 7523 7599 7600 7524
9512 5 2 2 8 5928 6004 6005 5929 7524 7600 7601 7525
9513 5 2 2 8 5929 6005 6006 5930 7525 7601 7602 7526
9514 5 2 2 8 5930 6006 6007 5931 7526 7602 7603 7527
9515 5 2 2 8 5931 6007 6008 5932 7527 7603 7604 7528
9516 5 2 2 8 5932 6008 6009 5933 7528 7604 7605 7529
9517 5 2 2 8 5933 6009 6010 5934 7529 7605 7606 7530
9518 5 2 2 8 5934 6010 6011 5935 7530 7606 7607 7531
9519 5 2 2 8 5935 6011 6012 5936 7531 7607 7608 7532
9520 5 2 2 8 5936 6012 6013 5937 7532 7608 7609 7533
9521 5 2 2 8 5937 6013 6014 5938 7533 7609 7610 7534
9522 5 2 2 8 5938 6014 6015 5939 7534 7610 7611 7535
9523 5 2 2 8 5939 6015 6016 5940 7535 7611 7612 7536
9524 5 2 2 8 5940 6016 6017 5941 7536 7612 7613 7537
9525 5 2 2 8 5941 6017 6018 5942 7537 7613 7614 7538
9526 5 2 2 8 5942 6018 6019 5943 7538 7614 7615 7539
9527 5 2 2 8 5943 6019 6020 5944 7539 7615 7616 7540
9528 5 2 2 8 5944 6020 6021 5945 7540 7616 7617 7541
9529 5 2 2 8 5945 6021 6022 5946 7541 7617 7618 7542
9530 5 2 2 8 5946 6022 6023 5947 7542 7618 7619 7543
9531 5 2 2 8 5947 6023 6024 5948 7543 7619 7620 7544
9532 5 2 2 8 5948 6024 6025 5949 7544 7620 7621 7545
9533 5 2 2 8 5949 6025 6026 5950 7545 7621 7622 7546
9534 5 2 2 8 5950 6026 6027 5951 7546 7622 7623 7547
9535 5 2 2 8 5951 6027 6028 5952 7547 7623 7624 7548
9536 5 2 2 8 5952 6028 6029 5953 7548 7624 7625 7549
9537 5 2 2 8 5953 6029 6030 5954 7549 7625 7626 7550
9538 5 2 2 8 5954 6030 6031 5955 7550 7626 7627 7551
9539 5 2 2 8 5955 6031 6032 5956 7551 7627 7628 7552
9540 5 2 2 8 5956 6032 6033 5957 7552 7628 7629 7553
9541 5 2 2 8 5957 6033 6034 5958 7553 7629 7630 7554
9542 5 2 2 8 5958 6034 6035 5959 7554 7630 7631 7555
9543 5 2 2 8 5959 6035 6036 5960 7555 7631 7632 7556
9544 5 2 2 8 5960 6036 6037 5961 7556 7632 7633 7557
9545 5 2 2 8 5961 6037 6038 5962 7557 7633 7634 7558
9546 5 2 2 8 5962 6038 6039 5963 7558 7634 7635 7559
9547 5 2 2 8 5963 6039 6040 5964 7559 7635 7636 7560
9548 5 2 2 8 5964 6040 6041 5965 7560 7636 7637 7561
9549 5 2 2 8 5965 6041 6042 5966 7561 7637 7638 7562
9550 5 2 2 8 5966 6042 6043 5967 7562 7638 7639 7563
9551 5 2 2 8 5967 6043 6044 5968 7563 7639 7640 7564
9552 5 2 2 8 5968 6044 6045 5969 7564 7640 7641 7565
9553 5 2 2 8 5969 6045 6046 5970 7565 7641 7642 7566
9554 5 2 2 8 5970 6046 6047 5971 7566 7642 7643 7567
9555 5 2 2 8 5971 6047 6048 5972 7567 7643 7644 7568
9556 5 2 2 8 5972 6048 6049 5973 7568 7644 7645 7569
9557 5 2 2 8 5973 6049 6050 5974 7569 7645 7646 7570
9558 5 2 2 8 5974 6050 6051 5975 7570 7646 7647 7571
9559 5 2 2 8 5975 6051 6052 5976 7571 7647 7648 7572
9560 5 2 2 8 5976 6052 900 901 7572 7648 1246 1247
9561 5 2 2 8 895 896 6053 5977 1241 1242 7649 7573
9562 5 2 2 8 5977 6053 6054 5978 7573 7649 7650 7574
9563 5 2 2 8 5978 6054 6055 5979 7574 7650 7651 7575
9564 5 2 2 8 5979 6055 6056 5980 7575 7651 7652 7576
9565 5 2 2 8 5980 6056 6057 5981 7576 7652 7653 7577
9566 5 2 2 8 5981 6057 6058 5982 7577 7653 7654 7578
9567 5 2 2 8 5982 6058 6059 5983 7578 7654 7655 7579
9568 5 2 2 8 5983 6059 6060 5984 7579 7655 7656 7580
9569 5 2 2 8 5984 6060 6061 5985 7580 7656 7657 7581
9570 5 2 2 8 5985 6061 6062 5986 7581 7657 7658 7582
9571 5 2 2 8 5986 6062 6063 5987 7582 7658 7659 7583
9572 5 2 2 8 5987 6063 6064 5988 7583 7659 7660 7584
9573 5 2 2 8 5988 6064 6065 5989 7584 7660 7661 7585
9574 5 2 2 8 5989 6065 6066 5990 7585 7661 7662 7586
9575 5 2 2 8 5990 6066 6067 5991 7586 7662 7663 7587
9576 5 2 2 8 5991 6067 6068 5992 7587 7663 7664 7588
9577 5 2 2 8 5992 6068 6069 5993 7588 7664 7665 7589
9578 5 2 2 8 5993 6069 6070 5994 7589 7665 7666 7590
9579 5 2 2 8 5994 6070 6071 5995 7590 7666 7667 7591
9580 5 2 2 8 5995 6071 6072 5996 7591 7667 7668 7592
9581 5 2 2 8 5996 6072 6073 5997 7592 7668 7669 7593
9582 5 2 2 8 5997 6073 6074 5998 7593 7669 7670 7594
9583 5 2 2 8 5998 6074 6075 5999 7594 7670 7671 7595
9584 5 2 2 8 5999 6075 6076 6000 7595 7671 7672 7596
9585 5 2 2 8 6000 6076 6077 6001 7596 7672 7673 7597
9586 5 2 2 8 6001 6077 6078 6002 7597 7673 7674 7598
9587 5 2 2 8 6002 6078 6079 6003 7598 7674 7675 7599
9588 5 2 2 8 6003 6079 6080 6004 7599 7675 7676 7600
9589 5 2 2 8 6004 6080 6081 6005 7600 7676 7677 7601
9590 5 2 2 8 6005 6081 6082 6006 7601 7677 7678 7602
9591 5 2 2 8 6006 6082 6083 6007 7602 7678 7679 7603
9592 5 2 2 8 6007 6083 6084 6008 7603 7679 7680 7604
9593 5 2 2 8 6008 6084 6085 6009 7604 7680 7681 7605
9594 5 2 2 8 6009 6085 6086 6010 7605 7681 7682 7606
9595 5 2 2 8 6010 6086 6087 6011 7606 7682 7683 7607
9596 5 2 2 8 6011 6087 6088 6012 7607 7683 7684 7608
9597 5 2 2 8 6012 6088 6089 6013 7608 7684 7685 7609
9598 5 2 2 8 6013 6089 6090 6014 7609 7685 7686 7610
9599 5 2 2 8 6014 6090 6091 6015 7610 7686 7687 7611
9600 5 2 2 8 6015 6091 6092 6016 7611 7687 7688 7612
9601 5 2 2 8 6016 6092 6093 6017 7612 7688 7689 7613
9602 5 2 2 8 6017 6093 6094 6018 7613 7689 7690 7614
9603 5 2 2 8 6018 6094 6095 6019 7614 7690 7691 7615
9604 5 2 2 8 6019 6095 6096 6020 7615 7691 7692 7616
9605 5 2 2 8 6020 6096 6097 6021 7616 7692 7693 7617
9606 5 2 2 8 6021 6097 6098 6022 7617 7693 7694 7618
9607 5 2 2 8 6022 6098 6099 6023 7618 7694 7695 7619
9608 5 2 2 8 6023 6099 6100 6024 7619 7695 7696 7620
9609 5 2 2 8 6024 6100 6101 6025 7620 7696 7697 7621
9610 5 2 2 8 6025 6101 6102 6026 7621 7697 7698 7622
9611 5 2 2 8 6026 6102 6103 6027 7622 7698 7699 7623
9612 5 2 2 8 6027 6103 6104 6028 7623 7699 7700 7624
9613 5 2 2 8 6028 6104 6105 6029 7624 7700 7701 7625
9614 5 2 2 8 6029 6105 6106 6030 7625 7701 7702 7626
9615 5 2 2 8 6030 6106 6107 6031 7626 7702 7703 7627
9616 5 2 2 8 6031 6107 6108 6032 7627 7703 7704 7628
9617 5 2 2 8 6032 6108 6109 6033 7628 7704 7705 7629
9618 5 2 2 8 6033 6109 6110 6034 7629 7705 7706 7630
9619 5 2 2 8 6034 6110 6111 6035 7630 7706 7707 7631
9620 5 2 2 8 6035 6111 6112 6036 7631 7707 7708 7632
9621 5 2 2 8 6036 6112 6113 6037 7632 7708 7709 7633
9622 5 2 2 8 6037 6113 6114 6038 7633 7709 7710 7634
9623 5 2 2 8 6038 6114 6115 6039 7634 7710 7711 7635
9624 5 2 2 8 6039 6115 6116 6040 7635 7711 7712 7636
9625 5 2 2 8 6040 6116 6117 6041 7636 7712 7713 7637
9626 5 2 2 8 6041 6117 6118 6042 7637 7713 7714 7638
9627 5 2 2 8 6042 6118 6119 6043 7638 7714 7715 7639
9628 5 2 2 8 6043 6119 6120 6044 7639 7715 7716 7640
9629 5 2 2 8 6044 6120 6121 6045 7640 7716 7717 7641
9630 5 2 2 8 6045 6121 6122 6046 7641 7717 7718 7642
9631 5 2 2 8 6046 6122 6123 6047 7642 7718 7719 7643
9632 5 2 2 8 6047 6123 6124 6048 7643 7719 7720 7644
9633 5 2 2 8 6048 6124 6125 6049 7644 7720 7721 7645
9634 5 2 2 8 6049 6125 6126 6050 7645 7721 7722 7646
9635 5 2 2 8 6050 6126 6127 6051 7646 7722 7723 7647
9636 5 2 2 8 6051 6127 6128 6052 7647 7723 7724 7648
9637 5 2 2 8 6052 6128 899 900 7648 7724 1245 1246
9638 5 2 2 8 896 897 6129 6053 1242 1243 7725 7649
9639 5 2 2 8 6053 6129 6130 6054 7649 7725 7726 7650
9640 5 2 2 8 6054 6130 6131 6055 7650 7726 7727 7651
9641 5 2 2 8 6055 6131 6132 6056 7651 7727 7728 7652
9642 5 2 2 8 6056 6132 6133 6057 7652 7728 7729 7653
9643 5 2 2 8 6057 6133 6134 6058 7653 7729 7730 7654
9644 5 2 2 8 6058 6134 6135 6059 7654 7730 7731 7655
9645 5 2 2 8 6059 6135 6136 6060 7655 7731 7732 7656
9646 5 2 2 8 6060 6136 6137 6061 7656 7732 7733 7657
9647 5 2 2 8 6061 6137 6138 6062 7657 7733 7734 7658
9648 5 2 2 8 6062 6138 6139 6063 7658 7734 7735 7659
9649 5 2 2 8 6063 6139 6140 6064 7659 7735 7736 7660
9650 5 2 2 8 6064 6140 6141 6065 7660 7736 7737 7661
9651 5 2 2 8 6065 6141 6142 6066 7661 7737 7738 7662
9652 5 2 2 8 6066 6142 6143 6067 7662 7738 7739 7663
9653 5 2 2 8 6067 6143 6144 6068 7663 7739 7740 7664
9654 5 2 2 8 6068 6144 6145 6069 7664 7740 7741 7665
9655 5 2 2 8 6069 6145 6146 6070 7665 7741 7742 7666
9656 5 2 2 8 6070 6146 6147 6071 7666 7742 7743 7667
9657 5 2 2 8 6071 6147 6148 6072 7667 7743 7744 7668
9658 5 2 2 8 6072 6148 6149 6073 7668 7744 7745 7669
9659 5 2 2 8 6073 6149 6150 6074 7669 7745 7746 7670
9660 5 2 2 8 6074 6150 6151 6075 7670 7746 7747 7671
9661 5 2 2 8 6075 6151 6152 6076 7671 7747 7748 7672
9662 5 2 2 8 6076 6152 6153 6077 7672 7748 7749 7673
9663 5 2 2 8 6077 6153 6154 6078 7673 7749 7750 7674
9664 5 2 2 8 6078 6154 6155 6079 7674 7750 7751 7675
9665 5 2 2 8 6079 6155 6156 6080 7675 7751 7752 7676
9666 5 2 2 8 6080 6156 6157 6081 7676 7752 7753 7677
9667 5 2 2 8 6081 6157 6158 6082 7677 7753 7754 7678
9668 5 2 2 8 6082 6158 6159 6083 7678 7754 7755 7679
9669 5 2 2 8 6083 6159 6160 6084 7679 7755 7756 7680
9670 5 2 2 8 6084 6160 6161 6085 7680 7756 7757 7681
9671 5 2 2 8 6085 6161 6162 6086 7681 7757 7758 7682
9672 5 2 2 8 6086 6162 6163 6087 7682 7758 7759 7683
9673 5 2 2 8 6087 6163 6164 6088 7683 7759 7760 7684
9674 5 2 2 8 6088 6164 6165 6089 7684 7760 7761 7685
9675 5 2 2 8 6089 6165 6166 6090 7685 7761 7762 7686
9676 5 2 2 8 6090 6166 6167 6091 7686 7762 7763 7687
9677 5 2 2 8 6091 6167 6168 6092 7687 7763 7764 7688
9678 5 2 2 8 6092 6168 6169 6093 7688 7764 7765 7689
9679 5 2 2 8 6093 6169 6170 6094 7689 7765 7766 7690
9680 5 2 2 8 6094 6170 6171 6095 7690 7766 7767 7691
9681 5 2 2 8 6095 6171 6172 6096 7691 7767 7768 7692
9682 5 2 2 8 6096 6172 6173 6097 7692 7768 7769 7693
9683 5 2 2 8 6097 6173 6174 6098 7693 7769 7770 7694
9684 5 2 2 8 6098 6174 6175 6099 7694 7770 7771 7695
9685 5 2 2 8 6099 6175 6176 6100 7695 7771 7772 7696
9686 5 2 2 8 6100 6176 6177 6101 7696 7772 7773 7697
9687 5 2 2 8 6101 6177 6178 6102 7697 7773 7774 7698
9688 5 2 2 8 6102 6178 6179 6103 7698 7774 7775 7699
9689 5 2 2 8 6103 6179 6180 6104 7699 7775 7776 7700
9690 5 2 2 8 6104 6180 6181 6105 7700 7776 7777 7701
9691 5 2 2 8 6105 6181 6182 6106 7701 7777 7778 7702
9692 5 2 2 8 6106 6182 6183 6107 7702 7778 7779 7703
9693 5 2 2 8 6107 6183 6184 6108 7703 7779 7780 7704
9694 5 2 2 8 6108 6184 6185 6109 7704 7780 7781 7705
9695 5 2 2 8 6109 6185 6186 6110 7705 7781 7782 7706
9696 5 2 2 8 6110 6186 6187 6111 7706 7782 7783 7707
9697 5 2 2 8 6111 6187 6188 6112 7707 7783 7784 7708
9698 5 2 2 8 6112 6188 6189 6113 7708 7784 7785 7709
9699 5 2 2 8 6113 6189 6190 6114 7709 7785 7786 7710
9700 5 2 2 8 6114 6190 6191 6115 7710 7786 7787 7711
9701 5 2 2 8 6115 6191 6192 6116 7711 7787 7788 7712
9702 5 2 2 8 6116 6192 6193 6117 7712 7788 7789 7713
9703 5 2 2 8 6117 6193 6194 6118 7713 7789 7790 7714
9704 5 2 2 8 6118 6194 6195 6119 7714 7790 7791 7715
9705 5 2 2 8 6119 6195 6196 6120 7715 7791 7792 7716
9706 5 2 2 8 6120 6196 6197 6121 7716 7792 7793 7717
9707 5 2 2 8 6121 6197 6198 6122 7717 7793 7794 7718
9708 5 2 2 8 6122 6198 6199 6123 7718 7794 7795 7719
9709 5 2 2 8 6123 6199 6200 6124 7719 7795 7796 7720
9710 5 2 2 8 6124 6200 6201 6125 7720 7796 7797 7721
9711 5 2 2 8 6125 6201 6202 6126 7721 7797 7798 7722
9712 5 2 2 8 6126 6202 6203 6127 7722 7798 7799 7723
9713 5 2 2 8 6127 6203 6204 6128 7723 7799 7800 7724
9714 5 2 2 8 6128 6204 898 899 7724 7800 1244 1245
9715 5 2 2 8 897 20 876 6129 1243 28 1222 7725
9716 5 2 2 8 6129 876 875 6130 7725 1222 1221 7726
9717 5 2 2 8 6130 875 874 6131 7726 1221 1220 7727
9718 5 2 2 8 6131 874 873 6132 7727 1220 1219 7728
9719 5 2 2 8 6132 873 872 6133 7728 1219 1218 7729
9720 5 2 2 8 6133 872 871 6134 7729 1218 1217 7730
9721 5 2 2 8 6134 871 870 6135 7730 1217 1216 7731
9722 5 2 2 8 6135 870 869 6136 7731 1216 1215 7732
9723 5 2 2 8 6136 869 868 6137 7732 1215 1214 7733
9724 5 2 2 8 6137 868 867 6138 7733 1214 1213 7734
9725 5 2 2 8 6138 867 866 6139 7734 1213 1212 7735
9726 5 2 2 8 6139 866 865 6140 7735 1212 1211 7736
9727 5 2 2 8 6140 865 864 6141 7736 1211 1210 7737
9728 5 2 2 8 6141 864 863 6142 7737 1210 1209 7738
9729 5 2 2 8 6142 863 862 6143 7738 1209 1208 7739
9730 5 2 2 8 6143 862 861 6144 7739 1208 1207 7740
9731 5 2 2 8 6144 861 860 6145 7740 1207 1206 7741
9732 5 2 2 8 6145 860 859 6146 7741 1206 1205 7742
9733 5 2 2 8 6146 859 858 6147 7742 1205 1204 7743
9734 5 2 2 8 6147 858 857 6148 7743 1204 1203 7744
9735 5 2 2 8 6148 857 856 6149 7744 1203 1202 7745
9736 5 2 2 8 6149 856 855 6150 7745 1202 1201 7746
9737 5 2 2 8 6150 855 854 6151 7746 1201 1200 7747
9738 5 2 2 8 6151 854 853 6152 7747 1200 1199 7748
9739 5 2 2 8 6152 853 852 6153 7748 1199 1198 7749
9740 5 2 2 8 6153 852 851 6154 7749 1198 1197 7750
9741 5 2 2 8 6154 851 850 6155 7750 1197 1196 7751
9742 5 2 2 8 6155 850 849 6156 7751 1196 1195 7752
9743 5 2 2 8 6156 849 848 6157 7752 1195 1194 7753
9744 5 2 2 8 6157 848 847 6158 7753 1194 1193 7754
9745 5 2 2 8 6158 847 846 6159 7754 1193 1192 7755
9746 5 2 2 8 6159 846 845 6160 7755 1192 1191 7756
9747 5 2 2 8 6160 845 844 6161 7756 1191 1190 7757
9748 5 2 2 8 6161 844 843 6162 7757 1190 1189 7758
9749 5 2 2 8 6162 843 842 6163 7758 1189 1188 7759
9750 5 2 2 8 6163 842 841 6164 7759 1188 1187 7760
9751 5 2 2 8 6164 841 840 6165 7760 1187 1186 7761
9752 5 2 2 8 6165 840 839 6166 7761 1186 1185 7762
9753 5 2 2 8 6166 839 838 6167 7762 1185 1184 7763
9754 5 2 2 8 6167 838 837 6168 7763 1184 1183 7764
9755 5 2 2 8 6168 837 836 6169 7764 1183 1182 7765
9756 5 2 2 8 6169 836 835 6170 7765 1182 1181 7766
9757 5 2 2 8 6170 835 834 6171 7766 1181 1180 7767
9758 5 2 2 8 6171 834 833 6172 7767 1180 1179 7768
9759 5 2 2 8 6172 833 832 6173 7768 1179 1178 7769
9760 5 2 2 8 6173 832 831 6174 7769 1178 1177 7770
9761 5 2 2 8 6174 831 830 6175 7770 1177 1176 7771
9762 5 2 2 8 6175 830 829 6176 7771 1176 1175 7772
9763 5 2 2 8 6176 829 828 6177 7772 1175 1174 7773
9764 5 2 2 8 6177 828 827 6178 7773 1174 1173 7774
9765 5 2 2 8 6178 827 826 6179 7774 1173 1172 7775
9766 5 2 2 8 6179 826 825 6180 7775 1172 1171 7776
9767 5 2 2 8 6180 825 824 6181 7776 1171 1170 7777
9768 5 2 2 8 6181 824 823 6182 7777 1170 1169 7778
9769 5 2 2 8 6182 823 822 6183 7778 1169 1168 7779
9770 5 2 2 8 6183 822 821 6184 7779 1168 1167 7780
9771 5 2 2 8 6184 821 820 6185 7780 1167 1166 7781
9772 5 2 2 8 6185 820 819 6186 7781 1166 1165 7782
9773 5 2 2 8 6186 819 818 6187 7782 1165 1164 7783
9774 5 2 2 8 6187 818 817 6188 7783 1164 1163 7784
9775 5 2 2 8 6188 817 816 6189 7784 1163 1162 7785
9776 5 2 2 8 6189 816 815 6190 7785 1162 1161 7786
9777 5 2 2 8 6190 815 814 6191 7786 1161 1160 7787
9778 5 2 2 8 6191 814 813 6192 7787 1160 1159 7788
9779 5 2 2 8 6192 813 812 6193 7788 1159 1158 7789
9780 5 2 2 8 6193 812 811 6194 7789 1158 1157 7790
9781 5 2 2 8 6194 811 810 6195 7790 1157 1156 7791
9782 5 2 2 8 6195 810 809 6196 7791 1156 1155 7792
9783 5 2 2 8 6196 809 808 6197 7792 1155 1154 7793
9784 5 2 2 8 6197 808 807 6198 7793 1154 1153 7794
9785 5 2 2 8 6198 807 806 6199 7794 1153 1152 7795
9786 5 2 2 8 6199 806 805 6200 7795 1152 1151 7796
9787 5 2 2 8 6200 805 804 6201 7796 1151 1150 7797
9788 5 2 2 8 6201 804 803 6202 7797 1150 1149 7798
9789 5 2 2 8 6202 803 802 6203 7798 1149 1148 7799
9790 5 2 2 8 6203 802 801 6204 7799 1148 1147 7800
9791 5 2 2 8 6204 801 19 898 7800 1147 27 1244
9792 5 2 2 9 23 21 994 1070 31 29 1340 1416
9793 5 2 2 9 1070 994 993 1069 1416 1340 1339 1415
9794 5 2 2 9 1069 993 992 1068 1415 1339 1338 1414
9795 5 2 2 9 1068 992 991 1067 1414 1338 1337 1413
9796 5 2 2 9 1067 991 990 1066 1413 1337 1336 1412
9797 5 2 2 9 1066 990 989 1065 1412 1336 1335 1411
9798 5 2 2 9 1065 989 988 1064 1411 1335 1334 1410
9799 5 2 2 9 1064 988 987 1063 1410 1334 1333 1409
9800 5 2 2 9 1063 987 986 1062 1409 1333 1332 1408
9801 5 2 2 9 1062 986 985 1061 1408 1332 1331 1407
9802 5 2 2 9 1061 985 984 1060 1407 1331 1330 1406
9803 5 2 2 9 1060 984 983 1059 1406 1330 1329 1405
9804 5 2 2 9 1059 983 982 1058 1405 1329 1328 1404
9805 5 2 2 9 1058 982 981 1057 1404 1328 1327 1403
9806 5 2 2 9 1057 981 980 1056 1403 1327 1326 1402
9807 5 2 2 9 1056 980 979 1055 1402 1326 1325 1401
9808 5 2 2 9 1055 979 978 1054 1401 1325 1324 1400
9809 5 2 2 9 1054 978 977 1053 1400 1324 1323 1399
9810 5 2 2 9 1053 977 976 1052 1399 1323 1322 1398
9811 5 2 2 9 1052 976 975 1051 1398 1322 1321 1397
9812 5 2 2 9 1051 975 974 1050 1397 1321 1320 1396
9813 5 2 2 9 1050 974 973 1049 1396 1320 1319 1395
9814 5 2 2 9 1049 973 972 1048 1395 1319 1318 1394
9815 5 2 2 9 1048 972 971 1047 1394 1318 1317 1393
9816 5 2 2 9 1047 971 970 1046 1393 1317 1316 1392
9817 5 2 2 9 1046 970 969 1045 1392 1316 1315 1391
9818 5 2 2 9 1045 969 968 1044 1391 1315 1314 1390
9819 5 2 2 9 1044 968 967 1043 1390 1314 1313 1389
9820 5 2 2 9 1043 967 966 1042 1389 1313 1312 1388
9821 5 2 2 9 1042 966 965 1041 1388 1312 1311 1387
9822 5 2 2 9 1041 965 964 1040 1387 1311 1310 1386
9823 5 2 2 9 1040 964 963 1039 1386 1310 1309 1385
9824 5 2 2 9 1039 963 962 1038 1385 1309 1308 1384
9825 5 2 2 9 1038 962 961 1037 1384 1308 1307 1383
9826 5 2 2 9 1037 961 960 1036 1383 1307 1306 1382
9827 5 2 2 9 1036 960 959 1035 1382 1306 1305 1381
9828 5 2 2 9 1035 959 958 1034 1381 1305 1304 1380
9829 5 2 2 9 1034 958 957 1033 1380 1304 1303 1379
9830 5 2 2 9 1033 957 956 1032 1379 1303 1302 1378
9831 5 2 2 9 1032 956 955 1031 1378 1302 1301 1377
9832 5 2 2 9 1031 955 954 1030 1377 1301 1300 1376
9833 5 2 2 9 1030 954 953 1029 1376 1300 1299 1375
9834 5 2 2 9 1029 953 952 1028 1375 1299 1298 1374
9835 5 2 2 9 1028 952 951 1027 1374 1298 1297 1373
9836 5 2 2 9 1027 951 950 1026 1373 1297 1296 1372
9837 5 2 2 9 1026 950 949 1025 1372 1296 1295 1371
9838 5 2 2 9 1025 949 948 1024 1371 1295 1294 1370
9839 5 2 2 9 1024 948 947 1023 1370 1294 1293 1369
9840 5 2 2 9 1023 947 946 1022 1369 1293 1292 1368
9841 5 2 2 9 1022 946 945 1021 1368 1292 1291 1367
9842 5 2 2 9 1021 945 944 1020 1367 1291 1290 1366
9843 5 2 2 9 1020 944 943 1019 1366 1290 1289 1365
9844 5 2 2 9 1019 943 942 1018 1365 1289 1288 1364
9845 5 2 2 9 1018 942 941 1017 1364 1288 1287 1363
9846 5 2 2 9 1017 941 940 1016 1363 1287 1286 1362
9847 5 2 2 9 1016 940 939 1015 1362 1286 1285 1361
9848 5 2 2 9 1015 939 938 1014 1361 1285 1284 1360
9849 5 2 2 9 1014 938 937 1013 1360 1284 1283 1359
9850 5 2 2 9 1013 937 936 1012 1359 1283 1282 1358
9851 5 2 2 9 1012 936 935 1011 1358 1282 1281 1357
9852 5 2 2 9 1011 935 934 1010 1357 1281 1280 1356
9853 5 2 2 9 1010 934 933 1009 1356 1280 1279 1355
9854 5 2 2 9 1009 933 932 1008 1355 1279 1278 1354
9855 5 2 2 9 1008 932 931 1007 1354 1278 1277 1353
9856 5 2 2 9 1007 931 930 1006 1353 1277 1276 1352
9857 5 2 2 9 1006 930 929 1005 1352 1276 1275 1351
9858 5 2 2 9 1005 929 928 1004 1351 1275 1274 1350
9859 5 2 2 9 1004 928 927 1003 1350 1274 1273 1349
9860 5 2 2 9 1003 927 926 1002 1349 1273 1272 1348
9861 5 2 2 9 1002 926 925 1001 1348 1272 1271 1347
9862 5 2 2 9 1001 925 924 1000 1347 1271 1270 1346
9863 5 2 2 9 1000 924 923 999 1346 1270 1269 1345
9864 5 2 2 9 999 923 922 998 1345 1269 1268 1344
9865 5 2 2 9 998 922 921 997 1344 1268 1267 1343
9866 5 2 2 9 997 921 920 996 1343 1267 1266 1342
9867 5 2 2 9 996 920 919 995 1342 1266 1265 1341
9868 5 2 2 9 995 919 22 24 1341 1265 30 32
$EndElements
